Id_comercio,Fecha de creacion comercio,Fecha 1ra_transaccion,Categoria comercio,Sub Categoria comercio,Ciudad,cant_terminales,Monto ventas Acumulado,Monto ventas ultimo mes,meses_antiguedad_creacion_comercio,meses_antiguedad_transacciones,transacciones_6m,meses_activos,ultima_actividad,transacciones_ultimo_mes,transacciones_por_mes_activo,recencia,M_score,F_score,R_score,RFM_score,segmento_rfm
003QDVFJCJ,2021-03-26 12:17:00,2021-03-26 12:42:00,Comercio detallista,Ropa / Accesorios,Bogotá  D.C.,1,6542000,1240000,2,2.0,30,3,2021-05-01,16,10.0,0,5,5,5,5.0,Alto valor
008LJH6YHN,2021-02-10 15:15:00,2021-02-10 15:34:00,Belleza y cuidado personal,Spa,Bogotá  D.C.,1,4380000,1102000,3,3.0,10,4,2021-05-01,2,2.5,0,4,3,5,4.0,Estándar
00B3DGV62G,2021-03-03 15:09:00,2021-03-03 15:30:00,Comercio detallista,Auto partes,Bogotá  D.C.,1,11892500,1297000,2,2.0,65,3,2021-05-01,21,21.666666666666668,0,5,5,5,5.0,Alto valor
00ILW1BB3Y,2021-03-24 12:33:00,2021-03-24 12:51:00,Comercio detallista,Tienda naturista,Bogotá  D.C.,1,372500,74500,2,2.0,8,3,2021-05-01,5,2.6666666666666665,0,2,3,5,3.3333333333333335,Estándar
01AK7UX4UU,2021-03-30 13:40:00,2021-03-30 13:52:00,Comercio detallista,Tecnología,Mosquera,1,165500,0,2,2.0,4,2,2021-04-01,0,2.0,1,2,2,4,2.6666666666666665,Nuevos o bajo desarrollo
01OB36KP84,2020-12-10 14:23:00,2020-12-10 19:57:00,Alimentos y bebidas,Restaurante / Café,Bogotá  D.C.,1,104000,25500,5,5.0,4,2,2021-05-01,1,2.0,0,1,2,5,2.6666666666666665,Nuevos o bajo desarrollo
01PFUX10Z9,2021-03-29 19:22:00,2021-03-29 20:00:00,Alimentos y bebidas,Comida rápida,Bogotá  D.C.,1,1104380,208250,2,2.0,51,3,2021-05-01,22,17.0,0,3,5,5,4.333333333333333,Estándar
024EE2F9LX,2021-03-01 13:16:00,2021-03-01 13:27:00,Comercio detallista,Auto partes,Soacha,1,2000,0,2,2.0,1,1,2021-03-01,0,1.0,2,1,1,3,1.6666666666666667,Estándar
0254G0047E,2021-03-24 13:27:00,2021-03-24 13:43:00,Comercio detallista,Óptica,Bogotá  D.C.,1,2265000,0,2,2.0,8,3,2021-05-01,2,2.6666666666666665,0,3,3,5,3.6666666666666665,Estándar
0355B2ZSMZ,2021-03-27 16:50:00,2021-03-27 17:00:00,Alimentos y bebidas,Restaurante / Café,Suaita,1,1610100,270100,2,2.0,18,3,2021-05-01,6,6.0,0,3,4,5,4.0,Estándar
04J2LSELVY,2021-03-04 15:02:00,2021-03-04 16:08:00,Transporte,Taxi,Cali,1,596000,60000,2,2.0,6,2,2021-04-01,0,3.0,1,2,2,4,2.6666666666666665,Nuevos o bajo desarrollo
04MFYD9KBY,2021-03-23 08:59:00,2021-03-23 09:11:00,Comercio detallista,Electrodomésticos,Bogotá  D.C.,1,1632300,0,2,2.0,4,3,2021-05-01,1,1.3333333333333333,0,3,2,5,3.3333333333333335,Estándar
058CLYFL10,2021-02-08 14:16:00,2021-02-08 14:40:00,Servicios,Otro,Bogotá  D.C.,1,464000,0,3,3.0,7,3,2021-05-01,2,2.3333333333333335,0,2,2,5,3.0,Nuevos o bajo desarrollo
05LBQA2VIO,2021-03-09 11:12:00,2021-03-09 11:24:00,Servicios,Logística,Bogotá  D.C.,1,3041500,571000,2,2.0,9,3,2021-05-01,3,3.0,0,4,3,5,4.0,Estándar
06QX4IFQGD,2021-03-04 13:17:00,2021-03-04 13:50:00,Transporte,Taxi,Cali,1,1000,0,2,2.0,1,1,2021-03-01,0,1.0,2,1,1,3,1.6666666666666667,Estándar
0773NFXBJD,2021-02-09 15:01:00,2021-02-09 15:10:00,Comercio detallista,Ropa / Accesorios,Soacha,1,2000,0,3,3.0,1,1,2021-02-01,0,1.0,3,1,1,2,1.3333333333333333,Baja actividad
08GD0QW9SY,2021-02-02 12:05:00,2021-02-02 12:22:00,Servicios,Otro,Bogotá  D.C.,1,85000,0,3,3.0,2,1,2021-02-01,0,2.0,3,1,1,2,1.3333333333333333,Baja actividad
08QOL1S7YA,2021-03-27 17:31:00,2021-03-27 17:46:00,Reparación y limpieza,Lavandería,Bogotá  D.C.,1,2000,0,2,2.0,1,1,2021-03-01,0,1.0,2,1,1,3,1.6666666666666667,Estándar
08UFNI3X2R,2021-03-19 11:49:00,2021-03-19 11:57:00,Comercio detallista,Electrodomésticos,Bogotá  D.C.,1,526000,525000,2,2.0,1,1,2021-03-01,0,1.0,2,2,1,3,2.0,Estándar
097LK3OZHR,2021-02-19 17:29:00,2021-02-19 17:34:00,Comercio detallista,Óptica,Bogotá  D.C.,1,3050000,0,3,3.0,12,4,2021-05-01,4,3.0,0,4,3,5,4.0,Estándar
09BZY6KN5E,2021-03-09 13:13:00,2021-03-09 13:22:00,Comercio detallista,Ropa / Accesorios,Bogotá  D.C.,1,3878000,0,2,2.0,32,2,2021-04-01,0,16.0,1,4,5,4,4.333333333333333,Alto valor
0AAKONZD03,2021-03-16 15:35:00,2021-03-16 15:46:00,Alimentos y bebidas,Restaurante / Café,Cota,1,1383800,287550,2,2.0,27,3,2021-05-01,15,9.0,0,3,4,5,4.0,Estándar
0AMAEK8YCJ,2021-03-06 18:28:00,2021-03-06 18:40:00,Comercio detallista,Muebles / Decoración,Bogotá  D.C.,1,3702000,0,2,2.0,4,1,2021-03-01,0,4.0,2,4,2,3,3.0,Estándar
0B5X8PJ0E3,2021-03-23 17:43:00,2021-03-27 12:37:00,Comercio detallista,Ropa / Accesorios,Bogotá  D.C.,1,4134000,595000,2,2.0,28,3,2021-05-01,18,9.333333333333334,0,4,4,5,4.333333333333333,Alto valor
0BY8U7KCBS,2021-01-13 12:06:00,2021-01-13 12:44:00,Comercio detallista,Muebles / Decoración,Soacha,1,13315005,0,4,4.0,22,5,2021-05-01,1,4.4,0,5,4,5,4.666666666666667,Alto valor
0CSUDOGURX,2021-03-23 12:37:00,2021-03-23 12:54:00,Comercio detallista,Venta de bicicletas y accesorios,Bogotá  D.C.,1,5750850,360750,2,2.0,21,3,2021-05-01,10,7.0,0,4,4,5,4.333333333333333,Alto valor
0DGJFZLOWI,2021-02-03 15:04:00,2021-02-03 15:17:00,Alimentos y bebidas,Abarrotes / Mercado,Bogotá  D.C.,1,854500,55000,3,3.0,30,4,2021-05-01,10,7.5,0,2,5,5,4.0,Estándar
0DT7B70GHI,2020-12-09 14:51:00,2020-12-09 14:57:00,Servicios,Otro,Bogotá  D.C.,1,3302000,0,5,5.0,3,1,2020-12-01,0,3.0,5,4,1,1,2.0,Estándar
0DXWUKY4BR,2021-02-19 16:25:00,2021-02-19 16:33:00,Comercio detallista,Óptica,Bogotá  D.C.,1,10387000,1545000,3,3.0,23,4,2021-05-01,6,5.75,0,5,4,5,4.666666666666667,Alto valor
0E4AAVCEUB,2021-03-25 09:55:00,2021-03-25 10:11:00,Servicios,Carpintería,Bogotá  D.C.,1,952000,0,2,2.0,3,1,2021-03-01,0,3.0,2,2,1,3,2.0,Estándar
0EHHJL2T2B,2021-03-25 14:10:00,2021-03-25 14:40:00,Comercio detallista,Materiales de construcción,Bogotá  D.C.,1,36600,0,2,2.0,2,2,2021-04-01,0,1.0,1,1,1,4,2.0,Nuevos o bajo desarrollo
0ENZT1J0PS,2021-02-04 12:04:00,2021-02-04 12:29:00,Belleza y cuidado personal,Distribuidora,Bogotá  D.C.,1,1357500,299300,3,3.0,30,4,2021-05-01,9,7.5,0,3,5,5,4.333333333333333,Estándar
0FC0D0YX31,2021-03-11 10:22:00,2021-03-11 10:33:00,Comercio detallista,Maquinaria,Bogotá  D.C.,1,2000,0,2,2.0,1,1,2021-03-01,0,1.0,2,1,1,3,1.6666666666666667,Estándar
0FF11T68EV,2021-03-10 12:07:00,2021-03-10 12:17:00,Comercio detallista,Materiales de construcción,Fusagasugá,1,2000,0,2,2.0,1,1,2021-03-01,0,1.0,2,1,1,3,1.6666666666666667,Estándar
0FHL1TQB2S,2021-03-15 16:02:00,2021-03-15 16:13:00,Alimentos y bebidas,Comida rápida,Bogotá  D.C.,1,1032900,114100,2,2.0,25,3,2021-05-01,9,8.333333333333334,0,3,4,5,4.0,Estándar
0FNDKBYYVG,2021-02-16 19:05:00,2021-02-17 21:01:00,Belleza y cuidado personal,Salón de belleza,Bogotá  D.C.,1,455000,0,3,3.0,4,2,2021-03-01,0,2.0,2,2,2,3,2.3333333333333335,Estándar
0FTPK27J7W,2021-03-12 15:15:00,2021-03-12 15:37:00,Comercio detallista,Ropa / Accesorios,Bogotá  D.C.,1,1354000,598000,2,2.0,11,2,2021-05-01,6,5.5,0,3,3,5,3.6666666666666665,Estándar
0G4Y78FE5B,2021-03-18 10:48:00,2021-03-18 11:04:00,Comercio detallista,Joyería,Fusagasugá,1,1252000,1250000,2,2.0,1,1,2021-03-01,0,1.0,2,3,1,3,2.3333333333333335,Estándar
0G5NDR3BB6,2021-03-18 15:05:00,2021-03-18 15:15:00,Comercio detallista,Óptica,Bogotá  D.C.,1,1371000,30000,2,2.0,7,3,2021-05-01,2,2.3333333333333335,0,3,2,5,3.3333333333333335,Estándar
0GU0J2GTME,2021-03-18 11:20:00,2021-03-18 11:50:00,Comercio detallista,Materiales de construcción,Bogotá  D.C.,1,380780,0,2,2.0,4,3,2021-05-01,1,1.3333333333333333,0,2,2,5,3.0,Nuevos o bajo desarrollo
0H3X50NI9Z,2021-03-05 16:16:00,2021-03-05 16:26:00,Servicios,Otro,Bogotá  D.C.,1,616000,0,2,2.0,6,2,2021-05-01,2,3.0,0,2,2,5,3.0,Nuevos o bajo desarrollo
0HB9TIG7HU,2021-03-16 14:12:00,2021-03-16 15:01:00,Comercio detallista,Óptica,Bogotá  D.C.,1,4897000,860000,2,2.0,12,3,2021-05-01,2,4.0,0,4,3,5,4.0,Estándar
0HOVMSFJGN,2020-12-14 15:34:00,2020-12-14 15:51:00,Alimentos y bebidas,Comida rápida,Bogotá  D.C.,1,46900,0,5,5.0,4,2,2021-01-01,0,2.0,4,1,2,1,1.3333333333333333,Baja actividad
0I6J5ONJRV,2021-03-16 10:19:00,2021-03-16 10:34:00,Comercio detallista,Joyería,Chía,1,2000,0,2,2.0,2,1,2021-03-01,0,2.0,2,1,1,3,1.6666666666666667,Estándar
0IJ37XWUHM,2021-03-24 12:44:00,2021-03-24 13:00:00,Comercio detallista,Tecnología,Cali,1,2000,0,2,2.0,2,1,2021-03-01,0,2.0,2,1,1,3,1.6666666666666667,Estándar
0IK1SWZ556,2021-03-24 10:07:00,2021-03-24 10:53:00,Transporte,Servicio especial,Bogotá  D.C.,1,170200,22000,2,2.0,3,2,2021-04-01,0,1.5,1,2,1,4,2.3333333333333335,Nuevos o bajo desarrollo
0IKBM9ST4Y,2021-03-12 16:24:00,2021-03-12 16:35:00,Belleza y cuidado personal,Salón de belleza,Bogotá  D.C.,1,345400,57400,2,2.0,8,3,2021-05-01,1,2.6666666666666665,0,2,3,5,3.3333333333333335,Estándar
0IODSP7LZM,2021-02-01 21:20:00,2021-02-01 21:35:00,Reparación y limpieza,Limpieza del hogar,Soacha,1,92000,0,3,3.0,2,1,2021-02-01,0,2.0,3,1,1,2,1.3333333333333333,Baja actividad
0JA0L0GSES,2021-03-13 19:12:00,2021-03-13 19:20:00,Comercio detallista,Joyería,Funza,1,67000,0,2,2.0,2,1,2021-03-01,0,2.0,2,1,1,3,1.6666666666666667,Estándar
0JIWIWKDFN,2021-03-11 15:47:00,2021-03-11 16:01:00,Belleza y cuidado personal,Salón de belleza,Bogotá  D.C.,1,395000,0,2,2.0,4,1,2021-03-01,0,4.0,2,2,2,3,2.3333333333333335,Estándar
0JPM8XWDEB,2021-03-05 17:24:00,2021-03-05 17:36:00,Comercio detallista,Óptica,Bogotá  D.C.,1,1502000,0,2,2.0,7,3,2021-05-01,2,2.3333333333333335,0,3,2,5,3.3333333333333335,Estándar
0K1UO3JRIC,2021-03-01 18:43:00,2021-03-01 18:55:00,Comercio detallista,Auto partes,Bogotá  D.C.,1,2651000,0,2,2.0,14,3,2021-05-01,4,4.666666666666667,0,4,3,5,4.0,Estándar
0KWCDP63O8,2021-01-20 14:24:00,2021-01-20 14:36:00,Comercio detallista,Óptica,Bogotá  D.C.,1,5422000,790000,4,4.0,21,5,2021-05-01,8,4.2,0,4,4,5,4.333333333333333,Alto valor
0LJJAGI2AJ,2021-03-11 15:31:00,2021-03-11 15:38:00,Comercio detallista,Tecnología,Bogotá  D.C.,1,3166600,316000,2,2.0,19,3,2021-05-01,4,6.333333333333333,0,4,4,5,4.333333333333333,Alto valor
0MGPBZHLHG,2020-12-07 15:51:00,2020-12-07 16:04:00,Belleza y cuidado personal,Otro,Bogotá  D.C.,1,2000,0,5,5.0,1,1,2020-12-01,0,1.0,5,1,1,1,1.0,Baja actividad
0MW72KB3P3,2021-03-17 13:09:00,2021-03-17 13:18:00,Belleza y cuidado personal,Distribuidora,Bogotá  D.C.,1,3523750,0,2,2.0,47,3,2021-05-01,15,15.666666666666666,0,4,5,5,4.666666666666667,Alto valor
0N7O44LYZC,2020-12-20 21:39:00,2020-12-20 21:56:00,Comercio detallista,Muebles / Decoración,Bogotá  D.C.,1,2000,0,5,5.0,1,1,2020-12-01,0,1.0,5,1,1,1,1.0,Baja actividad
0NCW4BV0QP,2021-03-27 10:46:00,2021-03-27 10:53:00,Comercio detallista,Ropa / Accesorios,Bogotá  D.C.,1,556000,148000,2,2.0,5,3,2021-05-01,1,1.6666666666666667,0,2,2,5,3.0,Nuevos o bajo desarrollo
0P24STA4HM,2021-03-19 10:23:00,2021-03-19 10:37:00,Comercio detallista,Auto partes,Bogotá  D.C.,1,908610,43000,2,2.0,6,3,2021-05-01,2,2.0,0,2,2,5,3.0,Nuevos o bajo desarrollo
0P357K5CIU,2021-03-13 12:19:00,2021-03-13 12:32:00,Comercio detallista,Materiales de construcción,Bogotá  D.C.,1,1063500,77800,2,2.0,20,3,2021-05-01,7,6.666666666666667,0,3,4,5,4.0,Estándar
0PFA0XM1DV,2021-03-24 19:11:00,2021-03-24 19:28:00,Servicios,Medicina / Odontología,Cajicá,1,2000,0,2,2.0,1,1,2021-03-01,0,1.0,2,1,1,3,1.6666666666666667,Estándar
0PN6MFSFC6,2021-03-11 17:27:00,2021-03-11 17:56:00,Comercio detallista,Tecnología,Bogotá  D.C.,1,1834400,335000,2,2.0,26,3,2021-05-01,8,8.666666666666666,0,3,4,5,4.0,Estándar
0PTFQVKSQS,2021-03-04 07:57:00,2021-03-04 08:20:00,Transporte,Servicio especial,Cali,1,21921280,8861780,2,2.0,49,3,2021-05-01,21,16.333333333333332,0,5,5,5,5.0,Alto valor
0Q8I9IQYLP,2021-03-24 12:11:00,2021-03-24 21:44:00,Alimentos y bebidas,Restaurante / Café,Bogotá  D.C.,1,83000,0,2,2.0,3,2,2021-04-01,0,1.5,1,1,1,4,2.0,Nuevos o bajo desarrollo
0QAFIPZDVG,2021-02-03 21:33:00,2021-02-03 22:23:00,Comercio detallista,Libros / Papelería,Bogotá  D.C.,1,569150,0,3,3.0,3,2,2021-04-01,0,1.5,1,2,1,4,2.3333333333333335,Nuevos o bajo desarrollo
0QWT5VZ8K4,2021-03-12 14:55:00,2021-03-12 15:03:00,Comercio detallista,Juguetería / Piñatería,Bogotá  D.C.,1,1127400,0,2,2.0,20,3,2021-05-01,6,6.666666666666667,0,3,4,5,4.0,Estándar
0R5JCPUBX5,2021-03-10 15:49:00,2021-03-10 16:09:00,Reparación y limpieza,Moda / Zapatería,Bogotá  D.C.,1,629950,113800,2,2.0,7,2,2021-05-01,1,3.5,0,2,2,5,3.0,Nuevos o bajo desarrollo
0RONJIRS7A,2021-03-25 14:03:00,2021-03-25 14:15:00,Comercio detallista,Ropa / Accesorios,Bogotá  D.C.,1,512000,0,2,2.0,3,1,2021-03-01,0,3.0,2,2,1,3,2.0,Estándar
0RWB4NMYHV,2021-03-10 15:22:00,2021-03-10 15:37:00,Comercio detallista,Elementos de seguridad,Bogotá  D.C.,1,6338960,2112360,2,2.0,24,3,2021-05-01,2,8.0,0,5,4,5,4.666666666666667,Alto valor
0S0DQUXKIP,2021-03-24 09:13:00,2021-03-24 09:27:00,Servicios,Otro,Bogotá  D.C.,1,910000,388000,2,2.0,1,1,2021-03-01,0,1.0,2,2,1,3,2.0,Estándar
0S3S0LVWIY,2021-03-26 10:54:00,2021-03-26 11:06:00,Comercio detallista,Mascotas,Bogotá  D.C.,1,3081000,1052000,2,2.0,13,3,2021-05-01,8,4.333333333333333,0,4,3,5,4.0,Estándar
0T1D7C0AUF,2021-03-20 09:47:00,2021-03-20 10:15:00,Comercio detallista,Ropa / Accesorios,Cali,1,100000,0,2,2.0,1,1,2021-03-01,0,1.0,2,1,1,3,1.6666666666666667,Estándar
0TPBWIAGDR,2021-03-12 19:14:00,2021-03-13 11:26:00,Comercio detallista,Materiales de construcción,Bogotá  D.C.,1,1355300,178300,2,2.0,16,3,2021-05-01,10,5.333333333333333,0,3,4,5,4.0,Estándar
0UE0G86TAF,2020-12-10 17:58:00,2020-12-10 19:58:00,Servicios,Otro,Bogotá  D.C.,1,6045000,120000,5,5.0,18,6,2021-05-01,2,3.0,0,4,4,5,4.333333333333333,Alto valor
0VDKOUYDG5,2021-03-01 16:45:00,2021-03-01 16:55:00,Comercio detallista,Óptica,Bogotá  D.C.,1,457000,0,2,2.0,2,1,2021-03-01,0,2.0,2,2,1,3,2.0,Estándar
0VLU2MNKP7,2020-12-18 09:34:00,2020-12-18 09:51:00,Servicios,Otro,Melgar,1,862400,0,5,5.0,16,5,2021-05-01,4,3.2,0,2,4,5,3.6666666666666665,Estándar
0W9VH51YJN,2021-03-15 19:03:00,2021-03-15 19:15:00,Reparación y limpieza,Reparaciones locativas,Bogotá  D.C.,1,2000,0,2,2.0,1,1,2021-03-01,0,1.0,2,1,1,3,1.6666666666666667,Estándar
0WBFHL42RM,2021-03-08 12:16:00,2021-03-08 12:35:00,Comercio detallista,Tecnología,Bogotá  D.C.,1,430000,198000,2,2.0,7,3,2021-05-01,1,2.3333333333333335,0,2,2,5,3.0,Nuevos o bajo desarrollo
0X3B5RBSL1,2021-02-09 13:27:00,2021-02-09 13:35:00,Comercio detallista,Óptica,Bogotá  D.C.,1,3000,0,3,3.0,2,1,2021-02-01,0,2.0,3,1,1,2,1.3333333333333333,Baja actividad
0X90G1JAAC,2021-03-05 17:22:00,2021-03-05 17:30:00,Comercio detallista,Óptica,Bogotá  D.C.,1,4000,0,2,2.0,2,1,2021-03-01,0,2.0,2,1,1,3,1.6666666666666667,Estándar
0XCPFFNN30,2020-12-18 14:16:00,2020-12-18 14:27:00,Comercio detallista,Óptica,Bogotá  D.C.,1,2422000,550000,5,5.0,8,4,2021-03-01,0,2.0,2,3,3,3,3.0,Estándar
0XM9ZQXRYX,2021-03-21 14:22:00,2021-03-21 14:40:00,Turismo y entretenimiento,Hoteles,Choachí,1,1595500,387000,2,2.0,21,3,2021-05-01,7,7.0,0,3,4,5,4.0,Estándar
0YNDKGAXNL,2021-02-01 12:52:00,2021-02-01 13:01:00,Comercio detallista,Óptica,Bogotá  D.C.,1,44343000,5827000,3,3.0,132,4,2021-05-01,30,33.0,0,5,5,5,5.0,Alto valor
0YZ3QOS93E,2021-03-08 15:27:00,2021-03-08 15:47:00,Comercio detallista,Café internet,Funza,1,3000,0,2,2.0,2,1,2021-03-01,0,2.0,2,1,1,3,1.6666666666666667,Estándar
0ZL8ZVUXOP,2021-03-18 12:40:00,2021-03-18 12:53:00,Comercio detallista,Libros / Papelería,Bogotá  D.C.,1,2629700,321700,2,2.0,66,3,2021-05-01,31,22.0,0,4,5,5,4.666666666666667,Alto valor
0ZT6F19K0Q,2021-03-12 18:27:00,2021-03-12 18:49:00,Servicios,Medicina / Odontología,Cali,1,94000,0,2,2.0,3,3,2021-05-01,1,1.0,0,1,1,5,2.3333333333333335,Nuevos o bajo desarrollo
104D16C02Q,2021-03-12 16:28:00,2021-03-12 16:48:00,Alimentos y bebidas,Abarrotes / Mercado,Bogotá  D.C.,1,3896300,543550,2,2.0,111,3,2021-05-01,56,37.0,0,4,5,5,4.666666666666667,Alto valor
10M75FFVOG,2021-02-04 15:24:00,2021-02-04 15:42:00,Comercio detallista,Óptica,Bogotá  D.C.,1,5113000,587000,3,3.0,17,4,2021-05-01,2,4.25,0,4,4,5,4.333333333333333,Alto valor
10RSZJTDBD,2021-02-17 15:15:00,2021-02-17 15:27:00,Belleza y cuidado personal,Centro de tatuajes,Bogotá  D.C.,1,12455500,0,3,3.0,28,4,2021-05-01,1,7.0,0,5,4,5,4.666666666666667,Alto valor
1149FP2AIW,2021-03-10 15:18:00,2021-03-10 15:29:00,Comercio detallista,Tecnología,Bogotá  D.C.,1,617000,0,2,2.0,6,2,2021-04-01,0,3.0,1,2,2,4,2.6666666666666665,Nuevos o bajo desarrollo
11V4VMOMO1,2020-12-16 12:27:00,2020-12-16 12:50:00,Turismo y entretenimiento,Centro de recreación y deporte,Bogotá  D.C.,1,2000,0,5,5.0,1,1,2020-12-01,0,1.0,5,1,1,1,1.0,Baja actividad
126JEYCDHF,2021-03-19 15:40:00,2021-03-19 15:54:00,Alimentos y bebidas,Restaurante / Café,Chía,1,804350,94000,2,2.0,25,3,2021-05-01,11,8.333333333333334,0,2,4,5,3.6666666666666665,Estándar
12VM871I0S,2021-03-17 17:46:00,2021-03-17 18:05:00,Alimentos y bebidas,Abarrotes / Mercado,Cali,1,1100,0,2,2.0,1,1,2021-03-01,0,1.0,2,1,1,3,1.6666666666666667,Estándar
13C57ZLYB2,2021-03-30 12:21:00,2021-03-30 12:31:00,Alimentos y bebidas,Abarrotes / Mercado,Bogotá  D.C.,1,2945900,691600,2,2.0,43,3,2021-05-01,27,14.333333333333334,0,4,5,5,4.666666666666667,Alto valor
14BLS7RWUM,2021-03-26 12:52:00,2021-03-26 13:05:00,Comercio detallista,Óptica,Bogotá  D.C.,1,2801000,680000,2,2.0,8,3,2021-05-01,5,2.6666666666666665,0,4,3,5,4.0,Estándar
151OFC9R4A,2021-02-13 11:33:00,2021-02-13 15:51:00,Comercio detallista,Óptica,Bogotá  D.C.,1,2719000,550000,3,3.0,7,4,2021-05-01,1,1.75,0,4,2,5,3.6666666666666665,Estándar
15VSQZS9OS,2021-02-05 20:30:00,2021-02-05 20:42:00,Alimentos y bebidas,Comida rápida,Bogotá  D.C.,2,5134400,1133800,3,3.0,150,4,2021-05-01,77,37.5,0,4,5,5,4.666666666666667,Alto valor
165E10R73Z,2021-03-24 13:09:00,2021-03-24 13:26:00,Alimentos y bebidas,Abarrotes / Mercado,Chía,1,422575,122685,2,2.0,5,3,2021-05-01,3,1.6666666666666667,0,2,2,5,3.0,Nuevos o bajo desarrollo
16E4UZL9KM,2021-03-15 15:20:00,2021-03-15 15:34:00,Comercio detallista,Auto partes,Bogotá  D.C.,1,1890500,200000,2,2.0,5,3,2021-05-01,1,1.6666666666666667,0,3,2,5,3.3333333333333335,Estándar
16I7T9HCDI,2021-03-01 14:55:00,2021-03-01 15:12:00,Transporte,Taxi,Cali,1,1000,0,2,2.0,1,1,2021-03-01,0,1.0,2,1,1,3,1.6666666666666667,Estándar
16LK63O4BJ,2021-03-29 17:39:00,2021-03-29 17:50:00,Comercio detallista,Ropa / Accesorios,Bogotá  D.C.,1,116000,45000,2,2.0,2,2,2021-04-01,0,1.0,1,1,1,4,2.0,Nuevos o bajo desarrollo
175ORGTF37,2021-03-08 17:15:00,2021-03-08 17:22:00,Reparación y limpieza,Moda / Zapatería,Bogotá  D.C.,1,140000,0,2,2.0,2,1,2021-03-01,0,2.0,2,1,1,3,1.6666666666666667,Estándar
17KC0BBP0G,2021-03-16 18:00:00,2021-03-16 18:13:00,Alimentos y bebidas,Repostería / Panadería,El Rosal,1,951400,133700,2,2.0,32,3,2021-05-01,13,10.666666666666666,0,2,5,5,4.0,Estándar
17PZ2RWF0H,2021-01-25 16:35:00,2021-01-25 16:45:00,Belleza y cuidado personal,Centro de tatuajes,Bogotá  D.C.,1,1977000,82000,4,4.0,33,5,2021-05-01,5,6.6,0,3,5,5,4.333333333333333,Estándar
17QW4XKO6B,2021-01-20 15:52:00,2021-01-20 16:22:00,Comercio detallista,Óptica,Bogotá  D.C.,1,3002000,720000,4,4.0,9,5,2021-05-01,1,1.8,0,4,3,5,4.0,Estándar
17SB9B1ARV,2021-03-18 13:56:00,2021-03-18 14:06:00,Reparación y limpieza,Automotriz y autopartes,Bogotá  D.C.,1,4952000,400000,2,2.0,3,2,2021-04-01,0,1.5,1,4,1,4,3.0,Estándar
1810KYE17R,2021-03-20 06:01:00,2021-03-20 06:12:00,Transporte,Servicio especial,Bogotá  D.C.,1,76000,0,2,2.0,3,2,2021-05-01,1,1.5,0,1,1,5,2.3333333333333335,Nuevos o bajo desarrollo
181A3JZR4S,2021-02-23 13:36:00,2021-02-23 13:45:00,Servicios,Tecnología y software,Bogotá  D.C.,1,5651000,367000,3,3.0,10,4,2021-05-01,2,2.5,0,4,3,5,4.0,Estándar
18HT52YQE2,2021-03-30 15:41:00,2021-03-30 15:52:00,Comercio detallista,Ropa / Accesorios,Bogotá  D.C.,1,607500,208500,2,2.0,5,2,2021-05-01,4,2.5,0,2,2,5,3.0,Nuevos o bajo desarrollo
18KWFU13B7,2021-03-23 12:52:00,2021-03-23 13:02:00,Comercio detallista,Ropa / Accesorios,Bogotá  D.C.,1,5412700,768800,2,2.0,24,3,2021-05-01,15,8.0,0,4,4,5,4.333333333333333,Alto valor
18QMUN3GL9,2021-02-18 11:55:00,2021-02-18 12:05:00,Servicios,Otro,Bogotá  D.C.,1,826000,79000,3,3.0,8,3,2021-05-01,1,2.6666666666666665,0,2,3,5,3.3333333333333335,Estándar
1A29XH7F6M,2021-03-13 12:02:00,2021-03-13 15:48:00,Comercio detallista,Elementos del hogar,Mosquera,1,1138000,0,2,2.0,2,1,2021-03-01,0,2.0,2,3,1,3,2.3333333333333335,Estándar
1ACZQ0HGAJ,2021-02-19 19:48:00,2021-02-19 21:46:00,Alimentos y bebidas,Abarrotes / Mercado,Bogotá  D.C.,1,3986600,295300,3,3.0,131,4,2021-05-01,40,32.75,0,4,5,5,4.666666666666667,Alto valor
1AGM7ZJ1RD,2021-03-02 15:58:00,2021-03-02 16:17:00,Comercio detallista,Otro,Bogotá  D.C.,1,298000,0,2,2.0,3,3,2021-05-01,1,1.0,0,2,1,5,2.6666666666666665,Nuevos o bajo desarrollo
1AIPRY67PX,2020-07-27 16:11:00,2020-12-23 10:44:00,Transporte,Domicilios,Bogotá  D.C.,1,150000,15000,10,5.0,141,3,2021-02-01,0,47.0,3,1,5,2,2.6666666666666665,Estándar
1AWSOXNEI7,2021-03-11 15:49:00,2021-03-31 13:06:00,Comercio detallista,Óptica,Bogotá  D.C.,1,330000,0,2,2.0,2,1,2021-03-01,0,2.0,2,2,1,3,2.0,Estándar
1BLOO4YPSN,2021-03-23 19:07:00,2021-03-23 19:26:00,Comercio detallista,Tecnología,Bogotá  D.C.,1,1618800,195550,2,2.0,10,3,2021-05-01,4,3.3333333333333335,0,3,3,5,3.6666666666666665,Estándar
1C0G3LQO7U,2021-03-29 15:50:00,2021-03-29 16:21:00,Servicios,Medicina / Odontología,Bogotá  D.C.,1,6786950,3015600,2,2.0,19,3,2021-05-01,6,6.333333333333333,0,5,4,5,4.666666666666667,Alto valor
1C9EUDWN8H,2021-03-23 13:00:00,2021-03-23 13:10:00,Comercio detallista,Óptica,Soacha,1,5701000,3428000,2,2.0,6,2,2021-04-01,0,3.0,1,4,2,4,3.3333333333333335,Estándar
1CJNR6C2GO,2021-02-19 15:43:00,2021-02-19 15:55:00,Comercio detallista,Muebles / Decoración,Bogotá  D.C.,1,178400,0,3,3.0,2,2,2021-05-01,1,1.0,0,2,1,5,2.6666666666666665,Nuevos o bajo desarrollo
1CV0E286PF,2021-03-17 12:36:00,2021-03-17 12:45:00,Comercio detallista,Ropa / Accesorios,Bogotá  D.C.,1,3728810,336000,2,2.0,20,3,2021-05-01,3,6.666666666666667,0,4,4,5,4.333333333333333,Alto valor
1D0B1S8HZQ,2021-03-26 15:10:00,2021-03-26 15:33:00,Alimentos y bebidas,Otro,Bogotá  D.C.,1,42000,0,2,2.0,5,2,2021-04-01,0,2.5,1,1,2,4,2.3333333333333335,Nuevos o bajo desarrollo
1D4OV5BIO5,2021-03-18 09:58:00,2021-03-18 10:20:00,Comercio detallista,Artesanías,Bogotá  D.C.,1,322000,128000,2,2.0,7,2,2021-05-01,3,3.5,0,2,2,5,3.0,Nuevos o bajo desarrollo
1D7VETOWRX,2021-01-18 12:54:00,2021-01-18 13:07:00,Comercio detallista,Tecnología,Bogotá  D.C.,1,5925060,1395700,4,4.0,14,5,2021-05-01,7,2.8,0,4,3,5,4.0,Estándar
1D9EHDLTAH,2021-03-24 12:33:00,2021-03-24 12:52:00,Comercio detallista,Tecnología,Bogotá  D.C.,1,1484000,850000,2,2.0,9,3,2021-05-01,3,3.0,0,3,3,5,3.6666666666666665,Estándar
1E5QG3X0C5,2021-01-04 17:15:00,2021-01-04 17:28:00,Comercio detallista,Muebles / Decoración,Bogotá  D.C.,1,2000,0,4,4.0,1,1,2021-01-01,0,1.0,4,1,1,1,1.0,Baja actividad
1FAIK8EKN6,2021-03-16 12:46:00,2021-03-18 07:57:00,Servicios,Otro,Bogotá  D.C.,1,20000,0,2,2.0,4,2,2021-05-01,2,2.0,0,1,2,5,2.6666666666666665,Nuevos o bajo desarrollo
1FC5TONKZ6,2021-03-03 14:55:00,2021-03-03 15:07:00,Comercio detallista,Tecnología,Bogotá  D.C.,1,623000,0,2,2.0,5,3,2021-05-01,2,1.6666666666666667,0,2,2,5,3.0,Nuevos o bajo desarrollo
1FCHBWH80R,2021-03-03 13:56:00,2021-03-03 14:06:00,Comercio detallista,Otro,Bogotá  D.C.,1,2070000,250000,2,2.0,11,3,2021-05-01,4,3.6666666666666665,0,3,3,5,3.6666666666666665,Estándar
1FSV6PBJWF,2021-03-09 11:26:00,2021-03-09 11:42:00,Comercio detallista,Venta de bicicletas y accesorios,Sibaté,1,1133000,0,2,2.0,9,3,2021-05-01,2,3.0,0,3,3,5,3.6666666666666665,Estándar
1GFSP8V2WU,2021-02-06 13:02:00,2021-02-06 13:12:00,Servicios,Otro,Bogotá  D.C.,1,3684000,700000,3,3.0,10,3,2021-05-01,1,3.3333333333333335,0,4,3,5,4.0,Estándar
1GJLCJECTO,2021-03-12 12:37:00,2021-03-12 12:44:00,Comercio detallista,Ropa / Accesorios,Bogotá  D.C.,1,1592000,170000,2,2.0,10,3,2021-05-01,1,3.3333333333333335,0,3,3,5,3.6666666666666665,Estándar
1GR5GDELCO,2021-03-24 15:12:00,2021-03-24 15:21:00,Belleza y cuidado personal,Salón de belleza,Cali,1,1936000,300000,2,2.0,18,3,2021-05-01,2,6.0,0,3,4,5,4.0,Estándar
1GV16OSCLA,2021-03-25 12:09:00,2021-03-25 12:17:00,Comercio detallista,Elementos del hogar,Soacha,1,4942000,1370000,2,2.0,8,3,2021-05-01,2,2.6666666666666665,0,4,3,5,4.0,Estándar
1I5GJ9M988,2021-03-29 15:50:00,2021-03-29 15:58:00,Comercio detallista,Óptica,Bogotá  D.C.,1,2383000,0,2,2.0,7,3,2021-05-01,3,2.3333333333333335,0,3,2,5,3.3333333333333335,Estándar
1IASIAUHHJ,2021-03-12 11:31:00,2021-03-12 12:13:00,Comercio detallista,Ropa / Accesorios,Bogotá  D.C.,1,2369000,315000,2,2.0,20,3,2021-05-01,6,6.666666666666667,0,3,4,5,4.0,Estándar
1IDHRNT5X6,2021-03-24 13:47:00,2021-03-24 14:19:00,Alimentos y bebidas,Licores,Cali,1,5010200,739700,2,2.0,167,3,2021-05-01,109,55.666666666666664,0,4,5,5,4.666666666666667,Alto valor
1IFJTRPV9R,2021-03-09 12:07:00,2021-03-09 12:23:00,Servicios,Diseño / Fotografía,Bogotá  D.C.,1,697000,0,2,2.0,4,2,2021-05-01,1,2.0,0,2,2,5,3.0,Nuevos o bajo desarrollo
1IHNGXFUM9,2021-03-11 19:08:00,2021-03-11 19:22:00,Comercio detallista,Tienda de deportes,Bogotá  D.C.,1,2968000,368000,2,2.0,13,3,2021-05-01,5,4.333333333333333,0,4,3,5,4.0,Estándar
1JZCALZ45V,2021-03-11 13:03:00,2021-03-11 13:13:00,Servicios,Veterinaria,Sibaté,1,641000,296000,2,2.0,3,1,2021-03-01,0,3.0,2,2,1,3,2.0,Estándar
1K15DOPTWA,2021-03-06 11:36:00,2021-03-06 11:49:00,Comercio detallista,Floristería,Bogotá  D.C.,1,2000,0,2,2.0,1,1,2021-03-01,0,1.0,2,1,1,3,1.6666666666666667,Estándar
1K5Y5MXU5B,2021-03-16 15:51:00,2021-03-16 16:05:00,Comercio detallista,Ropa / Accesorios,Bogotá  D.C.,1,1314000,750000,2,2.0,5,3,2021-05-01,2,1.6666666666666667,0,3,2,5,3.3333333333333335,Estándar
1K84HJGD45,2021-03-12 11:33:00,2021-03-12 11:46:00,Belleza y cuidado personal,Distribuidora,Bogotá  D.C.,1,655000,0,2,2.0,3,2,2021-04-01,0,1.5,1,2,1,4,2.3333333333333335,Nuevos o bajo desarrollo
1KDUK7LEUV,2020-12-28 15:57:00,2020-12-28 16:20:00,Comercio detallista,Óptica,Bogotá  D.C.,1,27422000,1110000,5,5.0,77,6,2021-05-01,21,12.833333333333334,0,5,5,5,5.0,Alto valor
1KN3L6Z878,2021-03-19 17:31:00,2021-03-19 17:38:00,Comercio detallista,Ropa / Accesorios,Bogotá  D.C.,1,18288800,2809800,2,2.0,59,3,2021-05-01,28,19.666666666666668,0,5,5,5,5.0,Alto valor
1KQ92VPKRS,2021-03-10 15:20:00,2021-03-10 15:30:00,Comercio detallista,Tecnología,Bogotá  D.C.,1,1533800,0,2,2.0,11,3,2021-05-01,4,3.6666666666666665,0,3,3,5,3.6666666666666665,Estándar
1KWDUSX8BR,2021-02-24 13:42:00,2021-02-24 13:54:00,Comercio detallista,Ropa / Accesorios,Bogotá  D.C.,1,2714000,280000,3,3.0,13,3,2021-05-01,3,4.333333333333333,0,4,3,5,4.0,Estándar
1L0O3IFQRZ,2021-03-24 10:01:00,2021-03-24 10:41:00,Reparación y limpieza,Automotriz y autopartes,Bogotá  D.C.,1,52000,0,2,2.0,2,2,2021-04-01,0,1.0,1,1,1,4,2.0,Nuevos o bajo desarrollo
1L2TFG5YLT,2021-01-26 12:44:00,2021-01-26 13:09:00,Comercio detallista,Otro,Soacha,1,12850600,1238350,4,4.0,109,5,2021-05-01,20,21.8,0,5,5,5,5.0,Alto valor
1L2XH0PNHH,2021-03-16 12:44:00,2021-03-16 12:58:00,Comercio detallista,Ropa / Accesorios,Bogotá  D.C.,1,4322000,898500,2,2.0,26,3,2021-05-01,13,8.666666666666666,0,4,4,5,4.333333333333333,Alto valor
1L48T9NLTX,2021-03-30 11:53:00,2021-03-30 12:19:00,Comercio detallista,Tecnología,Mosquera,1,210000,0,2,2.0,7,3,2021-05-01,4,2.3333333333333335,0,2,2,5,3.0,Nuevos o bajo desarrollo
1L6S9K57EG,2021-02-23 18:33:00,2021-02-23 21:54:00,Servicios,Tecnología y software,Bogotá  D.C.,1,1577000,0,3,3.0,2,1,2021-02-01,0,2.0,3,3,1,2,2.0,Estándar
1LJKQX0OTN,2020-12-23 15:18:00,2020-12-23 15:27:00,Servicios,Tecnología y software,Bogotá  D.C.,1,2000,0,5,5.0,1,1,2020-12-01,0,1.0,5,1,1,1,1.0,Baja actividad
1LPWV3VHIG,2021-03-23 12:09:00,2021-03-23 12:39:00,Reparación y limpieza,Lavandería,Bogotá  D.C.,1,2035600,0,2,2.0,6,2,2021-04-01,0,3.0,1,3,2,4,3.0,Estándar
1LZW76ZGZF,2021-03-28 12:34:00,2021-03-28 12:49:00,Comercio detallista,Elementos del hogar,Bogotá  D.C.,1,9644000,2454000,2,2.0,66,3,2021-05-01,37,22.0,0,5,5,5,5.0,Alto valor
1NBQOVPEDC,2021-03-17 11:40:00,2021-03-17 11:55:00,Belleza y cuidado personal,Centro de tatuajes,Bogotá  D.C.,1,1025000,110000,2,2.0,15,3,2021-05-01,5,5.0,0,3,4,5,4.0,Estándar
1NG9C7IRS1,2021-03-10 12:26:00,2021-03-10 12:42:00,Servicios,Tecnología y software,Bogotá  D.C.,1,1393750,0,2,2.0,12,3,2021-05-01,3,4.0,0,3,3,5,3.6666666666666665,Estándar
1NHGXNA6L4,2021-03-23 14:43:00,2021-03-23 14:57:00,Comercio detallista,Ropa / Accesorios,Bogotá  D.C.,1,1916000,599000,2,2.0,14,3,2021-05-01,8,4.666666666666667,0,3,3,5,3.6666666666666665,Estándar
1NREY42L3I,2020-12-06 19:07:00,2020-12-06 19:34:00,Servicios,Medicina / Odontología,Bogotá  D.C.,1,12000,10000,5,5.0,1,1,2020-12-01,0,1.0,5,1,1,1,1.0,Baja actividad
1O2INIFIO7,2021-01-15 11:09:00,2021-01-15 11:25:00,Comercio detallista,Muebles / Decoración,Bogotá  D.C.,1,2297000,0,4,4.0,5,3,2021-04-01,0,1.6666666666666667,1,3,2,4,3.0,Estándar
1OLQDXWGRN,2021-03-26 09:28:00,2021-03-26 09:39:00,Comercio detallista,Óptica,Bogotá  D.C.,1,6992000,3110000,2,2.0,15,3,2021-05-01,7,5.0,0,5,4,5,4.666666666666667,Alto valor
1PA0EIWUGO,2021-03-03 15:12:00,2021-03-03 15:24:00,Comercio detallista,Materiales de construcción,Bogotá  D.C.,1,7016109,3481000,2,2.0,21,3,2021-05-01,8,7.0,0,5,4,5,4.666666666666667,Alto valor
1PUJ3XYX4M,2021-03-02 13:58:00,2021-03-05 11:20:00,Comercio detallista,Mascotas,Bogotá  D.C.,1,788250,55000,2,2.0,11,3,2021-05-01,2,3.6666666666666665,0,2,3,5,3.3333333333333335,Estándar
1Q6QJR9AG3,2021-03-04 13:49:00,2021-03-04 14:08:00,Servicios,Otro,Bogotá  D.C.,1,5576196,2026637,2,2.0,16,3,2021-05-01,6,5.333333333333333,0,4,4,5,4.333333333333333,Alto valor
1QDSWQ6VQ5,2021-03-11 12:20:00,2021-03-11 12:34:00,Reparación y limpieza,Moda / Zapatería,Bogotá  D.C.,1,2098000,1271000,2,2.0,6,3,2021-05-01,2,2.0,0,3,2,5,3.3333333333333335,Estándar
1QVT4INTZ2,2020-08-01 08:08:00,2021-02-05 10:02:00,Comercio detallista,Ropa / Accesorios,Bogotá  D.C.,1,4000,0,9,3.0,2,1,2021-02-01,0,2.0,3,1,1,2,1.3333333333333333,Baja actividad
1RR8D0M054,2021-03-09 10:26:00,2021-03-09 10:37:00,Comercio detallista,Farmacia,Bogotá  D.C.,1,2000,0,2,2.0,1,1,2021-03-01,0,1.0,2,1,1,3,1.6666666666666667,Estándar
1SF607C71I,2021-03-02 19:09:00,2021-03-02 19:16:00,Comercio detallista,Elementos de seguridad,Bogotá  D.C.,1,2000,0,2,2.0,1,1,2021-03-01,0,1.0,2,1,1,3,1.6666666666666667,Estándar
1SFVLT3KOI,2021-02-25 19:08:00,2021-02-25 19:17:00,Comercio detallista,Otro,Bogotá  D.C.,1,1020823,212823,3,3.0,20,4,2021-05-01,7,5.0,0,3,4,5,4.0,Estándar
1SMS355DPI,2020-12-19 13:01:00,2020-12-19 13:10:00,Comercio detallista,Muebles / Decoración,Soacha,1,9349000,298000,5,5.0,21,6,2021-05-01,7,3.5,0,5,4,5,4.666666666666667,Alto valor
1SNDS7EB7P,2021-03-12 14:44:00,2021-03-12 14:53:00,Comercio detallista,Tecnología,Bogotá  D.C.,1,3372100,222700,2,2.0,30,3,2021-05-01,17,10.0,0,4,5,5,4.666666666666667,Alto valor
1T1H62ZZGO,2021-02-08 13:52:00,2021-02-08 14:07:00,Comercio detallista,Libros / Papelería,Bogotá  D.C.,1,410000,0,3,3.0,6,1,2021-02-01,0,6.0,3,2,2,2,2.0,Baja actividad
1TEU1KM5F0,2021-03-23 12:46:00,2021-05-22 13:35:00,Comercio detallista,Ropa / Accesorios,Bogotá  D.C.,1,1623400,1283400,2,0.0,3,2,2021-05-01,2,1.5,0,3,1,5,3.0,Estándar
1TSATMXN7W,2021-03-16 16:14:00,2021-05-20 17:20:00,Comercio detallista,Tecnología,Soacha,1,269000,0,2,0.0,5,1,2021-05-01,5,5.0,0,2,2,5,3.0,Nuevos o bajo desarrollo
1U3NT9DH0E,2021-02-26 17:59:00,2021-02-26 18:07:00,Servicios,Otro,Bogotá  D.C.,1,292000,0,3,3.0,6,3,2021-05-01,2,2.0,0,2,2,5,3.0,Nuevos o bajo desarrollo
1UI6EAYNF1,2021-03-08 20:59:00,2021-03-08 21:09:00,Servicios,Otro,Bogotá  D.C.,1,2000,0,2,2.0,4,2,2021-05-01,1,2.0,0,1,2,5,2.6666666666666665,Nuevos o bajo desarrollo
1VC1C5HO5C,2021-02-26 15:05:00,2021-02-26 15:16:00,Comercio detallista,Ropa / Accesorios,Bogotá  D.C.,1,5585000,510000,3,3.0,21,4,2021-05-01,4,5.25,0,4,4,5,4.333333333333333,Alto valor
1VF1MO6LTV,2021-03-03 10:49:00,2021-03-14 14:06:00,Comercio detallista,Ropa / Accesorios,Choachí,1,146000,0,2,2.0,2,2,2021-05-01,1,1.0,0,1,1,5,2.3333333333333335,Nuevos o bajo desarrollo
1WTH8TVU4E,2021-03-18 11:29:00,2021-03-18 11:42:00,Servicios,Tecnología y software,Bogotá  D.C.,1,3624000,1547000,2,2.0,24,3,2021-05-01,19,8.0,0,4,4,5,4.333333333333333,Alto valor
1X2I61HP5J,2021-03-23 08:38:00,2021-03-23 09:25:00,Comercio detallista,Otro,Bogotá  D.C.,1,5468000,620000,2,2.0,16,3,2021-05-01,7,5.333333333333333,0,4,4,5,4.333333333333333,Alto valor
1XJJT62SFH,2021-02-16 17:44:00,2021-02-16 17:58:00,Comercio detallista,Muebles / Decoración,Bogotá  D.C.,1,3882400,925000,3,3.0,10,4,2021-05-01,4,2.5,0,4,3,5,4.0,Estándar
1XPC927A39,2021-03-12 11:29:00,2021-03-12 11:49:00,Alimentos y bebidas,Bar / Club / Discoteca,Bogotá  D.C.,1,33846000,7017000,2,2.0,151,3,2021-05-01,69,50.333333333333336,0,5,5,5,5.0,Alto valor
1Y5ZXTTI91,2021-03-09 11:50:00,2021-03-09 12:03:00,Reparación y limpieza,Automotriz y autopartes,Bogotá  D.C.,1,537000,179000,2,2.0,2,1,2021-03-01,0,2.0,2,2,1,3,2.0,Estándar
1YGJB6PF5R,2021-03-18 16:10:00,2021-03-18 16:25:00,Belleza y cuidado personal,Distribuidora,Bogotá  D.C.,1,11857750,3681950,2,2.0,180,3,2021-05-01,121,60.0,0,5,5,5,5.0,Alto valor
1YVD9CL8WS,2021-03-04 18:20:00,2021-03-04 18:35:00,Comercio detallista,Ropa / Accesorios,Bogotá  D.C.,1,64000,0,2,2.0,2,1,2021-03-01,0,2.0,2,1,1,3,1.6666666666666667,Estándar
1ZLGO6WDLG,2021-03-16 15:34:00,2021-03-16 15:51:00,Reparación y limpieza,Automotriz y autopartes,El Rosal,1,2000,0,2,2.0,1,1,2021-03-01,0,1.0,2,1,1,3,1.6666666666666667,Estándar
20TV4VP1TT,2021-03-05 15:16:00,2021-03-05 15:24:00,Comercio detallista,Óptica,Bogotá  D.C.,1,6621000,437000,2,2.0,36,3,2021-05-01,12,12.0,0,5,5,5,5.0,Alto valor
22CIJ80VMV,2021-03-16 18:34:00,2021-03-16 18:52:00,Servicios,Otro,Bogotá  D.C.,1,858500,0,2,2.0,9,3,2021-05-01,3,3.0,0,2,3,5,3.3333333333333335,Estándar
22IXTO9KHH,2021-03-24 17:42:00,2021-03-24 18:04:00,Turismo y entretenimiento,Entretenimiento,Bogotá  D.C.,1,4000,0,2,2.0,1,1,2021-03-01,0,1.0,2,1,1,3,1.6666666666666667,Estándar
22NBH4WHID,2021-02-18 15:59:00,2021-02-18 16:09:00,Educación,Talleres / Cursos / Capacitaciones,Soacha,1,10071000,765000,3,3.0,14,4,2021-05-01,2,3.5,0,5,3,5,4.333333333333333,Estándar
22RKIIGPS5,2021-03-29 16:59:00,2021-03-29 17:07:00,Servicios,Tecnología y software,Bogotá  D.C.,1,2519809,90000,2,2.0,5,3,2021-05-01,2,1.6666666666666667,0,3,2,5,3.3333333333333335,Estándar
234W3WJU8T,2021-03-09 15:05:00,2021-03-09 15:23:00,Belleza y cuidado personal,Suplementos,Bogotá  D.C.,1,261000,0,2,2.0,4,2,2021-05-01,2,2.0,0,2,2,5,3.0,Nuevos o bajo desarrollo
240CP4FGXZ,2021-03-11 13:01:00,2021-04-04 18:04:00,Servicios,Tecnología y software,Bogotá  D.C.,1,2752000,1456000,2,1.0,2,2,2021-04-01,0,1.0,1,4,1,4,3.0,Estándar
24A2ORQNU4,2021-03-15 16:49:00,2021-03-15 17:03:00,Comercio detallista,Tienda de deportes,Bogotá  D.C.,1,6686600,1520000,2,2.0,20,3,2021-05-01,10,6.666666666666667,0,5,4,5,4.666666666666667,Alto valor
24CAY40QRW,2021-03-05 12:34:00,2021-03-07 08:31:00,Comercio detallista,Floristería,Cali,1,1481000,0,2,2.0,5,1,2021-03-01,0,5.0,2,3,2,3,2.6666666666666665,Estándar
25GQ1IEDF6,2021-03-18 14:43:00,2021-03-18 14:57:00,Comercio detallista,Farmacia,Bogotá  D.C.,1,4900,0,2,2.0,3,2,2021-04-01,0,1.5,1,1,1,4,2.0,Nuevos o bajo desarrollo
266OCTDJC5,2021-02-09 15:24:00,2021-02-11 12:12:00,Servicios,Logística,Fusagasugá,2,9210,0,3,3.0,6,1,2021-02-01,0,6.0,3,1,2,2,1.6666666666666667,Baja actividad
26VQEEUAYZ,2021-02-06 15:50:00,2021-02-06 16:01:00,Comercio detallista,Óptica,Bogotá  D.C.,1,11716000,5590000,3,3.0,21,4,2021-05-01,16,5.25,0,5,4,5,4.666666666666667,Alto valor
27X939KH2P,2021-03-18 09:50:00,2021-03-18 10:01:00,Belleza y cuidado personal,Estilista independiente,Bogotá  D.C.,1,5862500,979000,2,2.0,69,3,2021-05-01,28,23.0,0,4,5,5,4.666666666666667,Alto valor
28CJK7BPIZ,2021-03-03 13:07:00,2021-03-03 13:21:00,Comercio detallista,Materiales de construcción,Bogotá  D.C.,1,3486200,772200,2,2.0,18,3,2021-05-01,6,6.0,0,4,4,5,4.333333333333333,Alto valor
28F16D8XJP,2021-02-12 18:49:00,2021-02-16 12:54:00,Comercio detallista,Ropa / Accesorios,Bogotá  D.C.,1,441700,0,3,3.0,9,4,2021-05-01,3,2.25,0,2,3,5,3.3333333333333335,Estándar
28XIG04G8Y,2021-03-09 18:01:00,2021-03-09 18:11:00,Reparación y limpieza,Reparaciones locativas,Bogotá  D.C.,1,66200,0,2,2.0,2,2,2021-05-01,1,1.0,0,1,1,5,2.3333333333333335,Nuevos o bajo desarrollo
292TCS46SV,2021-03-27 10:41:00,2021-03-27 10:59:00,Comercio detallista,Ropa / Accesorios,Bogotá  D.C.,1,386000,85000,2,2.0,8,3,2021-05-01,2,2.6666666666666665,0,2,3,5,3.3333333333333335,Estándar
297I2RLVX9,2021-03-19 13:10:00,2021-03-19 13:31:00,Comercio detallista,Auto partes,Chía,1,2000,0,2,2.0,1,1,2021-03-01,0,1.0,2,1,1,3,1.6666666666666667,Estándar
29JITR3157,2021-03-29 15:40:00,2021-03-29 16:33:00,Servicios,Tecnología y software,Bogotá  D.C.,1,5938550,459000,2,2.0,29,3,2021-05-01,14,9.666666666666666,0,4,4,5,4.333333333333333,Alto valor
2AB8VAXTIA,2021-03-18 15:39:00,2021-03-18 15:51:00,Comercio detallista,Ropa / Accesorios,Bogotá  D.C.,1,468000,0,2,2.0,2,2,2021-05-01,1,1.0,0,2,1,5,2.6666666666666665,Nuevos o bajo desarrollo
2AEBS0XD5V,2021-03-19 16:00:00,2021-03-19 16:19:00,Comercio detallista,Ropa / Accesorios,Villa de San Diego de Ubate,1,490000,0,2,2.0,2,2,2021-05-01,1,1.0,0,2,1,5,2.6666666666666665,Nuevos o bajo desarrollo
2AFTAVL7GG,2021-03-03 16:50:00,2021-03-03 16:58:00,Servicios,Otro,Bogotá  D.C.,1,287000,0,2,2.0,2,1,2021-03-01,0,2.0,2,2,1,3,2.0,Estándar
2AGCQ7ZXCB,2021-03-09 12:45:00,2021-03-09 13:10:00,Comercio detallista,Ropa / Accesorios,Bogotá  D.C.,1,387000,55000,2,2.0,4,3,2021-05-01,1,1.3333333333333333,0,2,2,5,3.0,Nuevos o bajo desarrollo
2B2BS44MT7,2020-12-23 12:16:00,2020-12-23 12:28:00,Servicios,Otro,Bogotá  D.C.,1,17881000,0,5,5.0,103,6,2021-05-01,9,17.166666666666668,0,5,5,5,5.0,Alto valor
2B9M4G0UZ7,2021-03-19 18:32:00,2021-03-19 18:43:00,Comercio detallista,Tecnología,Chía,1,542500,0,2,2.0,10,3,2021-05-01,1,3.3333333333333335,0,2,3,5,3.3333333333333335,Estándar
2BOBSG8KQL,2021-03-29 15:57:00,2021-03-29 16:15:00,Alimentos y bebidas,Comida rápida,Mosquera,1,638800,58500,2,2.0,16,3,2021-05-01,1,5.333333333333333,0,2,4,5,3.6666666666666665,Estándar
2BOSTW5CPF,2021-03-26 16:47:00,2021-03-26 16:56:00,Comercio detallista,Ropa / Accesorios,Bogotá  D.C.,1,1188000,140000,2,2.0,10,3,2021-05-01,6,3.3333333333333335,0,3,3,5,3.6666666666666665,Estándar
2BQA04GY6U,2021-03-09 15:08:00,2021-03-09 15:22:00,Comercio detallista,Ropa / Accesorios,Bogotá  D.C.,1,653000,651000,2,2.0,1,1,2021-03-01,0,1.0,2,2,1,3,2.0,Estándar
2C2R3WQ145,2021-03-19 10:26:00,2021-03-19 10:41:00,Comercio detallista,Tecnología,Cali,1,415000,0,2,2.0,6,1,2021-03-01,0,6.0,2,2,2,3,2.3333333333333335,Estándar
2C5P6UUB04,2021-03-17 11:49:00,2021-03-17 12:10:00,Comercio detallista,Materiales de construcción,Bogotá  D.C.,1,13579520,821300,2,2.0,15,3,2021-05-01,3,5.0,0,5,4,5,4.666666666666667,Alto valor
2CP8XUKX7S,2021-03-02 14:59:00,2021-03-02 15:12:00,Transporte,Taxi,Cali,1,1000,0,2,2.0,1,1,2021-03-01,0,1.0,2,1,1,3,1.6666666666666667,Estándar
2CZ7QZSMST,2021-01-28 15:36:00,2021-01-28 15:46:00,Servicios,Otro,Soacha,1,2648070,16000,4,4.0,12,5,2021-05-01,3,2.4,0,4,3,5,4.0,Estándar
2EBD840C3R,2021-03-09 11:42:00,2021-03-09 11:53:00,Servicios,Tecnología y software,Bogotá  D.C.,1,2042000,140000,2,2.0,5,2,2021-04-01,0,2.5,1,3,2,4,3.0,Estándar
2G0SZDP1RI,2021-03-02 15:10:00,2021-03-02 15:20:00,Servicios,Otro,Bogotá  D.C.,1,995620,0,2,2.0,6,3,2021-05-01,1,2.0,0,3,2,5,3.3333333333333335,Estándar
2G2AO0S7TN,2021-02-11 16:45:00,2021-02-11 16:56:00,Servicios,Tecnología y software,Bogotá  D.C.,1,2429000,1322000,3,3.0,4,2,2021-05-01,3,2.0,0,3,2,5,3.3333333333333335,Estándar
2G8DLVF025,2021-03-08 18:10:00,2021-03-08 18:20:00,Comercio detallista,Materiales de construcción,Bogotá  D.C.,1,25961668,497000,2,2.0,41,3,2021-05-01,17,13.666666666666666,0,5,5,5,5.0,Alto valor
2GGDO4D53Y,2021-02-09 11:08:00,2021-02-09 11:18:00,Comercio detallista,Libros / Papelería,Bogotá  D.C.,1,1061600,289500,3,3.0,26,4,2021-05-01,10,6.5,0,3,4,5,4.0,Estándar
2GJSE8GW0R,2021-03-15 15:56:00,2021-03-15 16:11:00,Comercio detallista,Ropa / Accesorios,Bogotá  D.C.,1,1242000,0,2,2.0,17,3,2021-05-01,3,5.666666666666667,0,3,4,5,4.0,Estándar
2H32Y4FDLN,2021-03-29 16:04:00,2021-03-29 16:16:00,Comercio detallista,Insumos,Bogotá  D.C.,1,835000,0,2,2.0,2,2,2021-04-01,0,1.0,1,2,1,4,2.3333333333333335,Nuevos o bajo desarrollo
2H5BKYLK5H,2021-03-31 14:52:00,2021-03-31 15:06:00,Comercio detallista,Tecnología,Bogotá  D.C.,1,505200,0,2,2.0,8,3,2021-05-01,5,2.6666666666666665,0,2,3,5,3.3333333333333335,Estándar
2H7JHH7PV3,2021-02-04 09:22:00,2021-02-04 13:03:00,Comercio detallista,Ropa / Accesorios,Bogotá  D.C.,1,3011600,582900,3,3.0,45,4,2021-05-01,16,11.25,0,4,5,5,4.666666666666667,Alto valor
2HMWGFFAXX,2021-03-19 10:40:00,2021-03-19 11:01:00,Alimentos y bebidas,Abarrotes / Mercado,Bogotá  D.C.,1,2678200,94400,2,2.0,56,3,2021-05-01,13,18.666666666666668,0,4,5,5,4.666666666666667,Alto valor
2HOJKMUWIY,2021-02-04 11:04:00,2021-02-04 11:33:00,Reparación y limpieza,Automotriz y autopartes,Soacha,1,22278000,470000,3,3.0,33,4,2021-05-01,7,8.25,0,5,5,5,5.0,Alto valor
2HPWAABOWE,2021-03-09 16:37:00,2021-03-09 16:48:00,Comercio detallista,Farmacia,Bogotá  D.C.,1,19500,0,2,2.0,2,1,2021-03-01,0,2.0,2,1,1,3,1.6666666666666667,Estándar
2ITPSDO03V,2021-03-26 14:38:00,2021-03-26 14:49:00,Comercio detallista,Artesanías,Bogotá  D.C.,1,687000,280000,2,2.0,5,1,2021-03-01,0,5.0,2,2,2,3,2.3333333333333335,Estándar
2J7T6X56ZZ,2021-03-25 09:12:00,2021-03-25 11:16:00,Alimentos y bebidas,Abarrotes / Mercado,Carmen de Apicalá,1,4980300,901500,2,2.0,61,2,2021-04-01,0,30.5,1,4,5,4,4.333333333333333,Alto valor
2JB4VFBOY9,2021-03-19 14:54:00,2021-03-19 15:23:00,Comercio detallista,Otro,Bogotá  D.C.,1,1519000,115000,2,2.0,11,3,2021-05-01,5,3.6666666666666665,0,3,3,5,3.6666666666666665,Estándar
2JXAW6I2S0,2021-03-12 12:01:00,2021-03-12 12:09:00,Comercio detallista,Juguetería / Piñatería,Bogotá  D.C.,1,268200,0,2,2.0,9,2,2021-05-01,6,4.5,0,2,3,5,3.3333333333333335,Estándar
2KEGLETUC9,2021-03-09 18:05:00,2021-03-09 18:16:00,Comercio detallista,Tecnología,Bogotá  D.C.,1,752000,120000,2,2.0,7,3,2021-05-01,5,2.3333333333333335,0,2,2,5,3.0,Nuevos o bajo desarrollo
2KHGQSEBSX,2020-12-19 11:07:00,2020-12-19 11:23:00,Alimentos y bebidas,Licores,Bogotá  D.C.,1,3242300,176600,5,5.0,65,6,2021-05-01,7,10.833333333333334,0,4,5,5,4.666666666666667,Alto valor
2KPA5TU2E0,2021-03-16 10:46:00,2021-03-16 11:00:00,Belleza y cuidado personal,Distribuidora,Bogotá  D.C.,1,4457000,531000,2,2.0,30,3,2021-05-01,17,10.0,0,4,5,5,4.666666666666667,Alto valor
2KQPUUCJAH,2021-03-24 10:45:00,2021-03-24 10:53:00,Servicios,Otro,Bogotá  D.C.,1,202000,0,2,2.0,3,3,2021-05-01,1,1.0,0,2,1,5,2.6666666666666665,Nuevos o bajo desarrollo
2L65LJ0L30,2021-03-08 14:49:00,2021-03-08 15:09:00,Comercio detallista,Ropa / Accesorios,Bogotá  D.C.,1,2991680,700000,2,2.0,15,3,2021-05-01,2,5.0,0,4,4,5,4.333333333333333,Alto valor
2LBI92XSJQ,2021-03-29 18:33:00,2021-03-29 19:03:00,Comercio detallista,Juguetería / Piñatería,Bogotá  D.C.,1,58400,0,2,2.0,6,3,2021-05-01,2,2.0,0,1,2,5,2.6666666666666665,Nuevos o bajo desarrollo
2LGZ3Y6UKT,2020-12-18 16:17:00,2020-12-18 16:37:00,Servicios,Otro,Bogotá  D.C.,1,1000,0,5,5.0,1,1,2020-12-01,0,1.0,5,1,1,1,1.0,Baja actividad
2LVWZOKHG7,2021-03-30 18:01:00,2021-03-30 18:12:00,Servicios,Tecnología y software,Bogotá  D.C.,1,3447118,1161575,2,2.0,6,3,2021-05-01,2,2.0,0,4,2,5,3.6666666666666665,Estándar
2LWZJ2HA95,2021-03-09 18:16:00,2021-03-09 18:25:00,Comercio detallista,Ropa / Accesorios,Bogotá  D.C.,1,2000,0,2,2.0,1,1,2021-03-01,0,1.0,2,1,1,3,1.6666666666666667,Estándar
2MDBP46CWC,2021-03-16 16:45:00,2021-03-16 16:57:00,Comercio detallista,Ropa / Accesorios,Bogotá  D.C.,1,1702000,350000,2,2.0,17,3,2021-05-01,11,5.666666666666667,0,3,4,5,4.0,Estándar
2MHW0WVOU0,2021-02-04 16:24:00,2021-02-04 16:48:00,Servicios,Otro,Bogotá  D.C.,1,716000,21000,3,3.0,9,4,2021-05-01,2,2.25,0,2,3,5,3.3333333333333335,Estándar
2MQOTTTU0D,2021-02-04 14:34:00,2021-02-04 14:55:00,Servicios,Otro,Bogotá  D.C.,1,2000,0,3,3.0,1,1,2021-02-01,0,1.0,3,1,1,2,1.3333333333333333,Baja actividad
2N5XYH9ZTK,2020-08-23 20:05:00,2021-01-05 11:20:00,Servicios,Arquitectura e ingeniería,Bogotá  D.C.,1,3289000,1537000,9,4.0,2,2,2021-05-01,1,1.0,0,4,1,5,3.3333333333333335,Estándar
2N9ODMDK4V,2021-03-11 11:59:00,2021-03-15 13:37:00,Comercio detallista,Venta de bicicletas y accesorios,Bogotá  D.C.,1,72000,39000,2,2.0,1,1,2021-03-01,0,1.0,2,1,1,3,1.6666666666666667,Estándar
2NK3C1T5T3,2021-01-22 14:00:00,2021-01-22 14:14:00,Comercio detallista,Ropa / Accesorios,Soacha,1,40413200,5362300,4,4.0,111,5,2021-05-01,23,22.2,0,5,5,5,5.0,Alto valor
2PRNANDUCO,2021-02-24 12:33:00,2021-02-24 12:44:00,Comercio detallista,Óptica,Bogotá  D.C.,1,4342000,1000000,3,3.0,5,4,2021-05-01,1,1.25,0,4,2,5,3.6666666666666665,Estándar
2R16F8AZB5,2021-03-11 14:55:00,2021-03-11 15:19:00,Comercio detallista,Tecnología,Bogotá  D.C.,1,14277000,286200,2,2.0,16,3,2021-05-01,4,5.333333333333333,0,5,4,5,4.666666666666667,Alto valor
2REMVYD0V1,2021-03-25 09:55:00,2021-03-25 10:52:00,Alimentos y bebidas,Abarrotes / Mercado,Carmen de Apicalá,1,2128200,0,2,2.0,36,2,2021-04-01,0,18.0,1,3,5,4,4.0,Estándar
2RICBEP0IP,2021-03-15 17:27:00,2021-03-15 17:48:00,Turismo y entretenimiento,Entretenimiento,Bogotá  D.C.,1,2000,0,2,2.0,1,1,2021-03-01,0,1.0,2,1,1,3,1.6666666666666667,Estándar
2SC6FPOX13,2021-02-20 18:21:00,2021-02-20 18:30:00,Servicios,Diseño / Fotografía,Bogotá  D.C.,1,909904,105000,3,3.0,26,4,2021-05-01,6,6.5,0,2,4,5,3.6666666666666665,Estándar
2SI00771LD,2021-03-25 11:27:00,2021-03-25 11:42:00,Alimentos y bebidas,Repostería / Panadería,Cali,1,1000500,330500,2,2.0,37,2,2021-05-01,36,18.5,0,3,5,5,4.333333333333333,Estándar
2SIMZM34L6,2021-03-03 12:34:00,2021-03-03 13:13:00,Servicios,Otro,Bogotá  D.C.,1,3464000,740000,2,2.0,10,3,2021-05-01,2,3.3333333333333335,0,4,3,5,4.0,Estándar
2SRVGD8BOS,2021-03-24 14:02:00,2021-03-24 14:19:00,Comercio detallista,Juguetería / Piñatería,Bogotá  D.C.,1,42000,0,2,2.0,2,2,2021-04-01,0,1.0,1,1,1,4,2.0,Nuevos o bajo desarrollo
2SZ72BCY3X,2021-03-15 20:55:00,2021-03-15 21:08:00,Alimentos y bebidas,Abarrotes / Mercado,Soacha,1,2794900,1826800,2,2.0,33,3,2021-05-01,13,11.0,0,4,5,5,4.666666666666667,Alto valor
2TCSNSKGWE,2021-03-29 10:15:00,2021-03-29 10:30:00,Comercio detallista,Materiales de construcción,Bogotá  D.C.,1,1228650,522300,2,2.0,21,3,2021-05-01,9,7.0,0,3,4,5,4.0,Estándar
2U4O81AGAD,2021-03-30 10:11:00,2021-03-30 10:28:00,Comercio detallista,Ropa / Accesorios,Bogotá  D.C.,1,2395000,413000,2,2.0,17,3,2021-05-01,13,5.666666666666667,0,3,4,5,4.0,Estándar
2V7TUASBTR,2020-11-24 12:33:00,2021-03-13 13:52:00,Comercio detallista,Muebles / Decoración,Bogotá  D.C.,1,12752800,1780000,6,2.0,18,3,2021-05-01,8,6.0,0,5,4,5,4.666666666666667,Alto valor
2V98T2MMNF,2021-03-19 15:17:00,2021-03-19 15:29:00,Comercio detallista,Maquinaria,Chía,1,10216205,2207900,2,2.0,17,3,2021-05-01,8,5.666666666666667,0,5,4,5,4.666666666666667,Alto valor
2VP21AN76M,2020-12-21 13:21:00,2020-12-21 14:08:00,Comercio detallista,Muebles / Decoración,Bogotá  D.C.,1,12680000,0,5,5.0,24,6,2021-05-01,4,4.0,0,5,4,5,4.666666666666667,Alto valor
2W1EO533YD,2020-12-18 16:39:00,2020-12-18 17:00:00,Comercio detallista,Óptica,Bogotá  D.C.,1,2000,0,5,5.0,1,1,2020-12-01,0,1.0,5,1,1,1,1.0,Baja actividad
2WAHPI7T0D,2021-03-11 16:01:00,2021-03-11 16:09:00,Comercio detallista,Tecnología,Bogotá  D.C.,1,38000,0,2,2.0,5,1,2021-03-01,0,5.0,2,1,2,3,2.0,Estándar
2WM7ZS1JQH,2021-03-10 11:32:00,2021-03-10 11:49:00,Comercio detallista,Materiales de construcción,Bogotá  D.C.,1,2000,0,2,2.0,1,1,2021-03-01,0,1.0,2,1,1,3,1.6666666666666667,Estándar
2WN3MJNBRX,2021-03-20 11:52:00,2021-03-20 12:02:00,Belleza y cuidado personal,Salón de belleza,Bogotá  D.C.,1,2000,0,2,2.0,1,1,2021-03-01,0,1.0,2,1,1,3,1.6666666666666667,Estándar
2XQBXCKQNU,2021-03-16 17:41:00,2021-03-16 17:51:00,Comercio detallista,Óptica,Bogotá  D.C.,1,3099000,1117000,2,2.0,10,3,2021-05-01,2,3.3333333333333335,0,4,3,5,4.0,Estándar
2Y67HG42YI,2021-03-09 11:11:00,2021-03-20 12:24:00,Comercio detallista,Ropa / Accesorios,Choachí,1,959200,173000,2,2.0,7,2,2021-04-01,0,3.5,1,2,2,4,2.6666666666666665,Nuevos o bajo desarrollo
2YI39WKUPA,2020-12-09 14:05:00,2020-12-09 14:26:00,Servicios,Otro,Bogotá  D.C.,1,27259000,3945000,5,5.0,81,6,2021-05-01,22,13.5,0,5,5,5,5.0,Alto valor
2YY528KCXT,2021-03-09 10:39:00,2021-03-09 10:53:00,Comercio detallista,Óptica,Bogotá  D.C.,1,11589000,1335000,2,2.0,23,3,2021-05-01,8,7.666666666666667,0,5,4,5,4.666666666666667,Alto valor
2Z3ZS9GHVP,2021-03-30 17:58:00,2021-03-30 18:10:00,Servicios,Tecnología y software,Bogotá  D.C.,1,303000,286000,2,2.0,2,2,2021-05-01,1,1.0,0,2,1,5,2.6666666666666665,Nuevos o bajo desarrollo
2ZDUO76KCW,2021-03-19 15:05:00,2021-03-19 15:14:00,Comercio detallista,Elementos del hogar,Bogotá  D.C.,1,739600,157000,2,2.0,13,3,2021-05-01,3,4.333333333333333,0,2,3,5,3.3333333333333335,Estándar
2ZNF7QMFGR,2021-02-22 14:52:00,2021-02-22 15:00:00,Comercio detallista,Auto partes,Bogotá  D.C.,1,3345800,892000,3,3.0,17,4,2021-05-01,7,4.25,0,4,4,5,4.333333333333333,Alto valor
302RZNDYX8,2021-03-10 14:14:00,2021-03-10 14:24:00,Comercio detallista,Auto partes,Bogotá  D.C.,1,2000,0,2,2.0,1,1,2021-03-01,0,1.0,2,1,1,3,1.6666666666666667,Estándar
307S8LLI3D,2021-03-05 16:36:00,2021-03-05 16:46:00,Comercio detallista,Óptica,Bogotá  D.C.,1,1922000,1510000,2,2.0,3,2,2021-05-01,2,1.5,0,3,1,5,3.0,Estándar
3087FW8P09,2020-12-18 13:02:00,2020-12-18 13:25:00,Turismo y entretenimiento,Hoteles,Melgar,1,242000,120000,5,5.0,5,3,2021-04-01,0,1.6666666666666667,1,2,2,4,2.6666666666666665,Nuevos o bajo desarrollo
30NJJ4YJ5I,2021-03-10 11:50:00,2021-03-10 12:08:00,Comercio detallista,Ropa / Accesorios,Bogotá  D.C.,1,3480000,365000,2,2.0,9,3,2021-05-01,3,3.0,0,4,3,5,4.0,Estándar
310MUZZ5IN,2021-03-03 14:18:00,2021-03-03 14:37:00,Servicios,Otro,Bogotá  D.C.,1,532555,85000,2,2.0,5,2,2021-05-01,1,2.5,0,2,2,5,3.0,Nuevos o bajo desarrollo
3115HZVEPP,2021-03-12 15:39:00,2021-03-12 15:53:00,Reparación y limpieza,Moda / Zapatería,Bogotá  D.C.,1,652000,400000,2,2.0,2,2,2021-05-01,1,1.0,0,2,1,5,2.6666666666666665,Nuevos o bajo desarrollo
31XAXBHP80,2021-03-27 09:27:00,2021-03-27 09:46:00,Alimentos y bebidas,Abarrotes / Mercado,Bogotá  D.C.,1,4352720,498000,2,2.0,49,3,2021-05-01,21,16.333333333333332,0,4,5,5,4.666666666666667,Alto valor
33GHGS4PE6,2021-02-15 13:41:00,2021-02-15 13:55:00,Servicios,Otro,Bogotá  D.C.,1,1659000,0,3,3.0,3,2,2021-05-01,1,1.5,0,3,1,5,3.0,Estándar
33PC9DIPM4,2021-03-10 15:03:00,2021-03-10 15:12:00,Comercio detallista,Otro,Bogotá  D.C.,1,9353050,1801000,2,2.0,37,3,2021-05-01,23,12.333333333333334,0,5,5,5,5.0,Alto valor
33RB7BLEQE,2021-03-16 15:39:00,2021-03-16 18:01:00,Servicios,Medicina / Odontología,Bogotá  D.C.,1,1485000,205000,2,2.0,5,3,2021-05-01,3,1.6666666666666667,0,3,2,5,3.3333333333333335,Estándar
347ESZJRRL,2021-01-20 22:53:00,2021-03-24 08:12:00,Alimentos y bebidas,Licores,Bogotá  D.C.,1,2167800,466400,4,2.0,27,3,2021-05-01,10,9.0,0,3,4,5,4.0,Estándar
358IJ2REVS,2021-03-01 12:21:00,2021-03-01 12:43:00,Comercio detallista,Auto partes,La Dorada,1,4000,0,2,2.0,2,1,2021-03-01,0,2.0,2,1,1,3,1.6666666666666667,Estándar
367C9ZLWE1,2021-01-15 16:07:00,2021-01-28 18:43:00,Alimentos y bebidas,Comida rápida,Bogotá  D.C.,1,722600,73800,4,4.0,29,5,2021-05-01,7,5.8,0,2,4,5,3.6666666666666665,Estándar
36ACRHS3ZB,2021-03-10 14:41:00,2021-03-10 15:01:00,Comercio detallista,Otro,Bogotá  D.C.,1,3085250,0,2,2.0,12,2,2021-04-01,0,6.0,1,4,3,4,3.6666666666666665,Estándar
37G9FHUWKL,2021-03-24 17:11:00,2021-03-24 17:39:00,Comercio detallista,Tienda naturista,Bogotá  D.C.,1,247625,20550,2,2.0,10,3,2021-05-01,5,3.3333333333333335,0,2,3,5,3.3333333333333335,Estándar
387RYWXS2R,2021-02-09 15:24:00,2021-02-09 15:40:00,Comercio detallista,Óptica,Bogotá  D.C.,1,2192000,400000,3,3.0,7,3,2021-05-01,1,2.3333333333333335,0,3,2,5,3.3333333333333335,Estándar
38NMX1PHDQ,2021-03-08 11:53:00,2021-03-08 12:11:00,Servicios,Diseño / Fotografía,Bogotá  D.C.,1,602000,0,2,2.0,3,2,2021-04-01,0,1.5,1,2,1,4,2.3333333333333335,Nuevos o bajo desarrollo
38O5KZS3DN,2020-12-15 13:09:00,2020-12-15 13:21:00,Servicios,Otro,Bogotá  D.C.,1,4000,0,5,5.0,2,1,2020-12-01,0,2.0,5,1,1,1,1.0,Baja actividad
38QXXBQACE,2021-01-14 15:16:00,2021-01-14 15:30:00,Alimentos y bebidas,Otro,Bogotá  D.C.,1,4137550,648400,4,4.0,90,5,2021-05-01,20,18.0,0,4,5,5,4.666666666666667,Alto valor
39EDNOWQMT,2021-03-24 18:24:00,2021-03-24 18:31:00,Comercio detallista,Tecnología,Bogotá  D.C.,1,419000,0,2,2.0,15,3,2021-05-01,2,5.0,0,2,4,5,3.6666666666666665,Estándar
39FIBWZZ7F,2021-03-06 11:47:00,2021-03-06 12:15:00,Alimentos y bebidas,Abarrotes / Mercado,Bogotá  D.C.,1,3063500,220700,2,2.0,119,3,2021-05-01,45,39.666666666666664,0,4,5,5,4.666666666666667,Alto valor
39N5R42SOR,2021-03-08 18:20:00,2021-03-08 18:40:00,Comercio detallista,Materiales de construcción,Bogotá  D.C.,1,2533800,256200,2,2.0,47,3,2021-05-01,17,15.666666666666666,0,4,5,5,4.666666666666667,Alto valor
39U0HBN4L4,2021-02-26 17:05:00,2021-02-26 17:17:00,Comercio detallista,Elementos de seguridad,Bogotá  D.C.,1,10624500,4676000,3,3.0,26,3,2021-05-01,20,8.666666666666666,0,5,4,5,4.666666666666667,Alto valor
3A3VROHNHT,2021-03-17 10:31:00,2021-03-17 10:44:00,Comercio detallista,Materiales de construcción,Bogotá  D.C.,1,450200,0,2,2.0,5,2,2021-04-01,0,2.5,1,2,2,4,2.6666666666666665,Nuevos o bajo desarrollo
3A8VMKIMIM,2021-03-08 14:17:00,2021-03-08 14:31:00,Alimentos y bebidas,Comida rápida,Bogotá  D.C.,1,2470200,206400,2,2.0,77,3,2021-05-01,36,25.666666666666668,0,3,5,5,4.333333333333333,Estándar
3AK11ZZJ9Z,2021-02-05 15:40:00,2021-02-05 15:51:00,Servicios,Otro,Bogotá  D.C.,1,160000,0,3,3.0,3,2,2021-03-01,0,1.5,2,1,1,3,1.6666666666666667,Estándar
3B7WPM6TUH,2021-03-11 11:55:00,2021-03-11 12:05:00,Comercio detallista,Auto partes,Bogotá  D.C.,1,2000,0,2,2.0,1,1,2021-03-01,0,1.0,2,1,1,3,1.6666666666666667,Estándar
3BUG7LVT6L,2020-12-10 17:39:00,2020-12-10 19:58:00,Belleza y cuidado personal,Salón de belleza,Bogotá  D.C.,1,235000,0,5,5.0,3,1,2020-12-01,0,3.0,5,2,1,1,1.3333333333333333,Baja actividad
3BVEIYCPUI,2021-02-03 15:02:00,2021-02-03 15:13:00,Comercio detallista,Óptica,Bogotá  D.C.,1,2562000,850000,3,3.0,9,3,2021-04-01,0,3.0,1,4,3,4,3.6666666666666665,Estándar
3CQYW2QMSZ,2021-03-12 15:08:00,2021-03-12 15:22:00,Comercio detallista,Auto partes,Bogotá  D.C.,1,2300000,0,2,2.0,5,2,2021-05-01,2,2.5,0,3,2,5,3.3333333333333335,Estándar
3DBWT0O93P,2021-03-25 11:42:00,2021-03-25 11:50:00,Belleza y cuidado personal,Centro de tatuajes,Bogotá  D.C.,1,1226650,0,2,2.0,11,3,2021-05-01,4,3.6666666666666665,0,3,3,5,3.6666666666666665,Estándar
3DO9FZBZMR,2021-03-08 09:56:00,2021-03-08 10:06:00,Comercio detallista,Ropa / Accesorios,Bogotá  D.C.,1,14721800,5067400,2,2.0,167,3,2021-05-01,81,55.666666666666664,0,5,5,5,5.0,Alto valor
3E16XVFFKP,2021-02-04 13:33:00,2021-02-04 13:57:00,Alimentos y bebidas,Abarrotes / Mercado,Bogotá  D.C.,1,12787450,2228700,3,3.0,214,4,2021-05-01,65,53.5,0,5,5,5,5.0,Alto valor
3E9979HJCA,2021-03-11 12:42:00,2021-03-11 12:57:00,Comercio detallista,Tecnología,Bogotá  D.C.,1,2134000,714000,2,2.0,7,3,2021-05-01,1,2.3333333333333335,0,3,2,5,3.3333333333333335,Estándar
3EBRSM1XJZ,2021-02-20 15:15:00,2021-02-20 15:22:00,Comercio detallista,Óptica,Bogotá  D.C.,1,8664000,1010000,3,3.0,32,4,2021-05-01,8,8.0,0,5,5,5,5.0,Alto valor
3EICTQJZ66,2021-02-20 16:42:00,2021-02-20 17:01:00,Comercio detallista,Ropa / Accesorios,Soacha,2,1380000,253000,3,3.0,14,4,2021-05-01,3,3.5,0,3,3,5,3.6666666666666665,Estándar
3EKOTUR7PK,2021-03-15 16:15:00,2021-03-15 16:25:00,Comercio detallista,Ropa / Accesorios,Bogotá  D.C.,1,4000,2000,2,2.0,1,1,2021-03-01,0,1.0,2,1,1,3,1.6666666666666667,Estándar
3F0QW4MUY2,2020-12-12 14:01:00,2020-12-12 16:32:00,Servicios,Medicina / Odontología,Mosquera,1,5609850,1167750,5,5.0,23,3,2021-05-01,11,7.666666666666667,0,4,4,5,4.333333333333333,Alto valor
3F1ELDEVJQ,2021-03-30 18:09:00,2021-03-30 18:19:00,Comercio detallista,Ropa / Accesorios,Bogotá  D.C.,1,4351000,0,2,2.0,3,2,2021-05-01,2,1.5,0,4,1,5,3.3333333333333335,Estándar
3F81YDURLQ,2021-03-15 13:02:00,2021-04-21 11:34:00,Comercio detallista,Electrodomésticos,Bogotá  D.C.,1,780000,0,2,1.0,2,2,2021-04-01,0,1.0,1,2,1,4,2.3333333333333335,Nuevos o bajo desarrollo
3F8P8S0I4R,2021-03-16 15:22:00,2021-03-16 15:40:00,Comercio detallista,Materiales de construcción,Soacha,1,3212700,272000,2,2.0,14,3,2021-05-01,6,4.666666666666667,0,4,3,5,4.0,Estándar
3GE6F6DJZE,2021-02-06 09:11:00,2021-02-06 09:29:00,Servicios,Otro,Cali,1,1000,0,3,3.0,2,2,2021-03-01,0,1.0,2,1,1,3,1.6666666666666667,Estándar
3GFZSKUYQU,2021-02-03 15:54:00,2021-02-03 16:04:00,Belleza y cuidado personal,Salón de belleza,Bogotá  D.C.,1,127000,0,3,3.0,2,2,2021-03-01,0,1.0,2,1,1,3,1.6666666666666667,Estándar
3GWNST58M0,2021-03-18 13:58:00,2021-03-20 18:22:00,Servicios,Medicina / Odontología,Bogotá  D.C.,1,3252600,0,2,2.0,2,2,2021-04-01,0,1.0,1,4,1,4,3.0,Estándar
3HOIBTNCR2,2021-03-16 14:28:00,2021-03-16 15:01:00,Alimentos y bebidas,Restaurante / Café,Facatativá,1,1000,0,2,2.0,1,1,2021-03-01,0,1.0,2,1,1,3,1.6666666666666667,Estándar
3HXKADKAA1,2021-03-01 16:18:00,2021-03-15 08:41:00,Servicios,Otro,Bogotá  D.C.,1,1720000,0,2,2.0,2,2,2021-05-01,1,1.0,0,3,1,5,3.0,Estándar
3HYFR5C2JM,2021-03-11 12:13:00,2021-03-11 12:22:00,Turismo y entretenimiento,Eventos / Festivales,Bogotá  D.C.,1,304000,0,2,2.0,3,2,2021-04-01,0,1.5,1,2,1,4,2.3333333333333335,Nuevos o bajo desarrollo
3I99YWH3VE,2021-02-28 16:59:00,2021-02-28 17:14:00,Belleza y cuidado personal,Distribuidora,Bogotá  D.C.,1,912000,0,3,3.0,20,4,2021-05-01,7,5.0,0,2,4,5,3.6666666666666665,Estándar
3IOFYFXM95,2021-02-10 13:39:00,2021-02-10 13:51:00,Belleza y cuidado personal,Centro de tatuajes,Bogotá  D.C.,1,1000,0,3,3.0,1,1,2021-02-01,0,1.0,3,1,1,2,1.3333333333333333,Baja actividad
3JLF0A1CPQ,2021-03-24 18:31:00,2021-03-24 18:43:00,Alimentos y bebidas,Comida rápida,Cajicá,1,502055,162955,2,2.0,9,3,2021-05-01,5,3.0,0,2,3,5,3.3333333333333335,Estándar
3JWE874JL0,2021-03-12 14:53:00,2021-03-12 15:07:00,Comercio detallista,Ropa / Accesorios,Bogotá  D.C.,1,1652000,140000,2,2.0,7,2,2021-05-01,3,3.5,0,3,2,5,3.3333333333333335,Estándar
3K3ZA3QOZW,2021-03-15 18:56:00,2021-03-15 19:04:00,Belleza y cuidado personal,Otro,Bogotá  D.C.,1,3000,0,2,2.0,2,1,2021-03-01,0,2.0,2,1,1,3,1.6666666666666667,Estándar
3K9WLNENAM,2021-03-25 13:31:00,2021-03-25 13:53:00,Comercio detallista,Insumos,Bogotá  D.C.,1,3334000,430000,2,2.0,7,3,2021-05-01,3,2.3333333333333335,0,4,2,5,3.6666666666666665,Estándar
3KDO4MFTX9,2021-01-20 17:04:00,2021-01-29 17:38:00,Servicios,Otro,Bogotá  D.C.,1,9655000,322000,4,4.0,21,5,2021-05-01,7,4.2,0,5,4,5,4.666666666666667,Alto valor
3KTDMBWMGE,2021-01-19 16:49:00,2021-01-21 08:58:00,Alimentos y bebidas,Bar / Club / Discoteca,Bogotá  D.C.,1,2000,0,4,4.0,1,1,2021-01-01,0,1.0,4,1,1,1,1.0,Baja actividad
3L6MN1WKT0,2020-12-28 16:49:00,2020-12-28 16:56:00,Alimentos y bebidas,Restaurante / Café,Bogotá  D.C.,1,22808300,2247900,5,5.0,517,6,2021-05-01,153,86.16666666666667,0,5,5,5,5.0,Alto valor
3L9NNMIIXH,2020-10-01 11:21:00,2021-01-07 15:18:00,Reparación y limpieza,Automotriz y autopartes,Bogotá  D.C.,1,3344000,160000,7,4.0,9,5,2021-05-01,1,1.8,0,4,3,5,4.0,Estándar
3M1IEQTGYT,2021-03-15 16:49:00,2021-03-15 17:16:00,Comercio detallista,Ropa / Accesorios,Bogotá  D.C.,1,2335300,71500,2,2.0,15,3,2021-05-01,8,5.0,0,3,4,5,4.0,Estándar
3M8ZGHH8JG,2021-03-16 15:18:00,2021-03-16 15:36:00,Alimentos y bebidas,Abarrotes / Mercado,Bogotá  D.C.,1,65250,21100,2,2.0,3,2,2021-04-01,0,1.5,1,1,1,4,2.0,Nuevos o bajo desarrollo
3N4E1H0164,2021-03-11 14:22:00,2021-03-11 14:45:00,Servicios,Otro,Bogotá  D.C.,1,107000,0,2,2.0,3,1,2021-03-01,0,3.0,2,1,1,3,1.6666666666666667,Estándar
3N6EPAJN2C,2021-02-25 15:57:00,2021-02-25 16:22:00,Servicios,Otro,Fusagasugá,1,4545000,235000,3,3.0,15,4,2021-05-01,7,3.75,0,4,4,5,4.333333333333333,Alto valor
3NDCUAMFDW,2021-03-30 11:58:00,2021-03-30 12:18:00,Comercio detallista,Tecnología,Bogotá  D.C.,1,56000,0,2,2.0,2,2,2021-04-01,0,1.0,1,1,1,4,2.0,Nuevos o bajo desarrollo
3O2KIYAKW0,2021-03-18 15:22:00,2021-03-18 15:42:00,Servicios,Tecnología y software,Bogotá  D.C.,1,1604800,675000,2,2.0,4,2,2021-04-01,0,2.0,1,3,2,4,3.0,Estándar
3O92NJK1R6,2021-03-20 21:10:00,2021-03-20 21:20:00,Alimentos y bebidas,Abarrotes / Mercado,Ubaque,1,275000,244000,2,2.0,4,2,2021-04-01,0,2.0,1,2,2,4,2.6666666666666665,Nuevos o bajo desarrollo
3OYN40893K,2021-01-23 15:08:00,2021-01-23 15:22:00,Reparación y limpieza,Automotriz y autopartes,Bogotá  D.C.,1,72000,0,4,4.0,2,2,2021-02-01,0,1.0,3,1,1,2,1.3333333333333333,Baja actividad
3PDVHR5PBP,2021-03-18 13:13:00,2021-03-18 13:29:00,Comercio detallista,Auto partes,Bogotá  D.C.,1,1000,0,2,2.0,1,1,2021-03-01,0,1.0,2,1,1,3,1.6666666666666667,Estándar
3PIJ23L6A2,2021-02-08 12:32:00,2021-02-08 12:43:00,Belleza y cuidado personal,Spa,Bogotá  D.C.,1,7741850,1541000,3,3.0,90,4,2021-05-01,34,22.5,0,5,5,5,5.0,Alto valor
3RJTP6JVLF,2021-02-25 16:08:00,2021-02-25 16:22:00,Transporte,Mudanza,Bogotá  D.C.,1,2000,0,3,3.0,1,1,2021-02-01,0,1.0,3,1,1,2,1.3333333333333333,Baja actividad
3SJOKRATNQ,2021-02-08 17:32:00,2021-02-08 17:43:00,Servicios,Tecnología y software,Bogotá  D.C.,1,2000,0,3,3.0,1,1,2021-02-01,0,1.0,3,1,1,2,1.3333333333333333,Baja actividad
3T1QJUD7K4,2020-10-06 18:03:00,2021-01-07 09:25:00,Comercio detallista,Auto partes,Bogotá  D.C.,1,3100999,0,7,4.0,9,4,2021-05-01,2,2.25,0,4,3,5,4.0,Estándar
3TK39FW9H5,2021-03-11 11:41:00,2021-03-11 11:53:00,Servicios,Logística,Bogotá  D.C.,1,950000,0,2,2.0,3,2,2021-05-01,1,1.5,0,2,1,5,2.6666666666666665,Nuevos o bajo desarrollo
3V28ZGGG43,2021-01-27 11:11:00,2021-01-27 11:24:00,Alimentos y bebidas,Restaurante / Café,Bogotá  D.C.,1,313500,78000,4,4.0,8,4,2021-05-01,3,2.0,0,2,3,5,3.3333333333333335,Estándar
3VBXW8X05S,2021-02-08 15:24:00,2021-02-08 15:35:00,Comercio detallista,Óptica,Bogotá  D.C.,1,5204000,600000,3,3.0,17,3,2021-04-01,0,5.666666666666667,1,4,4,4,4.0,Alto valor
3VMAB5J8NS,2021-03-30 13:22:00,2021-03-30 13:35:00,Alimentos y bebidas,Abarrotes / Mercado,Bogotá  D.C.,1,2000,0,2,2.0,1,1,2021-03-01,0,1.0,2,1,1,3,1.6666666666666667,Estándar
3W02D2EQSF,2021-03-18 18:27:00,2021-03-18 18:45:00,Comercio detallista,Ropa / Accesorios,Bogotá  D.C.,1,5320000,4708000,2,2.0,8,2,2021-05-01,7,4.0,0,4,3,5,4.0,Estándar
3WRPINABI0,2021-03-08 12:26:00,2021-03-08 12:55:00,Alimentos y bebidas,Comida rápida,Bogotá  D.C.,1,830400,88250,2,2.0,21,3,2021-05-01,10,7.0,0,2,4,5,3.6666666666666665,Estándar
3X8GZPSDK1,2021-01-29 17:45:00,2021-01-29 17:59:00,Comercio detallista,Ropa / Accesorios,Soacha,1,3926000,407000,4,4.0,31,5,2021-05-01,14,6.2,0,4,5,5,4.666666666666667,Alto valor
3X8L3DFRWR,2021-01-14 11:02:00,2021-01-14 13:38:00,Comercio detallista,Materiales de construcción,Soacha,1,6253006,762900,4,4.0,25,5,2021-05-01,4,5.0,0,5,4,5,4.666666666666667,Alto valor
3XBZATZIFQ,2021-03-19 15:13:00,2021-03-19 15:23:00,Comercio detallista,Muebles / Decoración,Zipaquirá,1,22972000,4401000,2,2.0,18,3,2021-05-01,10,6.0,0,5,4,5,4.666666666666667,Alto valor
3XDPNA9F5J,2021-03-18 12:47:00,2021-03-18 13:14:00,Servicios,Otro,Bogotá  D.C.,1,1000,0,2,2.0,1,1,2021-03-01,0,1.0,2,1,1,3,1.6666666666666667,Estándar
3XM8WN9UMN,2021-03-18 12:27:00,2021-03-20 13:55:00,Comercio detallista,Ropa / Accesorios,Bogotá  D.C.,1,188000,0,2,2.0,5,3,2021-05-01,1,1.6666666666666667,0,2,2,5,3.0,Nuevos o bajo desarrollo
3Y2B4E95ZJ,2021-03-06 13:04:00,2021-03-06 13:29:00,Comercio detallista,Ropa / Accesorios,Bogotá  D.C.,1,329000,0,2,2.0,5,1,2021-03-01,0,5.0,2,2,2,3,2.3333333333333335,Estándar
3YB7BM65A7,2021-03-16 15:43:00,2021-03-16 16:00:00,Comercio detallista,Venta de bicicletas y accesorios,Bogotá  D.C.,1,2741000,1450000,2,2.0,9,2,2021-05-01,6,4.5,0,4,3,5,4.0,Estándar
3ZG8OGQYK4,2021-02-18 14:45:00,2021-02-18 15:03:00,Comercio detallista,Ropa / Accesorios,Soacha,1,5284000,961000,3,3.0,39,4,2021-05-01,16,9.75,0,4,5,5,4.666666666666667,Alto valor
406EG3IJG5,2021-01-22 11:56:00,2021-01-22 12:15:00,Servicios,Tecnología y software,Bogotá  D.C.,1,2000,0,4,4.0,1,1,2021-01-01,0,1.0,4,1,1,1,1.0,Baja actividad
40C4THYIDT,2021-03-08 10:34:00,2021-03-08 15:02:00,Reparación y limpieza,Moda / Zapatería,Bogotá  D.C.,1,2000,0,2,2.0,1,1,2021-03-01,0,1.0,2,1,1,3,1.6666666666666667,Estándar
40IMCT6J66,2021-03-23 16:53:00,2021-03-23 17:01:00,Servicios,Veterinaria,Bogotá  D.C.,1,4125500,897100,2,2.0,57,3,2021-05-01,23,19.0,0,4,5,5,4.666666666666667,Alto valor
40JHNNW6AX,2021-03-09 15:19:00,2021-03-09 15:29:00,Servicios,Otro,Bogotá  D.C.,1,1306000,0,2,2.0,4,2,2021-05-01,2,2.0,0,3,2,5,3.3333333333333335,Estándar
40LMHSU0CC,2021-03-12 12:19:00,2021-03-12 12:30:00,Comercio detallista,Ropa / Accesorios,Bogotá  D.C.,1,2000,0,2,2.0,1,1,2021-03-01,0,1.0,2,1,1,3,1.6666666666666667,Estándar
40TRBHETLV,2021-02-19 16:39:00,2021-02-19 16:49:00,Comercio detallista,Otro,Bogotá  D.C.,1,8572100,1783500,3,3.0,30,4,2021-05-01,3,7.5,0,5,5,5,5.0,Alto valor
419AYZIJHX,2021-03-09 14:35:00,2021-03-09 14:45:00,Servicios,Arquitectura e ingeniería,Bogotá  D.C.,1,1532000,760000,2,2.0,3,2,2021-04-01,0,1.5,1,3,1,4,2.6666666666666665,Estándar
41DW47V2BT,2021-03-09 14:14:00,2021-03-09 14:26:00,Comercio detallista,Ropa / Accesorios,Ibagué,1,259000,0,2,2.0,4,3,2021-05-01,1,1.3333333333333333,0,2,2,5,3.0,Nuevos o bajo desarrollo
41KB8LYK9X,2021-03-23 13:53:00,2021-03-23 14:01:00,Comercio detallista,Óptica,Bogotá  D.C.,1,4404000,360000,2,2.0,16,3,2021-05-01,4,5.333333333333333,0,4,4,5,4.333333333333333,Alto valor
42OPVX6CWZ,2021-03-16 15:29:00,2021-03-16 15:43:00,Servicios,Arquitectura e ingeniería,Bogotá  D.C.,1,452450,0,2,2.0,4,2,2021-04-01,0,2.0,1,2,2,4,2.6666666666666665,Nuevos o bajo desarrollo
43339GSPQ2,2021-03-04 19:47:00,2021-03-04 19:58:00,Alimentos y bebidas,Abarrotes / Mercado,Bogotá  D.C.,1,2000,0,2,2.0,1,1,2021-03-01,0,1.0,2,1,1,3,1.6666666666666667,Estándar
437CFU9SBP,2020-07-22 19:52:00,2021-02-11 14:46:00,Alimentos y bebidas,Comida rápida,Cali,1,5804620,938500,10,3.0,167,4,2021-05-01,68,41.75,0,4,5,5,4.666666666666667,Alto valor
43JRU0X9KJ,2021-03-17 12:48:00,2021-03-17 12:59:00,Comercio detallista,Mascotas,Bogotá  D.C.,1,21224000,11583000,2,2.0,33,2,2021-05-01,31,16.5,0,5,5,5,5.0,Alto valor
43Q6A0FTA6,2021-02-01 13:58:00,2021-02-01 14:25:00,Comercio detallista,Tecnología,Bogotá  D.C.,1,5623301,1096036,3,3.0,50,4,2021-05-01,10,12.5,0,4,5,5,4.666666666666667,Alto valor
43UKY9YLC1,2021-03-15 12:48:00,2021-03-15 13:20:00,Reparación y limpieza,Automotriz y autopartes,Madrid,1,2000,0,2,2.0,1,1,2021-03-01,0,1.0,2,1,1,3,1.6666666666666667,Estándar
44MKV9TF94,2021-03-29 16:21:00,2021-03-29 16:27:00,Comercio detallista,Ropa / Accesorios,Bogotá  D.C.,1,1428000,200000,2,2.0,4,2,2021-05-01,1,2.0,0,3,2,5,3.3333333333333335,Estándar
4511YIJ7WW,2021-01-18 17:22:00,2021-01-18 17:28:00,Reparación y limpieza,Automotriz y autopartes,Bogotá  D.C.,1,6398000,1490000,4,4.0,7,4,2021-05-01,4,1.75,0,5,2,5,4.0,Estándar
462QC6O30X,2021-03-30 20:08:00,2021-03-30 20:25:00,Comercio detallista,Juguetería / Piñatería,Bogotá  D.C.,1,2000,0,2,2.0,1,1,2021-03-01,0,1.0,2,1,1,3,1.6666666666666667,Estándar
463N772R1O,2021-01-19 15:51:00,2021-01-19 16:06:00,Comercio detallista,Óptica,Bogotá  D.C.,1,21250000,2110000,4,4.0,56,5,2021-05-01,12,11.2,0,5,5,5,5.0,Alto valor
4681S0D5D8,2021-01-12 12:03:00,2021-01-13 12:53:00,Transporte,Domicilios,Bogotá  D.C.,1,611000,146000,4,4.0,7,4,2021-05-01,1,1.75,0,2,2,5,3.0,Nuevos o bajo desarrollo
47YF8HH0Z0,2021-03-19 16:32:00,2021-03-19 16:46:00,Alimentos y bebidas,Bar / Club / Discoteca,Chía,1,1491050,159000,2,2.0,24,3,2021-05-01,5,8.0,0,3,4,5,4.0,Estándar
48K7QBUWDZ,2021-03-18 16:21:00,2021-03-18 16:31:00,Transporte,Servicio especial,Bogotá  D.C.,1,1000,0,2,2.0,1,1,2021-03-01,0,1.0,2,1,1,3,1.6666666666666667,Estándar
48X7F5USKN,2021-03-09 14:26:00,2021-03-09 14:38:00,Comercio detallista,Ropa / Accesorios,Bogotá  D.C.,1,1346000,280000,2,2.0,18,3,2021-05-01,7,6.0,0,3,4,5,4.0,Estándar
49J32IM2Y7,2021-03-19 10:55:00,2021-03-19 11:16:00,Alimentos y bebidas,Comida rápida,Bogotá  D.C.,1,2000,0,2,2.0,1,1,2021-03-01,0,1.0,2,1,1,3,1.6666666666666667,Estándar
4ABJ0CHA7B,2021-02-16 10:58:00,2021-02-16 11:09:00,Belleza y cuidado personal,Otro,Bogotá  D.C.,1,43522000,15200000,3,3.0,23,4,2021-05-01,9,5.75,0,5,4,5,4.666666666666667,Alto valor
4ADM1XECXK,2021-03-17 11:42:00,2021-03-17 11:50:00,Alimentos y bebidas,Licores,Bogotá  D.C.,1,2000,0,2,2.0,1,1,2021-03-01,0,1.0,2,1,1,3,1.6666666666666667,Estándar
4AQ6TJPC24,2021-03-13 13:49:00,2021-03-13 14:09:00,Transporte,Taxi,Cali,1,1000,0,2,2.0,1,1,2021-03-01,0,1.0,2,1,1,3,1.6666666666666667,Estándar
4AX7GUYCLI,2021-01-21 15:58:00,2021-01-21 16:13:00,Comercio detallista,Óptica,Bogotá  D.C.,2,9747000,0,4,4.0,34,5,2021-05-01,8,6.8,0,5,5,5,5.0,Alto valor
4B7NVCGYZB,2021-02-25 14:07:00,2021-02-25 14:19:00,Comercio detallista,Ropa / Accesorios,Fusagasugá,1,451000,0,3,3.0,10,4,2021-05-01,3,2.5,0,2,3,5,3.3333333333333335,Estándar
4BH3TTFWIF,2020-12-15 16:52:00,2020-12-15 17:15:00,Reparación y limpieza,Automotriz y autopartes,Soacha,1,9551200,2159150,5,5.0,24,5,2021-05-01,3,4.8,0,5,4,5,4.666666666666667,Alto valor
4CTMO7HPJL,2021-03-24 09:13:00,2021-03-24 09:28:00,Servicios,Diseño / Fotografía,Cali,1,1965300,454300,2,2.0,23,3,2021-05-01,7,7.666666666666667,0,3,4,5,4.0,Estándar
4D0T63XQOK,2021-03-15 14:56:00,2021-03-15 15:20:00,Comercio detallista,Otro,Madrid,1,2414000,325000,2,2.0,18,3,2021-05-01,8,6.0,0,3,4,5,4.0,Estándar
4EAVWAJRAD,2021-03-19 12:45:00,2021-03-19 13:02:00,Comercio detallista,Juguetería / Piñatería,Soacha,1,2000,0,2,2.0,1,1,2021-03-01,0,1.0,2,1,1,3,1.6666666666666667,Estándar
4F24QCVW53,2021-03-06 19:00:00,2021-03-06 19:09:00,Comercio detallista,Tecnología,Bogotá  D.C.,1,3244800,421000,2,2.0,55,3,2021-05-01,25,18.333333333333332,0,4,5,5,4.666666666666667,Alto valor
4FBPXQ85J7,2021-03-10 12:22:00,2021-03-10 12:37:00,Servicios,Contabilidad / Asesorías,Bogotá  D.C.,1,5509000,0,2,2.0,7,2,2021-04-01,0,3.5,1,4,2,4,3.3333333333333335,Estándar
4FNPPFHGQ5,2021-03-09 15:54:00,2021-03-09 16:06:00,Comercio detallista,Materiales de construcción,Bogotá  D.C.,1,27162500,6646000,2,2.0,22,3,2021-05-01,8,7.333333333333333,0,5,4,5,4.666666666666667,Alto valor
4G6RDWVR81,2021-03-15 16:06:00,2021-03-15 16:17:00,Comercio detallista,Ropa / Accesorios,Bogotá  D.C.,1,5202000,220000,2,2.0,16,3,2021-05-01,7,5.333333333333333,0,4,4,5,4.333333333333333,Alto valor
4GE5A1YRM4,2021-03-15 15:37:00,2021-03-15 15:50:00,Comercio detallista,Ropa / Accesorios,Bogotá  D.C.,1,2497000,945000,2,2.0,14,3,2021-05-01,9,4.666666666666667,0,3,3,5,3.6666666666666665,Estándar
4GJVWSD8O5,2021-01-25 21:14:00,2021-01-26 09:59:00,Servicios,Veterinaria,Bogotá  D.C.,1,2571000,418000,4,4.0,42,5,2021-05-01,8,8.4,0,4,5,5,4.666666666666667,Alto valor
4H8F535CTF,2021-03-30 16:18:00,2021-03-30 16:55:00,Comercio detallista,Joyería,Bogotá  D.C.,1,2000,0,2,2.0,1,1,2021-03-01,0,1.0,2,1,1,3,1.6666666666666667,Estándar
4H93ND2TH0,2021-02-10 14:47:00,2021-02-10 14:54:00,Reparación y limpieza,Automotriz y autopartes,Bogotá  D.C.,1,1685000,0,3,3.0,8,4,2021-05-01,3,2.0,0,3,3,5,3.6666666666666665,Estándar
4HBKQFZW5O,2021-03-20 14:31:00,2021-03-20 15:01:00,Servicios,Medicina / Odontología,Bogotá  D.C.,1,240000,0,2,2.0,3,1,2021-03-01,0,3.0,2,2,1,3,2.0,Estándar
4I1E11Z5Q0,2021-02-04 15:20:00,2021-02-04 15:29:00,Servicios,Tecnología y software,Bogotá  D.C.,1,4000,0,3,3.0,2,1,2021-02-01,0,2.0,3,1,1,2,1.3333333333333333,Baja actividad
4IE9F1TCAP,2021-03-03 20:06:00,2021-03-03 20:18:00,Comercio detallista,Mascotas,Bogotá  D.C.,1,6000,0,2,2.0,3,1,2021-03-01,0,3.0,2,1,1,3,1.6666666666666667,Estándar
4J64EL8D6H,2021-03-31 16:25:00,2021-03-31 16:37:00,Servicios,Otro,Bogotá  D.C.,1,28000,22000,2,2.0,3,1,2021-03-01,0,3.0,2,1,1,3,1.6666666666666667,Estándar
4J6J73PYIQ,2021-03-26 11:48:00,2021-03-26 11:58:00,Servicios,Diseño / Fotografía,Bogotá  D.C.,1,2000,0,2,2.0,1,1,2021-03-01,0,1.0,2,1,1,3,1.6666666666666667,Estándar
4J7IJF9CWW,2021-03-09 09:57:00,2021-03-09 10:09:00,Comercio detallista,Otro,Bogotá  D.C.,1,6872000,360000,2,2.0,12,3,2021-05-01,1,4.0,0,5,3,5,4.333333333333333,Estándar
4JCZ70W685,2021-03-15 15:16:00,2021-03-15 15:29:00,Comercio detallista,Ropa / Accesorios,Bogotá  D.C.,1,3000,0,2,2.0,2,1,2021-03-01,0,2.0,2,1,1,3,1.6666666666666667,Estándar
4KMHMMLHN7,2021-02-17 15:33:00,2021-02-17 15:40:00,Comercio detallista,Óptica,Bogotá  D.C.,1,1505000,0,3,3.0,6,4,2021-05-01,2,1.5,0,3,2,5,3.3333333333333335,Estándar
4KYQONNLP6,2021-03-15 10:59:00,2021-03-15 11:08:00,Comercio detallista,Elementos del hogar,Madrid,1,2000,0,2,2.0,1,1,2021-03-01,0,1.0,2,1,1,3,1.6666666666666667,Estándar
4LHHQXPDKE,2020-12-10 12:59:00,2020-12-10 13:06:00,Servicios,Contabilidad / Asesorías,Bogotá  D.C.,1,16400,0,5,5.0,2,2,2021-01-01,0,1.0,4,1,1,1,1.0,Baja actividad
4LOBNX5FL8,2021-03-10 11:44:00,2021-03-10 11:55:00,Alimentos y bebidas,Abarrotes / Mercado,Bogotá  D.C.,1,859700,220100,2,2.0,25,3,2021-05-01,12,8.333333333333334,0,2,4,5,3.6666666666666665,Estándar
4LQWLMXLYI,2021-01-14 15:00:00,2021-01-14 15:15:00,Reparación y limpieza,Reparaciones locativas,Soacha,1,15440000,0,4,4.0,12,1,2021-01-01,0,12.0,4,5,3,1,3.0,En riesgo
4M9EP4D8XL,2021-03-12 11:30:00,2021-03-12 11:42:00,Comercio detallista,Elementos del hogar,Bogotá  D.C.,1,2000,0,2,2.0,1,1,2021-03-01,0,1.0,2,1,1,3,1.6666666666666667,Estándar
4MACPK2KC8,2021-03-17 12:08:00,2021-03-17 12:20:00,Alimentos y bebidas,Comida rápida,Bogotá  D.C.,1,393400,0,2,2.0,3,1,2021-03-01,0,3.0,2,2,1,3,2.0,Estándar
4MNZKHGPCC,2021-03-16 16:04:00,2021-03-16 16:14:00,Servicios,Veterinaria,Bogotá  D.C.,1,984800,0,2,2.0,12,3,2021-05-01,1,4.0,0,3,3,5,3.6666666666666665,Estándar
4NNYNMMI84,2021-02-24 16:00:00,2021-02-24 16:12:00,Comercio detallista,Óptica,Bogotá  D.C.,1,5661000,460000,3,3.0,9,4,2021-05-01,2,2.25,0,4,3,5,4.0,Estándar
4NW1JZ9BSG,2020-12-15 11:30:00,2020-12-15 11:45:00,Servicios,Otro,Bogotá  D.C.,2,19004750,888000,5,5.0,104,6,2021-05-01,17,17.333333333333332,0,5,5,5,5.0,Alto valor
4O3SZ4POD4,2021-03-17 17:36:00,2021-03-17 17:52:00,Belleza y cuidado personal,Distribuidora,Bogotá  D.C.,1,2000930,248500,2,2.0,32,3,2021-05-01,16,10.666666666666666,0,3,5,5,4.333333333333333,Estándar
4OTYGK4503,2021-03-15 20:00:00,2021-03-15 20:16:00,Alimentos y bebidas,Bar / Club / Discoteca,Bogotá  D.C.,1,122000,0,2,2.0,2,1,2021-03-01,0,2.0,2,1,1,3,1.6666666666666667,Estándar
4OX9WJKT1U,2021-03-19 20:14:00,2021-03-19 20:31:00,Alimentos y bebidas,Abarrotes / Mercado,Bogotá  D.C.,1,3677450,828200,2,2.0,123,3,2021-05-01,69,41.0,0,4,5,5,4.666666666666667,Alto valor
4PQ9326LZS,2021-02-03 10:24:00,2021-02-03 10:36:00,Servicios,Otro,Bogotá  D.C.,1,2000,0,3,3.0,1,1,2021-02-01,0,1.0,3,1,1,2,1.3333333333333333,Baja actividad
4R3AT5HWOX,2021-03-11 18:22:00,2021-03-11 18:33:00,Reparación y limpieza,Moda / Zapatería,Bogotá  D.C.,1,1104000,388000,2,2.0,18,3,2021-05-01,11,6.0,0,3,4,5,4.0,Estándar
4R4K7PJOQT,2021-03-10 12:18:00,2021-03-10 12:34:00,Comercio detallista,Tecnología,Bogotá  D.C.,1,7836103,0,2,2.0,12,3,2021-05-01,3,4.0,0,5,3,5,4.333333333333333,Estándar
4R8ZTBXPDG,2021-03-19 18:59:00,2021-03-19 19:12:00,Comercio detallista,Ropa / Accesorios,Bogotá  D.C.,1,1524000,178000,2,2.0,13,3,2021-05-01,6,4.333333333333333,0,3,3,5,3.6666666666666665,Estándar
4RFFGGPXL3,2021-03-26 17:17:00,2021-03-26 17:27:00,Comercio detallista,Auto partes,Bogotá  D.C.,1,1593000,363000,2,2.0,18,3,2021-05-01,10,6.0,0,3,4,5,4.0,Estándar
4SE83DCBRK,2021-03-01 13:06:00,2021-03-01 13:17:00,Comercio detallista,Óptica,Bogotá  D.C.,1,2944000,600000,2,2.0,9,3,2021-05-01,3,3.0,0,4,3,5,4.0,Estándar
4SIHGLKL4Z,2021-03-13 13:34:00,2021-03-13 13:47:00,Comercio detallista,Ropa / Accesorios,Bogotá  D.C.,1,1854000,922000,2,2.0,4,1,2021-03-01,0,4.0,2,3,2,3,2.6666666666666665,Estándar
4U3DFX8D7I,2021-03-19 17:18:00,2021-03-19 17:29:00,Comercio detallista,Ropa / Accesorios,Bogotá  D.C.,1,3805600,555000,2,2.0,30,3,2021-05-01,16,10.0,0,4,5,5,4.666666666666667,Alto valor
4UKIGF1HSK,2021-03-20 09:49:00,2021-03-20 10:04:00,Belleza y cuidado personal,Distribuidora,Bogotá  D.C.,1,3000,0,2,2.0,2,2,2021-04-01,0,1.0,1,1,1,4,2.0,Nuevos o bajo desarrollo
4UM1JM7R65,2021-03-24 10:32:00,2021-03-24 10:49:00,Comercio detallista,Tecnología,Soacha,1,577000,25000,2,2.0,3,2,2021-05-01,2,1.5,0,2,1,5,2.6666666666666665,Nuevos o bajo desarrollo
4VTMSH392Z,2021-02-11 12:08:00,2021-02-11 12:28:00,Comercio detallista,Ropa / Accesorios,Soacha,1,9468000,2612000,3,3.0,92,4,2021-05-01,42,23.0,0,5,5,5,5.0,Alto valor
4VZEAZBQJI,2021-03-13 13:36:00,2021-03-13 14:07:00,Transporte,Servicio especial,Cali,1,1000,0,2,2.0,1,1,2021-03-01,0,1.0,2,1,1,3,1.6666666666666667,Estándar
4WIZ1RWV2B,2021-03-09 15:55:00,2021-03-09 16:03:00,Belleza y cuidado personal,Distribuidora,Bogotá  D.C.,1,522500,150000,2,2.0,4,2,2021-05-01,2,2.0,0,2,2,5,3.0,Nuevos o bajo desarrollo
4X2NK6G9DP,2020-12-22 16:13:00,2020-12-22 16:29:00,Comercio detallista,Juguetería / Piñatería,Bogotá  D.C.,1,1078000,28000,5,5.0,28,6,2021-05-01,9,4.666666666666667,0,3,4,5,4.0,Estándar
4X5LHZJEB4,2021-03-24 16:18:00,2021-03-24 16:33:00,Comercio detallista,Otro,Bogotá  D.C.,1,2000,0,2,2.0,1,1,2021-03-01,0,1.0,2,1,1,3,1.6666666666666667,Estándar
4X7EM82JGO,2021-03-18 17:30:00,2021-03-18 18:34:00,Belleza y cuidado personal,Suplementos,Bogotá  D.C.,1,2000,0,2,2.0,1,1,2021-03-01,0,1.0,2,1,1,3,1.6666666666666667,Estándar
4X80AYC7VZ,2021-01-12 10:57:00,2021-01-12 12:01:00,Alimentos y bebidas,Abarrotes / Mercado,Bogotá  D.C.,1,87200,0,4,4.0,5,2,2021-02-01,0,2.5,3,1,2,2,1.6666666666666667,Baja actividad
4XUWH6LSI3,2021-03-24 16:59:00,2021-03-24 17:14:00,Comercio detallista,Ropa / Accesorios,Bogotá  D.C.,1,492500,121000,2,2.0,9,3,2021-05-01,5,3.0,0,2,3,5,3.3333333333333335,Estándar
4XXG2DIY5Q,2021-03-20 17:01:00,2021-03-20 17:17:00,Belleza y cuidado personal,Salón de belleza,Cali,1,621900,190650,2,2.0,7,2,2021-05-01,5,3.5,0,2,2,5,3.0,Nuevos o bajo desarrollo
4Y5PFA6SDH,2021-03-24 15:51:00,2021-03-24 16:05:00,Comercio detallista,Óptica,Bogotá  D.C.,1,2000,0,2,2.0,1,1,2021-03-01,0,1.0,2,1,1,3,1.6666666666666667,Estándar
4YRQ0XZRMD,2021-01-19 17:19:00,2021-01-21 09:04:00,Alimentos y bebidas,Bar / Club / Discoteca,Bogotá  D.C.,1,2000,0,4,4.0,1,1,2021-01-01,0,1.0,4,1,1,1,1.0,Baja actividad
4Z3MVP68RR,2021-02-01 16:39:00,2021-02-01 16:49:00,Servicios,Otro,Bogotá  D.C.,1,1631090,0,3,3.0,5,3,2021-04-01,0,1.6666666666666667,1,3,2,4,3.0,Estándar
5080AG2S02,2020-12-25 08:18:00,2020-12-28 21:23:00,Servicios,Otro,Bogotá  D.C.,1,10233000,7969000,5,5.0,8,3,2021-05-01,2,2.6666666666666665,0,5,3,5,4.333333333333333,Estándar
50BJ2NV63B,2021-03-29 18:51:00,2021-03-29 18:59:00,Alimentos y bebidas,Restaurante / Café,Choachí,1,4130293,869123,2,2.0,52,3,2021-05-01,26,17.333333333333332,0,4,5,5,4.666666666666667,Alto valor
50E9KAFY4O,2021-02-25 16:34:00,2021-02-25 16:49:00,Comercio detallista,Ropa / Accesorios,Bogotá  D.C.,1,83000,0,3,3.0,5,3,2021-05-01,1,1.6666666666666667,0,1,2,5,2.6666666666666665,Nuevos o bajo desarrollo
50U0787KD7,2021-03-24 12:20:00,2021-03-24 12:30:00,Comercio detallista,Materiales de construcción,Bogotá  D.C.,1,4035600,236600,2,2.0,30,3,2021-05-01,14,10.0,0,4,5,5,4.666666666666667,Alto valor
50UC2CW853,2021-03-18 10:48:00,2021-03-18 10:59:00,Comercio detallista,Insumos,Bogotá  D.C.,1,2154000,300000,2,2.0,18,3,2021-05-01,11,6.0,0,3,4,5,4.0,Estándar
510GC69JDP,2021-03-11 16:51:00,2021-03-11 17:04:00,Comercio detallista,Farmacia,Bogotá  D.C.,1,176800,0,2,2.0,10,3,2021-05-01,3,3.3333333333333335,0,2,3,5,3.3333333333333335,Estándar
516CH4EN3O,2021-03-08 09:55:00,2021-03-08 10:13:00,Servicios,Diseño / Fotografía,Bogotá  D.C.,1,1000,0,2,2.0,1,1,2021-03-01,0,1.0,2,1,1,3,1.6666666666666667,Estándar
521ITSOM3V,2021-03-06 10:16:00,2021-03-06 10:25:00,Comercio detallista,Ropa / Accesorios,Soacha,1,10742000,1220000,2,2.0,56,3,2021-05-01,23,18.666666666666668,0,5,5,5,5.0,Alto valor
524YX4VDZ4,2021-02-04 13:12:00,2021-02-13 13:39:00,Servicios,Diseño / Fotografía,Bogotá  D.C.,1,4972100,510000,3,3.0,63,4,2021-05-01,22,15.75,0,4,5,5,4.666666666666667,Alto valor
533WERYV5S,2021-03-20 12:55:00,2021-03-20 13:12:00,Comercio detallista,Venta de bicicletas y accesorios,Bogotá  D.C.,1,4176999,1383999,2,2.0,24,3,2021-05-01,11,8.0,0,4,4,5,4.333333333333333,Alto valor
5424GTITOZ,2020-12-10 14:41:00,2020-12-10 19:57:00,Comercio detallista,Materiales de construcción,Bogotá  D.C.,1,13268448,1405500,5,5.0,47,6,2021-05-01,5,7.833333333333333,0,5,5,5,5.0,Alto valor
548DQ4FJ9I,2021-03-30 19:29:00,2021-03-30 19:39:00,Servicios,Otro,Bogotá  D.C.,1,107700,77700,2,2.0,2,1,2021-03-01,0,2.0,2,1,1,3,1.6666666666666667,Estándar
54IR64E9J6,2021-03-23 16:32:00,2021-03-23 16:40:00,Comercio detallista,Elementos del hogar,Bogotá  D.C.,1,29932106,0,2,2.0,27,3,2021-05-01,12,9.0,0,5,4,5,4.666666666666667,Alto valor
54Y62TPI8D,2021-03-10 16:19:00,2021-03-10 16:31:00,Comercio detallista,Muebles / Decoración,Fusagasugá,1,5889000,2520000,2,2.0,6,3,2021-05-01,3,2.0,0,4,2,5,3.6666666666666665,Estándar
5501UDRFAT,2021-02-25 15:44:00,2021-02-25 15:54:00,Belleza y cuidado personal,Salón de belleza,Bogotá  D.C.,1,3478000,794000,3,3.0,34,4,2021-05-01,13,8.5,0,4,5,5,4.666666666666667,Alto valor
552F4BK5SV,2021-01-07 15:09:00,2021-01-07 15:18:00,Comercio detallista,Óptica,Bogotá  D.C.,1,12547000,1170000,4,4.0,58,5,2021-05-01,10,11.6,0,5,5,5,5.0,Alto valor
55O8J3AAYD,2021-03-11 17:50:00,2021-03-12 21:10:00,Alimentos y bebidas,Comida rápida,Choachí,1,1384400,83000,2,2.0,50,3,2021-05-01,19,16.666666666666668,0,3,5,5,4.333333333333333,Estándar
55XNT1LGX8,2021-03-18 17:14:00,2021-03-18 17:30:00,Alimentos y bebidas,Restaurante / Café,Bogotá  D.C.,1,2000,0,2,2.0,1,1,2021-03-01,0,1.0,2,1,1,3,1.6666666666666667,Estándar
562O0UTZWU,2021-03-20 19:42:00,2021-04-22 22:33:00,Alimentos y bebidas,Comida rápida,Cali,1,222000,117000,2,1.0,5,3,2021-05-01,2,1.6666666666666667,0,2,2,5,3.0,Nuevos o bajo desarrollo
566IJLO3SU,2021-03-24 13:03:00,2021-03-24 13:18:00,Comercio detallista,Elementos del hogar,Sibaté,1,5350000,1060000,2,2.0,23,3,2021-05-01,9,7.666666666666667,0,4,4,5,4.333333333333333,Alto valor
56X3S0D7JF,2021-03-26 12:32:00,2021-03-26 12:48:00,Comercio detallista,Ropa / Accesorios,Bogotá  D.C.,1,6927000,2718000,2,2.0,67,3,2021-05-01,39,22.333333333333332,0,5,5,5,5.0,Alto valor
573VCS7ZEQ,2021-03-29 16:38:00,2021-03-29 17:02:00,Comercio detallista,Ropa / Accesorios,Bogotá  D.C.,1,1534000,460000,2,2.0,9,3,2021-05-01,2,3.0,0,3,3,5,3.6666666666666665,Estándar
57FNIDPJQP,2021-03-10 20:13:00,2021-03-10 20:22:00,Alimentos y bebidas,Restaurante / Café,Villa del Rosario,1,2266500,726000,2,2.0,17,3,2021-05-01,7,5.666666666666667,0,3,4,5,4.0,Estándar
57I6IR2ILO,2021-03-23 15:29:00,2021-03-23 15:47:00,Comercio detallista,Venta de bicicletas y accesorios,Bogotá  D.C.,1,7745100,2140000,2,2.0,19,3,2021-05-01,9,6.333333333333333,0,5,4,5,4.666666666666667,Alto valor
586566YSM7,2021-01-20 11:37:00,2021-01-20 11:55:00,Servicios,Medicina / Odontología,Bogotá  D.C.,1,9882000,2070000,4,4.0,24,5,2021-05-01,5,4.8,0,5,4,5,4.666666666666667,Alto valor
58DW5DULJ8,2021-02-08 17:17:00,2021-02-08 17:33:00,Comercio detallista,Insumos,Bogotá  D.C.,1,5819150,240420,3,3.0,37,4,2021-05-01,6,9.25,0,4,5,5,4.666666666666667,Alto valor
596LYQEXK5,2021-03-13 13:47:00,2021-03-13 14:17:00,Transporte,Taxi,Cali,1,1000,0,2,2.0,1,1,2021-03-01,0,1.0,2,1,1,3,1.6666666666666667,Estándar
5997N58LGG,2021-03-10 18:46:00,2021-03-25 11:46:00,Alimentos y bebidas,Licores,Bogotá  D.C.,1,4188920,520120,2,2.0,46,3,2021-05-01,24,15.333333333333334,0,4,5,5,4.666666666666667,Alto valor
5AMOTWU379,2020-12-28 18:08:00,2020-12-28 18:19:00,Belleza y cuidado personal,Salón de belleza,Bogotá  D.C.,1,5776810,235560,5,5.0,78,6,2021-05-01,20,13.0,0,4,5,5,4.666666666666667,Alto valor
5BHVBU8NMP,2021-02-25 11:15:00,2021-02-25 11:32:00,Reparación y limpieza,Reparaciones locativas,Soacha,1,5568900,1392000,3,3.0,9,4,2021-05-01,4,2.25,0,4,3,5,4.0,Estándar
5C1XIMDV7E,2021-03-24 11:40:00,2021-03-24 11:55:00,Comercio detallista,Joyería,Bogotá  D.C.,1,2000,0,2,2.0,1,1,2021-03-01,0,1.0,2,1,1,3,1.6666666666666667,Estándar
5C5J0HYSW2,2021-02-08 18:13:00,2021-02-08 18:25:00,Comercio detallista,Auto partes,Bogotá  D.C.,1,1315000,0,3,3.0,12,4,2021-05-01,2,3.0,0,3,3,5,3.6666666666666665,Estándar
5D7BQW71SA,2021-03-29 15:14:00,2021-03-29 15:21:00,Comercio detallista,Tecnología,Bogotá  D.C.,1,707000,540000,2,2.0,2,2,2021-04-01,0,1.0,1,2,1,4,2.3333333333333335,Nuevos o bajo desarrollo
5D8N9JCVDF,2021-03-10 15:42:00,2021-03-10 15:54:00,Comercio detallista,Óptica,Bogotá  D.C.,1,1057000,445000,2,2.0,5,3,2021-05-01,2,1.6666666666666667,0,3,2,5,3.3333333333333335,Estándar
5DFGSUKETC,2021-03-01 14:00:00,2021-03-01 14:23:00,Servicios,Otro,Bogotá  D.C.,1,202000,0,2,2.0,4,3,2021-05-01,1,1.3333333333333333,0,2,2,5,3.0,Nuevos o bajo desarrollo
5DHK79AQK5,2021-01-05 15:59:00,2021-01-07 17:28:00,Comercio detallista,Equipos médicos,Bogotá  D.C.,1,1828800,0,4,4.0,6,3,2021-05-01,4,2.0,0,3,2,5,3.3333333333333335,Estándar
5DTDW3E1KJ,2021-03-30 14:41:00,2021-03-30 14:53:00,Alimentos y bebidas,Abarrotes / Mercado,Bogotá  D.C.,1,204540,0,2,2.0,2,2,2021-05-01,1,1.0,0,2,1,5,2.6666666666666665,Nuevos o bajo desarrollo
5DU40RKNX8,2020-09-18 06:11:00,2021-01-12 15:09:00,Comercio detallista,Muebles / Decoración,Bogotá  D.C.,1,2000,0,8,4.0,1,1,2021-01-01,0,1.0,4,1,1,1,1.0,Baja actividad
5DVEVKGW9C,2021-03-18 17:13:00,2021-03-18 17:22:00,Belleza y cuidado personal,Salón de belleza,Girardot,1,365000,31000,2,2.0,11,3,2021-05-01,7,3.6666666666666665,0,2,3,5,3.3333333333333335,Estándar
5DYMUF90Z8,2021-03-11 13:09:00,2021-03-11 13:21:00,Servicios,Tecnología y software,Bogotá  D.C.,1,452000,0,2,2.0,2,2,2021-05-01,1,1.0,0,2,1,5,2.6666666666666665,Nuevos o bajo desarrollo
5EF0JIAWAT,2021-03-29 14:19:00,2021-03-29 14:28:00,Servicios,Tecnología y software,Bogotá  D.C.,1,3926150,338800,2,2.0,15,3,2021-05-01,12,5.0,0,4,4,5,4.333333333333333,Alto valor
5ERXKG9F74,2021-03-10 11:34:00,2021-03-10 11:59:00,Alimentos y bebidas,Abarrotes / Mercado,Bogotá  D.C.,1,15481872,2664450,2,2.0,353,3,2021-05-01,182,117.66666666666667,0,5,5,5,5.0,Alto valor
5F9KHRWGGL,2021-03-13 13:39:00,2021-03-13 14:01:00,Transporte,Taxi,Cali,1,121600,95700,2,2.0,4,2,2021-05-01,2,2.0,0,1,2,5,2.6666666666666665,Nuevos o bajo desarrollo
5F9SRC09PL,2021-03-26 13:53:00,2021-03-26 14:10:00,Servicios,Veterinaria,Bogotá  D.C.,1,4202745,505785,2,2.0,23,3,2021-05-01,5,7.666666666666667,0,4,4,5,4.333333333333333,Alto valor
5FGU4T9SR9,2021-03-24 13:16:00,2021-03-24 13:24:00,Comercio detallista,Materiales de construcción,Bogotá  D.C.,1,3417718,1519258,2,2.0,16,3,2021-05-01,9,5.333333333333333,0,4,4,5,4.333333333333333,Alto valor
5GEIZZMW32,2021-03-23 10:34:00,2021-03-23 10:44:00,Comercio detallista,Maquinaria,Chía,1,1218000,753000,2,2.0,2,1,2021-03-01,0,2.0,2,3,1,3,2.3333333333333335,Estándar
5HBGV3VZU0,2021-01-30 13:13:00,2021-01-30 13:20:00,Comercio detallista,Óptica,Bogotá  D.C.,1,5177000,380000,4,4.0,17,5,2021-05-01,1,3.4,0,4,4,5,4.333333333333333,Alto valor
5HXEUBFPUQ,2021-02-23 14:09:00,2021-02-23 14:17:00,Reparación y limpieza,Automotriz y autopartes,Bogotá  D.C.,1,7450000,1020000,3,3.0,8,4,2021-05-01,3,2.0,0,5,3,5,4.333333333333333,Estándar
5IBT59EFWS,2021-03-03 17:29:00,2021-03-03 18:21:00,Comercio detallista,Floristería,Bogotá  D.C.,1,27000,0,2,2.0,2,2,2021-05-01,1,1.0,0,1,1,5,2.3333333333333335,Nuevos o bajo desarrollo
5IKKFEM3AH,2021-03-24 15:20:00,2021-03-24 15:37:00,Comercio detallista,Ropa / Accesorios,Bogotá  D.C.,1,467000,29000,2,2.0,13,3,2021-05-01,6,4.333333333333333,0,2,3,5,3.3333333333333335,Estándar
5IMKKQN7ZW,2021-01-12 16:37:00,2021-03-23 17:13:00,Reparación y limpieza,Reparaciones locativas,Bogotá  D.C.,1,182000,180000,4,2.0,1,1,2021-03-01,0,1.0,2,2,1,3,2.0,Estándar
5IRPV7NJ3C,2021-03-19 18:08:00,2021-03-19 18:25:00,Comercio detallista,Elementos de seguridad,Chía,1,4461680,179000,2,2.0,27,3,2021-05-01,4,9.0,0,4,4,5,4.333333333333333,Alto valor
5ISLWOG9UP,2021-03-30 17:46:00,2021-03-30 18:02:00,Comercio detallista,Auto partes,Bogotá  D.C.,1,1000,0,2,2.0,1,1,2021-03-01,0,1.0,2,1,1,3,1.6666666666666667,Estándar
5J4XXC2J03,2020-12-18 15:21:00,2020-12-18 15:30:00,Comercio detallista,Óptica,Bogotá  D.C.,1,13715000,0,5,5.0,31,5,2021-05-01,11,6.2,0,5,5,5,5.0,Alto valor
5JM9PYADSK,2021-03-24 12:01:00,2021-03-24 13:24:00,Alimentos y bebidas,Restaurante / Café,Bogotá  D.C.,1,295000,0,2,2.0,6,2,2021-05-01,1,3.0,0,2,2,5,3.0,Nuevos o bajo desarrollo
5JOOIW2VBK,2021-02-12 15:52:00,2021-02-12 16:11:00,Comercio detallista,Insumos,Fusagasugá,1,1000000,0,3,3.0,2,1,2021-02-01,0,2.0,3,3,1,2,2.0,Estándar
5JSE5EFQ2J,2021-03-08 09:41:00,2021-03-08 09:51:00,Servicios,Diseño / Fotografía,Bogotá  D.C.,1,867000,865000,2,2.0,1,1,2021-03-01,0,1.0,2,2,1,3,2.0,Estándar
5KI7RGY0WW,2020-12-23 18:46:00,2020-12-23 19:07:00,Comercio detallista,Auto partes,Soacha,2,10526500,550000,5,5.0,52,6,2021-05-01,11,8.666666666666666,0,5,5,5,5.0,Alto valor
5KOQGJMCW4,2021-03-23 10:48:00,2021-03-23 11:22:00,Comercio detallista,Otro,Bogotá  D.C.,1,906000,0,2,2.0,4,3,2021-05-01,2,1.3333333333333333,0,2,2,5,3.0,Nuevos o bajo desarrollo
5KR3DAMCY8,2021-02-04 13:55:00,2021-02-04 14:12:00,Comercio detallista,Materiales de construcción,Soacha,1,3375050,1159300,3,3.0,28,4,2021-05-01,3,7.0,0,4,4,5,4.333333333333333,Alto valor
5KUWHJUV0L,2021-01-15 13:01:00,2021-01-15 13:25:00,Alimentos y bebidas,Restaurante / Café,Bogotá  D.C.,1,844000,198000,4,4.0,49,5,2021-05-01,6,9.8,0,2,5,5,4.0,Estándar
5LOW59L450,2021-02-17 13:21:00,2021-02-17 13:29:00,Comercio detallista,Óptica,Bogotá  D.C.,1,252000,0,3,3.0,2,1,2021-02-01,0,2.0,3,2,1,2,1.6666666666666667,Baja actividad
5LUJRGDJW6,2021-03-16 17:39:00,2021-03-16 17:52:00,Alimentos y bebidas,Restaurante / Café,El Rosal,1,4244350,795550,2,2.0,68,3,2021-05-01,32,22.666666666666668,0,4,5,5,4.666666666666667,Alto valor
5LYP7FGKNX,2021-03-08 14:45:00,2021-03-08 15:07:00,Servicios,Otro,Bogotá  D.C.,1,1792500,196500,2,2.0,14,3,2021-05-01,6,4.666666666666667,0,3,3,5,3.6666666666666665,Estándar
5MP5QTM59W,2021-02-16 13:03:00,2021-02-16 13:16:00,Servicios,Medicina / Odontología,Soacha,1,2292000,0,3,3.0,5,3,2021-04-01,0,1.6666666666666667,1,3,2,4,3.0,Estándar
5MUBCK5POR,2021-02-19 11:10:00,2021-02-19 11:22:00,Transporte,Taxi,Cali,1,464000,154000,3,3.0,6,4,2021-05-01,1,1.5,0,2,2,5,3.0,Nuevos o bajo desarrollo
5MVQX98XEN,2021-03-16 11:01:00,2021-03-16 11:10:00,Belleza y cuidado personal,Distribuidora,Bogotá  D.C.,1,9314900,5133500,2,2.0,26,3,2021-05-01,9,8.666666666666666,0,5,4,5,4.666666666666667,Alto valor
5MX555P5UM,2021-03-19 19:34:00,2021-03-19 19:43:00,Alimentos y bebidas,Restaurante / Café,Bogotá  D.C.,1,2049700,193000,2,2.0,30,3,2021-05-01,13,10.0,0,3,5,5,4.333333333333333,Estándar
5NLDLEZ7X5,2021-03-12 11:06:00,2021-03-12 11:18:00,Comercio detallista,Juguetería / Piñatería,Bogotá  D.C.,1,3883230,174600,2,2.0,53,3,2021-05-01,23,17.666666666666668,0,4,5,5,4.666666666666667,Alto valor
5NPUONVBWW,2020-12-20 10:16:00,2020-12-20 10:33:00,Comercio detallista,Ropa / Accesorios,Bogotá  D.C.,1,1883000,0,5,5.0,16,1,2020-12-01,0,16.0,5,3,4,1,2.6666666666666665,En riesgo
5NTB5MC01G,2021-03-23 17:07:00,2021-03-28 16:47:00,Comercio detallista,Ropa / Accesorios,Bogotá  D.C.,1,1135000,0,2,2.0,3,3,2021-05-01,1,1.0,0,3,1,5,3.0,Estándar
5O3AP133P3,2021-03-06 11:21:00,2021-03-06 11:34:00,Comercio detallista,Materiales de construcción,Bogotá  D.C.,1,4080000,628500,2,2.0,17,3,2021-05-01,2,5.666666666666667,0,4,4,5,4.333333333333333,Alto valor
5OHTUDW9HX,2021-03-12 11:44:00,2021-03-12 12:01:00,Comercio detallista,Otro,Bogotá  D.C.,1,1081000,630000,2,2.0,4,3,2021-05-01,1,1.3333333333333333,0,3,2,5,3.3333333333333335,Estándar
5OO4QR2BA1,2021-02-15 11:49:00,2021-02-15 12:31:00,Comercio detallista,Óptica,Bogotá  D.C.,1,677000,0,3,3.0,4,3,2021-05-01,2,1.3333333333333333,0,2,2,5,3.0,Nuevos o bajo desarrollo
5OSFJZ1QDY,2021-03-17 08:59:00,2021-03-17 09:17:00,Transporte,Servicio especial,Bogotá  D.C.,1,1000,0,2,2.0,1,1,2021-03-01,0,1.0,2,1,1,3,1.6666666666666667,Estándar
5OUE5HJ8I6,2021-03-24 12:08:00,2021-03-24 12:23:00,Servicios,Tecnología y software,Bogotá  D.C.,1,3736000,1156000,2,2.0,14,3,2021-05-01,6,4.666666666666667,0,4,3,5,4.0,Estándar
5P6UA41LOY,2021-02-10 16:28:00,2021-02-10 16:49:00,Comercio detallista,Óptica,Bogotá  D.C.,1,2147900,0,3,3.0,12,4,2021-05-01,2,3.0,0,3,3,5,3.6666666666666665,Estándar
5PGQ5OWQ6X,2021-03-18 11:03:00,2021-03-18 11:12:00,Belleza y cuidado personal,Distribuidora,Soacha,1,836500,0,2,2.0,6,3,2021-05-01,2,2.0,0,2,2,5,3.0,Nuevos o bajo desarrollo
5Q08F527DJ,2021-03-17 19:27:00,2021-03-17 19:50:00,Comercio detallista,Farmacia,Bogotá  D.C.,1,395685,93450,2,2.0,16,3,2021-05-01,8,5.333333333333333,0,2,4,5,3.6666666666666665,Estándar
5Q5PELTATN,2021-03-31 12:33:00,2021-03-31 12:46:00,Comercio detallista,Juguetería / Piñatería,Bogotá  D.C.,1,59800,57800,2,2.0,1,1,2021-03-01,0,1.0,2,1,1,3,1.6666666666666667,Estándar
5R8ND97JTL,2020-12-15 10:46:00,2020-12-15 11:04:00,Reparación y limpieza,Reparaciones locativas,Soacha,1,15283000,0,5,5.0,21,6,2021-05-01,1,3.5,0,5,4,5,4.666666666666667,Alto valor
5SJ7VK78R7,2021-03-12 14:51:00,2021-03-12 15:05:00,Comercio detallista,Otro,Bogotá  D.C.,1,15708700,3672000,2,2.0,92,3,2021-05-01,47,30.666666666666668,0,5,5,5,5.0,Alto valor
5T9TR5NGI0,2021-02-25 13:46:00,2021-02-25 14:14:00,Comercio detallista,Juguetería / Piñatería,Bogotá  D.C.,2,9032104,124425,3,3.0,70,4,2021-05-01,17,17.5,0,5,5,5,5.0,Alto valor
5TZ85I92JT,2020-12-22 12:00:00,2020-12-22 16:12:00,Belleza y cuidado personal,Salón de belleza,Bogotá  D.C.,1,34000,0,5,5.0,2,1,2020-12-01,0,2.0,5,1,1,1,1.0,Baja actividad
5UAU1JEZD2,2021-02-03 11:03:00,2021-02-03 11:19:00,Comercio detallista,Floristería,Bogotá  D.C.,1,4134676,744004,3,3.0,35,4,2021-05-01,7,8.75,0,4,5,5,4.666666666666667,Alto valor
5UW5P5Q4NM,2021-03-24 11:47:00,2021-03-24 11:57:00,Comercio detallista,Elementos del hogar,Sibaté,1,964000,0,2,2.0,6,3,2021-05-01,2,2.0,0,2,2,5,3.0,Nuevos o bajo desarrollo
5V6M0GXOA0,2021-03-25 12:13:00,2021-03-25 12:22:00,Belleza y cuidado personal,Salón de belleza,Bogotá  D.C.,1,710000,14000,2,2.0,22,3,2021-05-01,11,7.333333333333333,0,2,4,5,3.6666666666666665,Estándar
5VJP2X335Y,2021-03-18 13:23:00,2021-03-18 13:31:00,Servicios,Contabilidad / Asesorías,Bogotá  D.C.,1,164000,0,2,2.0,3,2,2021-04-01,0,1.5,1,1,1,4,2.0,Nuevos o bajo desarrollo
5VWPU1IE4P,2021-03-17 13:34:00,2021-03-17 13:44:00,Comercio detallista,Óptica,Bogotá  D.C.,1,1794000,438000,2,2.0,3,1,2021-03-01,0,3.0,2,3,1,3,2.3333333333333335,Estándar
5WGXUE0XFY,2020-12-23 13:08:00,2020-12-23 13:27:00,Comercio detallista,Farmacia,Bogotá  D.C.,1,2686600,0,5,5.0,19,6,2021-05-01,2,3.1666666666666665,0,4,4,5,4.333333333333333,Alto valor
5WYKO753KY,2021-03-03 12:59:00,2021-03-03 13:07:00,Servicios,Arquitectura e ingeniería,Bogotá  D.C.,1,5074000,2380000,2,2.0,6,3,2021-05-01,2,2.0,0,4,2,5,3.6666666666666665,Estándar
5WZMLVT713,2021-03-09 12:37:00,2021-03-09 12:55:00,Comercio detallista,Ropa / Accesorios,Bogotá  D.C.,1,437000,0,2,2.0,15,3,2021-05-01,5,5.0,0,2,4,5,3.6666666666666665,Estándar
5X2Y9U2S7M,2021-03-24 13:10:00,2021-03-24 13:20:00,Comercio detallista,Ropa / Accesorios,Bogotá  D.C.,1,515000,161000,2,2.0,7,3,2021-05-01,3,2.3333333333333335,0,2,2,5,3.0,Nuevos o bajo desarrollo
5X3XBU6Y1W,2021-03-06 11:47:00,2021-03-06 12:01:00,Alimentos y bebidas,Restaurante / Café,Bogotá  D.C.,1,4556000,633500,2,2.0,124,3,2021-05-01,51,41.333333333333336,0,4,5,5,4.666666666666667,Alto valor
5XGE6YDY25,2021-03-29 17:17:00,2021-03-29 17:29:00,Servicios,Tecnología y software,Bogotá  D.C.,1,2000,0,2,2.0,1,1,2021-03-01,0,1.0,2,1,1,3,1.6666666666666667,Estándar
5XXKS7NFE6,2021-01-29 13:15:00,2021-01-29 13:25:00,Reparación y limpieza,Automotriz y autopartes,Soacha,1,917000,88000,4,4.0,8,5,2021-05-01,1,1.6,0,2,3,5,3.3333333333333335,Estándar
5XYFYEPI0Y,2021-02-11 14:09:00,2021-02-11 14:17:00,Comercio detallista,Ropa / Accesorios,Bogotá  D.C.,1,6585000,903000,3,3.0,102,4,2021-05-01,45,25.5,0,5,5,5,5.0,Alto valor
5YI7WTR7RA,2021-01-07 13:38:00,2021-01-07 13:51:00,Comercio detallista,Óptica,Bogotá  D.C.,1,8970000,1773000,4,4.0,45,5,2021-05-01,3,9.0,0,5,5,5,5.0,Alto valor
60B1N8AIZJ,2021-03-30 15:59:00,2021-04-09 17:42:00,Belleza y cuidado personal,Distribuidora,Bogotá  D.C.,1,426350,103550,2,1.0,6,2,2021-05-01,4,3.0,0,2,2,5,3.0,Nuevos o bajo desarrollo
60D63QA8XY,2021-03-03 13:40:00,2021-03-03 13:50:00,Belleza y cuidado personal,Otro,Bogotá  D.C.,1,1504000,130000,2,2.0,23,3,2021-05-01,8,7.666666666666667,0,3,4,5,4.0,Estándar
60G7MZYD3B,2021-03-23 15:42:00,2021-03-23 15:56:00,Comercio detallista,Materiales de construcción,Bogotá  D.C.,1,31455850,4864000,2,2.0,33,3,2021-05-01,20,11.0,0,5,5,5,5.0,Alto valor
60ZSZO6Q8Z,2020-12-30 11:34:00,2021-01-12 11:38:00,Comercio detallista,Venta de bicicletas y accesorios,Bogotá  D.C.,1,11029899,0,5,4.0,5,1,2021-01-01,0,5.0,4,5,2,1,2.6666666666666665,Estándar
612MV0PYZ7,2021-03-10 16:07:00,2021-03-10 16:21:00,Comercio detallista,Materiales de construcción,Bogotá  D.C.,1,7724100,1937900,2,2.0,14,3,2021-05-01,3,4.666666666666667,0,5,3,5,4.333333333333333,Estándar
61454Z9G5W,2021-02-25 17:44:00,2021-02-25 17:56:00,Comercio detallista,Insumos,Bogotá  D.C.,1,520000,0,3,3.0,3,2,2021-03-01,0,1.5,2,2,1,3,2.0,Estándar
61KIA4DFWF,2021-01-30 14:24:00,2021-01-30 14:36:00,Belleza y cuidado personal,Masajista independiente,Bogotá  D.C.,1,882000,0,4,4.0,2,2,2021-02-01,0,1.0,3,2,1,2,1.6666666666666667,Baja actividad
61LP1C9FL8,2021-03-17 11:03:00,2021-03-17 11:12:00,Servicios,Carpintería,Bogotá  D.C.,1,267100,0,2,2.0,9,3,2021-05-01,2,3.0,0,2,3,5,3.3333333333333335,Estándar
6271HQZ27N,2021-02-02 18:23:00,2021-02-02 18:51:00,Alimentos y bebidas,Restaurante / Café,Bogotá  D.C.,1,1384400,250000,3,3.0,37,4,2021-05-01,13,9.25,0,3,5,5,4.333333333333333,Estándar
62D3OJM728,2021-03-24 14:36:00,2021-03-24 14:56:00,Comercio detallista,Ropa / Accesorios,Bogotá  D.C.,1,102000,0,2,2.0,4,2,2021-05-01,1,2.0,0,1,2,5,2.6666666666666665,Nuevos o bajo desarrollo
62G5WVMRH3,2021-03-24 15:16:00,2021-03-24 15:27:00,Comercio detallista,Óptica,Bogotá  D.C.,1,2602000,250000,2,2.0,11,3,2021-05-01,4,3.6666666666666665,0,4,3,5,4.0,Estándar
62LQJXETAX,2020-12-10 15:02:00,2020-12-10 19:57:00,Servicios,Otro,Bogotá  D.C.,1,7097000,0,5,5.0,26,6,2021-05-01,2,4.333333333333333,0,5,4,5,4.666666666666667,Alto valor
63O84O4G1G,2021-03-30 10:40:00,2021-03-30 11:06:00,Belleza y cuidado personal,Spa,Bogotá  D.C.,1,2133000,796000,2,2.0,5,3,2021-05-01,2,1.6666666666666667,0,3,2,5,3.3333333333333335,Estándar
63SL7IDTGS,2021-03-10 17:47:00,2021-03-10 18:12:00,Servicios,Otro,Bogotá  D.C.,1,10258000,0,2,2.0,10,3,2021-05-01,4,3.3333333333333335,0,5,3,5,4.333333333333333,Estándar
63WBCXK3U8,2021-03-02 12:11:00,2021-03-02 12:19:00,Alimentos y bebidas,Restaurante / Café,Bogotá  D.C.,1,33528500,149000,2,2.0,479,3,2021-05-01,94,159.66666666666666,0,5,5,5,5.0,Alto valor
63WOMQ8TRS,2021-03-08 11:09:00,2021-03-08 11:19:00,Belleza y cuidado personal,Salón de belleza,Bogotá  D.C.,1,2000,0,2,2.0,1,1,2021-03-01,0,1.0,2,1,1,3,1.6666666666666667,Estándar
65CA3QS9D9,2021-03-11 12:35:00,2021-03-11 12:44:00,Comercio detallista,Elementos de seguridad,Bogotá  D.C.,1,401000,0,2,2.0,3,2,2021-05-01,2,1.5,0,2,1,5,2.6666666666666665,Nuevos o bajo desarrollo
66R1AH4VYO,2021-02-06 11:19:00,2021-02-06 11:28:00,Comercio detallista,Ropa / Accesorios,Soacha,1,5960000,929000,3,3.0,57,4,2021-05-01,18,14.25,0,4,5,5,4.666666666666667,Alto valor
66YY89Z2JP,2021-03-16 18:16:00,2021-03-16 18:38:00,Comercio detallista,Elementos del hogar,Bogotá  D.C.,1,2000,0,2,2.0,1,1,2021-03-01,0,1.0,2,1,1,3,1.6666666666666667,Estándar
68ENKIFD0R,2021-03-18 14:12:00,2021-03-18 14:39:00,Turismo y entretenimiento,Entretenimiento,Bogotá  D.C.,1,1430000,885000,2,2.0,5,3,2021-05-01,2,1.6666666666666667,0,3,2,5,3.3333333333333335,Estándar
68RONX4D21,2021-03-12 12:24:00,2021-03-12 12:41:00,Comercio detallista,Tienda de deportes,Bogotá  D.C.,1,3000,0,2,2.0,3,1,2021-03-01,0,3.0,2,1,1,3,1.6666666666666667,Estándar
68Z1PVOS5D,2021-03-10 14:19:00,2021-03-10 14:28:00,Comercio detallista,Elementos de seguridad,Bogotá  D.C.,1,2557000,540000,2,2.0,6,3,2021-05-01,1,2.0,0,4,2,5,3.6666666666666665,Estándar
69CXZXA0ES,2021-03-10 12:19:00,2021-03-10 12:29:00,Comercio detallista,Electrodomésticos,Bogotá  D.C.,1,3000,0,2,2.0,2,1,2021-03-01,0,2.0,2,1,1,3,1.6666666666666667,Estándar
69GONJ7WL7,2021-03-16 16:55:00,2021-03-16 17:05:00,Alimentos y bebidas,Abarrotes / Mercado,Bogotá  D.C.,1,358000,0,2,2.0,16,3,2021-05-01,3,5.333333333333333,0,2,4,5,3.6666666666666665,Estándar
69MT1AWUC0,2021-02-09 12:23:00,2021-02-09 12:47:00,Comercio detallista,Juguetería / Piñatería,Bogotá  D.C.,1,2257800,286500,3,3.0,56,4,2021-05-01,14,14.0,0,3,5,5,4.333333333333333,Estándar
6ADR80VQ0A,2021-03-18 11:49:00,2021-03-18 11:57:00,Transporte,Servicio especial,Bogotá  D.C.,1,1000,0,2,2.0,1,1,2021-03-01,0,1.0,2,1,1,3,1.6666666666666667,Estándar
6B2D9VRWTJ,2021-02-15 17:15:00,2021-02-20 12:52:00,Comercio detallista,Tecnología,Bogotá  D.C.,1,348000,0,3,3.0,2,1,2021-02-01,0,2.0,3,2,1,2,1.6666666666666667,Baja actividad
6B38CXLP7A,2020-11-26 13:38:00,2021-03-17 12:15:00,Comercio detallista,Tecnología,Bogotá  D.C.,1,12538000,3187000,6,2.0,14,3,2021-05-01,6,4.666666666666667,0,5,3,5,4.333333333333333,Estándar
6BAZ76R4PD,2021-02-20 12:47:00,2021-02-20 13:01:00,Transporte,Taxi,Cali,1,217500,9900,3,3.0,6,3,2021-05-01,1,2.0,0,2,2,5,3.0,Nuevos o bajo desarrollo
6BO83N44HG,2021-03-18 18:48:00,2021-03-18 18:58:00,Belleza y cuidado personal,Suplementos,Soacha,1,2604000,550000,2,2.0,12,3,2021-05-01,9,4.0,0,4,3,5,4.0,Estándar
6C3WG23EG2,2021-03-11 17:19:00,2021-03-11 17:30:00,Alimentos y bebidas,Abarrotes / Mercado,Bogotá  D.C.,1,2989950,66300,2,2.0,71,3,2021-05-01,28,23.666666666666668,0,4,5,5,4.666666666666667,Alto valor
6C5VWLS2HH,2021-03-08 11:40:00,2021-03-08 12:50:00,Reparación y limpieza,Moda / Zapatería,Bogotá  D.C.,1,631000,120000,2,2.0,10,3,2021-05-01,1,3.3333333333333335,0,2,3,5,3.3333333333333335,Estándar
6CCTXYY95I,2021-03-19 15:11:00,2021-03-19 15:32:00,Reparación y limpieza,Automotriz y autopartes,Bogotá  D.C.,1,2505000,0,2,2.0,7,3,2021-05-01,2,2.3333333333333335,0,3,2,5,3.3333333333333335,Estándar
6CH8C929DI,2021-03-06 09:50:00,2021-03-06 09:59:00,Comercio detallista,Venta de bicicletas y accesorios,Bogotá  D.C.,1,31000,0,2,2.0,2,1,2021-03-01,0,2.0,2,1,1,3,1.6666666666666667,Estándar
6D6LEAFBPP,2021-03-25 10:14:00,2021-03-25 10:33:00,Servicios,Diseño / Fotografía,Bogotá  D.C.,1,12905500,7753500,2,2.0,15,3,2021-05-01,12,5.0,0,5,4,5,4.666666666666667,Alto valor
6DIT6L8BRF,2021-03-11 16:44:00,2021-03-11 16:58:00,Comercio detallista,Materiales de construcción,Bogotá  D.C.,1,5705400,238500,2,2.0,8,3,2021-05-01,1,2.6666666666666665,0,4,3,5,4.0,Estándar
6DSA0HVH5P,2021-01-21 13:35:00,2021-01-21 13:43:00,Comercio detallista,Óptica,Bogotá  D.C.,1,1167000,860000,4,4.0,15,5,2021-05-01,3,3.0,0,3,4,5,4.0,Estándar
6F1YSR6QRA,2020-12-12 16:54:00,2020-12-12 18:52:00,Alimentos y bebidas,Restaurante / Café,Bogotá  D.C.,1,1519760,33000,5,5.0,40,6,2021-05-01,15,6.666666666666667,0,3,5,5,4.333333333333333,Estándar
6FGX3A5PTO,2021-03-18 17:40:00,2021-03-18 17:54:00,Alimentos y bebidas,Restaurante / Café,Bogotá  D.C.,1,2423400,177000,2,2.0,17,3,2021-05-01,5,5.666666666666667,0,3,4,5,4.0,Estándar
6FPBCBCBR6,2021-03-03 14:04:00,2021-03-03 14:13:00,Alimentos y bebidas,Comida rápida,Bogotá  D.C.,1,1209685,162000,2,2.0,40,3,2021-05-01,12,13.333333333333334,0,3,5,5,4.333333333333333,Estándar
6G0AX2PWQ1,2021-03-19 08:31:00,2021-03-19 08:42:00,Transporte,Servicio especial,Bogotá  D.C.,1,1000,0,2,2.0,1,1,2021-03-01,0,1.0,2,1,1,3,1.6666666666666667,Estándar
6GI49VGELH,2021-03-18 12:43:00,2021-03-18 13:08:00,Alimentos y bebidas,Restaurante / Café,La Mesa,1,3888700,1603200,2,2.0,27,3,2021-05-01,17,9.0,0,4,4,5,4.333333333333333,Alto valor
6GOYSKZN4A,2021-03-11 14:24:00,2021-03-14 11:37:00,Alimentos y bebidas,Restaurante / Café,Choachí,1,4314300,1847500,2,2.0,63,3,2021-05-01,33,21.0,0,4,5,5,4.666666666666667,Alto valor
6GRPQXR5QQ,2021-03-24 11:28:00,2021-03-24 11:38:00,Alimentos y bebidas,Otro,Bogotá  D.C.,1,408200,24600,2,2.0,8,3,2021-05-01,3,2.6666666666666665,0,2,3,5,3.3333333333333335,Estándar
6H1TYTVCAO,2021-03-16 16:10:00,2021-03-16 16:21:00,Comercio detallista,Ropa / Accesorios,Bogotá  D.C.,1,1000,0,2,2.0,1,1,2021-03-01,0,1.0,2,1,1,3,1.6666666666666667,Estándar
6HNN0LETDC,2021-01-20 16:11:00,2021-01-20 16:20:00,Reparación y limpieza,Moda / Zapatería,Bogotá  D.C.,1,1547000,106000,4,4.0,28,5,2021-05-01,7,5.6,0,3,4,5,4.0,Estándar
6HWU32GZ2S,2021-03-16 16:49:00,2021-03-16 17:08:00,Comercio detallista,Elementos del hogar,Soacha,1,1743000,0,2,2.0,8,3,2021-05-01,1,2.6666666666666665,0,3,3,5,3.6666666666666665,Estándar
6JVV2H9RRG,2021-03-26 15:49:00,2021-03-26 15:57:00,Comercio detallista,Insumos,Soacha,1,18466349,5463090,2,2.0,21,3,2021-05-01,7,7.0,0,5,4,5,4.666666666666667,Alto valor
6K8MFS8NDA,2021-03-24 15:54:00,2021-03-24 16:06:00,Comercio detallista,Tienda de deportes,Bogotá  D.C.,1,1467000,80000,2,2.0,8,3,2021-05-01,5,2.6666666666666665,0,3,3,5,3.6666666666666665,Estándar
6KGP8MABR4,2021-03-09 13:08:00,2021-03-09 13:22:00,Comercio detallista,Farmacia,Bogotá  D.C.,1,105500,66000,2,2.0,4,2,2021-04-01,0,2.0,1,1,2,4,2.3333333333333335,Nuevos o bajo desarrollo
6KHRNF6P7R,2021-03-01 13:42:00,2021-03-01 13:49:00,Comercio detallista,Muebles / Decoración,Bogotá  D.C.,1,4137000,0,2,2.0,5,3,2021-05-01,1,1.6666666666666667,0,4,2,5,3.6666666666666665,Estándar
6KJOYO84M8,2021-03-13 16:01:00,2021-03-13 16:12:00,Alimentos y bebidas,Comida rápida,Funza,1,394500,63000,2,2.0,11,3,2021-05-01,4,3.6666666666666665,0,2,3,5,3.3333333333333335,Estándar
6L99AGJHH4,2021-03-16 11:53:00,2021-03-16 12:14:00,Comercio detallista,Materiales de construcción,Bogotá  D.C.,1,1000,0,2,2.0,1,1,2021-03-01,0,1.0,2,1,1,3,1.6666666666666667,Estándar
6LD30NM8O9,2021-02-24 21:08:00,2021-02-24 21:23:00,Alimentos y bebidas,Comida rápida,Bogotá  D.C.,1,6859000,961000,3,3.0,138,4,2021-05-01,56,34.5,0,5,5,5,5.0,Alto valor
6LG4ZFETCV,2020-12-21 13:08:00,2020-12-21 13:17:00,Alimentos y bebidas,Repostería / Panadería,Bogotá  D.C.,1,477900,104500,5,5.0,28,6,2021-05-01,8,4.666666666666667,0,2,4,5,3.6666666666666665,Estándar
6LHUXX86FS,2021-03-10 17:52:00,2021-03-10 18:22:00,Belleza y cuidado personal,Salón de belleza,Bogotá  D.C.,1,173500,32000,2,2.0,5,3,2021-05-01,1,1.6666666666666667,0,2,2,5,3.0,Nuevos o bajo desarrollo
6LJNP7MCG5,2021-03-15 12:09:00,2021-03-15 12:18:00,Comercio detallista,Tecnología,Bogotá  D.C.,1,3743197,0,2,2.0,12,3,2021-05-01,3,4.0,0,4,3,5,4.0,Estándar
6LTBMBN8NC,2021-03-18 12:52:00,2021-03-18 13:01:00,Reparación y limpieza,Automotriz y autopartes,Fusagasugá,1,1502000,271000,2,2.0,11,3,2021-05-01,4,3.6666666666666665,0,3,3,5,3.6666666666666665,Estándar
6LUXMSBYCK,2021-01-12 15:09:00,2021-01-12 15:31:00,Comercio detallista,Auto partes,Bogotá  D.C.,1,5970850,128400,4,4.0,37,5,2021-05-01,1,7.4,0,4,5,5,4.666666666666667,Alto valor
6MUXAOTO28,2021-01-30 13:37:00,2021-01-30 13:51:00,Servicios,Tecnología y software,Bogotá  D.C.,1,2000,0,4,4.0,1,1,2021-01-01,0,1.0,4,1,1,1,1.0,Baja actividad
6N0H9X7LAL,2021-03-05 16:25:00,2021-03-05 17:53:00,Comercio detallista,Tecnología,Bogotá  D.C.,1,2000,0,2,2.0,1,1,2021-03-01,0,1.0,2,1,1,3,1.6666666666666667,Estándar
6NG2IZHSH9,2021-03-26 20:40:00,2021-03-26 20:49:00,Comercio detallista,Farmacia,Bogotá  D.C.,1,4000,0,2,2.0,2,2,2021-04-01,0,1.0,1,1,1,4,2.0,Nuevos o bajo desarrollo
6NH5UYUQPI,2021-02-19 17:31:00,2021-02-19 17:47:00,Reparación y limpieza,Reparaciones locativas,Soacha,1,20058155,8066925,3,3.0,22,4,2021-05-01,5,5.5,0,5,4,5,4.666666666666667,Alto valor
6O46N9MHC5,2021-01-29 13:55:00,2021-01-29 14:06:00,Comercio detallista,Óptica,Bogotá  D.C.,1,9073000,1781000,4,4.0,18,5,2021-05-01,6,3.6,0,5,4,5,4.666666666666667,Alto valor
6OB6EAIZ1W,2021-03-15 16:22:00,2021-03-15 16:33:00,Comercio detallista,Electrodomésticos,Madrid,1,7506700,0,2,2.0,6,2,2021-04-01,0,3.0,1,5,2,4,3.6666666666666665,Estándar
6ONO0CBH7X,2021-01-07 16:40:00,2021-01-07 17:05:00,Comercio detallista,Materiales de construcción,Soacha,1,1191700,17300,4,4.0,21,5,2021-05-01,7,4.2,0,3,4,5,4.0,Estándar
6OV39AQ6SZ,2021-03-08 13:23:00,2021-03-08 13:38:00,Reparación y limpieza,Otro,Bogotá  D.C.,1,146150,0,2,2.0,4,2,2021-05-01,2,2.0,0,1,2,5,2.6666666666666665,Nuevos o bajo desarrollo
6PDAJ0HTJK,2021-03-16 15:40:00,2021-03-16 16:08:00,Servicios,Tecnología y software,Soacha,2,4724650,967500,2,2.0,27,3,2021-05-01,10,9.0,0,4,4,5,4.333333333333333,Alto valor
6PN5UVOT9X,2021-02-05 14:20:00,2021-02-05 14:30:00,Servicios,Carpintería,Bogotá  D.C.,1,2000,0,3,3.0,1,1,2021-02-01,0,1.0,3,1,1,2,1.3333333333333333,Baja actividad
6PXSUO8JYJ,2021-03-24 16:03:00,2021-03-24 16:28:00,Comercio detallista,Ropa / Accesorios,Cajicá,1,1333000,160000,2,2.0,13,3,2021-05-01,5,4.333333333333333,0,3,3,5,3.6666666666666665,Estándar
6Q11YM9F8F,2021-03-13 13:33:00,2021-03-13 13:52:00,Transporte,Taxi,Cali,1,1029900,149000,2,2.0,5,2,2021-05-01,3,2.5,0,3,2,5,3.3333333333333335,Estándar
6R8RD080AG,2021-03-21 11:11:00,2021-03-21 11:21:00,Servicios,Tecnología y software,Soacha,1,158500,157500,2,2.0,1,1,2021-03-01,0,1.0,2,1,1,3,1.6666666666666667,Estándar
6RT5FC9F2H,2021-03-09 11:05:00,2021-03-09 11:17:00,Comercio detallista,Óptica,Bogotá  D.C.,1,5994000,1359000,2,2.0,24,3,2021-05-01,8,8.0,0,4,4,5,4.333333333333333,Alto valor
6S5FR3W0EI,2021-02-05 13:55:00,2021-02-05 14:03:00,Belleza y cuidado personal,Distribuidora,Bogotá  D.C.,1,435900,121800,3,3.0,10,3,2021-05-01,5,3.3333333333333335,0,2,3,5,3.3333333333333335,Estándar
6T90JTRF28,2021-03-03 16:07:00,2021-03-24 10:48:00,Comercio detallista,Otro,Bogotá  D.C.,1,151000,0,2,2.0,2,1,2021-03-01,0,2.0,2,1,1,3,1.6666666666666667,Estándar
6THE7Y9N8W,2021-03-19 15:27:00,2021-03-19 15:46:00,Servicios,Tecnología y software,Villa de San Diego de Ubate,1,3000,0,2,2.0,3,1,2021-03-01,0,3.0,2,1,1,3,1.6666666666666667,Estándar
6TQVUX9YWR,2021-03-19 12:17:00,2021-03-19 12:36:00,Comercio detallista,Otro,Bogotá  D.C.,1,10252500,1903500,2,2.0,53,3,2021-05-01,35,17.666666666666668,0,5,5,5,5.0,Alto valor
6UWXH1AGKT,2021-03-11 13:51:00,2021-03-11 14:11:00,Comercio detallista,Tecnología,Bogotá  D.C.,1,24388606,1425000,2,2.0,25,3,2021-05-01,6,8.333333333333334,0,5,4,5,4.666666666666667,Alto valor
6VHSE8Q4CT,2021-02-23 12:12:00,2021-02-23 12:35:00,Servicios,Otro,Bogotá  D.C.,1,269000,0,3,3.0,4,3,2021-04-01,0,1.3333333333333333,1,2,2,4,2.6666666666666665,Nuevos o bajo desarrollo
6W42KQX92H,2021-03-30 13:56:00,2021-03-30 14:09:00,Comercio detallista,Ropa / Accesorios,Bogotá  D.C.,1,442500,123000,2,2.0,7,3,2021-05-01,2,2.3333333333333335,0,2,2,5,3.0,Nuevos o bajo desarrollo
6W9NQBH43N,2021-03-16 18:04:00,2021-03-16 18:18:00,Comercio detallista,Ropa / Accesorios,Bogotá  D.C.,1,774000,0,2,2.0,4,1,2021-03-01,0,4.0,2,2,2,3,2.3333333333333335,Estándar
6WG7Q4R47V,2021-01-20 16:46:00,2021-01-20 16:56:00,Comercio detallista,Óptica,Bogotá  D.C.,1,13171400,1084000,4,4.0,39,5,2021-05-01,7,7.8,0,5,5,5,5.0,Alto valor
6WWOGHL4AX,2021-03-12 13:37:00,2021-03-12 13:58:00,Comercio detallista,Ropa / Accesorios,Soacha,1,1019500,43000,2,2.0,17,3,2021-05-01,2,5.666666666666667,0,3,4,5,4.0,Estándar
6XDQ7ES293,2021-02-16 14:32:00,2021-02-16 14:49:00,Comercio detallista,Óptica,Bogotá  D.C.,1,11915000,985000,3,3.0,38,4,2021-05-01,25,9.5,0,5,5,5,5.0,Alto valor
6XV4WOY43J,2021-03-25 12:24:00,2021-04-04 12:28:00,Comercio detallista,Venta de bicicletas y accesorios,Bogotá  D.C.,1,981100,0,2,1.0,4,2,2021-05-01,2,2.0,0,3,2,5,3.3333333333333335,Estándar
6Y7TOGK3HX,2021-03-08 12:47:00,2021-03-08 13:04:00,Comercio detallista,Tecnología,Bogotá  D.C.,1,3397612,119900,2,2.0,37,3,2021-05-01,7,12.333333333333334,0,4,5,5,4.666666666666667,Alto valor
6YCU2HUC9N,2021-03-08 15:39:00,2021-03-08 15:50:00,Reparación y limpieza,Automotriz y autopartes,Bogotá  D.C.,1,440400,322300,2,2.0,3,2,2021-05-01,1,1.5,0,2,1,5,2.6666666666666665,Nuevos o bajo desarrollo
6YIDILXE3U,2021-03-18 13:20:00,2021-03-18 13:31:00,Reparación y limpieza,Reparaciones locativas,Bogotá  D.C.,1,54500,0,2,2.0,4,2,2021-04-01,0,2.0,1,1,2,4,2.3333333333333335,Nuevos o bajo desarrollo
6Z2KP7XG7H,2021-03-30 19:32:00,2021-03-30 19:52:00,Alimentos y bebidas,Restaurante / Café,Bogotá  D.C.,1,454300,0,2,2.0,13,3,2021-05-01,5,4.333333333333333,0,2,3,5,3.3333333333333335,Estándar
6Z9J3UF1AU,2021-03-18 16:03:00,2021-03-18 16:18:00,Comercio detallista,Mascotas,Bogotá  D.C.,1,1234000,0,2,2.0,8,2,2021-04-01,0,4.0,1,3,3,4,3.3333333333333335,Estándar
6ZNZOGYY54,2021-02-09 17:55:00,2021-02-09 18:04:00,Comercio detallista,Óptica,Bogotá  D.C.,1,2000,0,3,3.0,1,1,2021-02-01,0,1.0,3,1,1,2,1.3333333333333333,Baja actividad
7007WG0QHB,2021-03-20 13:32:00,2021-03-20 13:43:00,Alimentos y bebidas,Comida rápida,Villa de San Diego de Ubate,1,246000,0,2,2.0,11,3,2021-05-01,3,3.6666666666666665,0,2,3,5,3.3333333333333335,Estándar
70ZPXGRY9P,2021-02-23 19:23:00,2021-02-23 19:34:00,Comercio detallista,Electrodomésticos,Bogotá  D.C.,1,2000,0,3,3.0,1,1,2021-02-01,0,1.0,3,1,1,2,1.3333333333333333,Baja actividad
71YQCGQK01,2021-03-08 16:15:00,2021-03-08 16:28:00,Comercio detallista,Tecnología,Bogotá  D.C.,1,1411000,225000,2,2.0,14,3,2021-05-01,5,4.666666666666667,0,3,3,5,3.6666666666666665,Estándar
71YU6SWV77,2021-03-24 13:15:00,2021-03-24 13:27:00,Servicios,Otro,Bogotá  D.C.,1,47068100,6351300,2,2.0,79,3,2021-05-01,50,26.333333333333332,0,5,5,5,5.0,Alto valor
726I91BXBA,2021-02-01 12:19:00,2021-02-01 12:25:00,Comercio detallista,Muebles / Decoración,Bogotá  D.C.,1,10914000,5115000,3,3.0,16,4,2021-05-01,4,4.0,0,5,4,5,4.666666666666667,Alto valor
72U4V3KG5U,2020-12-07 15:51:00,2020-12-07 16:10:00,Alimentos y bebidas,Catering,Bogotá  D.C.,1,2400000,160000,5,5.0,15,4,2021-05-01,2,3.75,0,3,4,5,4.0,Estándar
72XBOKXEIH,2021-01-28 14:09:00,2021-01-28 14:26:00,Comercio detallista,Óptica,Bogotá  D.C.,1,6881000,230000,4,4.0,29,5,2021-05-01,10,5.8,0,5,4,5,4.666666666666667,Alto valor
73EDNK0WRW,2021-03-24 11:39:00,2021-03-24 11:52:00,Comercio detallista,Ropa / Accesorios,Bogotá  D.C.,1,2246500,592500,2,2.0,11,3,2021-05-01,2,3.6666666666666665,0,3,3,5,3.6666666666666665,Estándar
73LCCUD9DX,2021-03-13 11:49:00,2021-03-13 12:01:00,Comercio detallista,Ropa / Accesorios,Bogotá  D.C.,1,1980400,727500,2,2.0,7,2,2021-05-01,6,3.5,0,3,2,5,3.3333333333333335,Estándar
74TBGMSJMT,2021-03-15 12:33:00,2021-03-15 12:47:00,Comercio detallista,Auto partes,Bogotá  D.C.,1,527000,5000,2,2.0,3,2,2021-04-01,0,1.5,1,2,1,4,2.3333333333333335,Nuevos o bajo desarrollo
756ZYWI7MJ,2021-03-08 17:57:00,2021-03-08 18:13:00,Alimentos y bebidas,Restaurante / Café,Cali,1,4000,0,2,2.0,4,1,2021-03-01,0,4.0,2,1,2,3,2.0,Estándar
75I3FR4BW7,2021-03-06 17:07:00,2021-03-06 17:31:00,Comercio detallista,Revendedor,Bogotá  D.C.,1,1626000,0,2,2.0,6,2,2021-04-01,0,3.0,1,3,2,4,3.0,Estándar
75VOFYNEEC,2021-03-30 10:42:00,2021-03-30 10:58:00,Comercio detallista,Otro,Bogotá  D.C.,1,1419500,80000,2,2.0,14,3,2021-05-01,6,4.666666666666667,0,3,3,5,3.6666666666666665,Estándar
75XYC1LM29,2021-03-26 11:33:00,2021-03-26 11:47:00,Comercio detallista,Ropa / Accesorios,Bogotá  D.C.,1,443950,0,2,2.0,6,3,2021-05-01,2,2.0,0,2,2,5,3.0,Nuevos o bajo desarrollo
76FSMJ6JPI,2021-03-26 15:51:00,2021-03-26 16:01:00,Comercio detallista,Ropa / Accesorios,Bogotá  D.C.,1,41000,0,2,2.0,4,2,2021-04-01,0,2.0,1,1,2,4,2.3333333333333335,Nuevos o bajo desarrollo
776RIIB8DT,2021-03-25 15:03:00,2021-03-25 15:22:00,Reparación y limpieza,Automotriz y autopartes,Bogotá  D.C.,1,4886500,1648000,2,2.0,41,3,2021-05-01,21,13.666666666666666,0,4,5,5,4.666666666666667,Alto valor
77VLSJ17LJ,2021-03-15 17:48:00,2021-03-15 18:04:00,Servicios,Otro,Bogotá  D.C.,1,61000,0,2,2.0,2,2,2021-04-01,0,1.0,1,1,1,4,2.0,Nuevos o bajo desarrollo
7813YDFCCF,2021-03-11 11:42:00,2021-03-11 11:49:00,Comercio detallista,Elementos de seguridad,Bogotá  D.C.,1,2921000,0,2,2.0,19,2,2021-04-01,0,9.5,1,4,4,4,4.0,Alto valor
78WLHXF64M,2021-03-16 12:40:00,2021-03-16 12:58:00,Comercio detallista,Ropa / Accesorios,Bogotá  D.C.,1,372000,0,2,2.0,2,1,2021-03-01,0,2.0,2,2,1,3,2.0,Estándar
79119O6TAJ,2021-03-29 16:44:00,2021-03-29 16:52:00,Comercio detallista,Ropa / Accesorios,Bogotá  D.C.,1,1006000,165000,2,2.0,14,3,2021-05-01,8,4.666666666666667,0,3,3,5,3.6666666666666665,Estándar
793UFS4M19,2021-03-11 10:47:00,2021-03-11 10:59:00,Comercio detallista,Café internet,Bogotá  D.C.,1,172000,170000,2,2.0,1,1,2021-03-01,0,1.0,2,2,1,3,2.0,Estándar
79B53NLN1V,2021-03-03 14:24:00,2021-03-03 14:34:00,Comercio detallista,Ropa / Accesorios,Bogotá  D.C.,1,2879000,70000,2,2.0,28,3,2021-05-01,5,9.333333333333334,0,4,4,5,4.333333333333333,Alto valor
79THSYNSUW,2021-01-27 14:06:00,2021-01-27 17:05:00,Servicios,Otro,Bogotá  D.C.,1,2654000,0,4,4.0,18,5,2021-05-01,7,3.6,0,4,4,5,4.333333333333333,Alto valor
7A561QKVO8,2021-03-12 17:10:00,2021-03-12 17:21:00,Servicios,Carpintería,Bogotá  D.C.,1,2000,0,2,2.0,1,1,2021-03-01,0,1.0,2,1,1,3,1.6666666666666667,Estándar
7AIBADIKEN,2021-03-16 14:59:00,2021-03-16 15:13:00,Comercio detallista,Muebles / Decoración,Soacha,1,718200,0,2,2.0,4,3,2021-05-01,1,1.3333333333333333,0,2,2,5,3.0,Nuevos o bajo desarrollo
7BCB0QY8D8,2020-12-10 17:07:00,2020-12-10 19:58:00,Servicios,Otro,Bogotá  D.C.,1,16391000,1510000,5,5.0,64,6,2021-05-01,17,10.666666666666666,0,5,5,5,5.0,Alto valor
7C8D7TED4O,2021-03-26 08:31:00,2021-03-26 08:44:00,Alimentos y bebidas,Restaurante / Café,Bogotá  D.C.,1,4723500,475500,2,2.0,77,3,2021-05-01,35,25.666666666666668,0,4,5,5,4.666666666666667,Alto valor
7CNA7K4YX6,2021-02-02 10:42:00,2021-02-02 10:56:00,Alimentos y bebidas,Restaurante / Café,Bogotá  D.C.,1,3504100,1799800,3,3.0,68,4,2021-05-01,15,17.0,0,4,5,5,4.666666666666667,Alto valor
7CRAJR678B,2021-03-30 13:30:00,2021-03-30 13:44:00,Comercio detallista,Ropa / Accesorios,Bogotá  D.C.,1,857000,350000,2,2.0,6,3,2021-05-01,3,2.0,0,2,2,5,3.0,Nuevos o bajo desarrollo
7CVOZL27VO,2020-12-23 17:30:00,2020-12-23 17:46:00,Comercio detallista,Ropa / Accesorios,Bogotá  D.C.,1,384000,0,5,5.0,13,4,2021-03-01,0,3.25,2,2,3,3,2.6666666666666665,Estándar
7DCUZ4SAI7,2020-12-18 17:33:00,2020-12-18 17:52:00,Comercio detallista,Ropa / Accesorios,Melgar,1,65792600,7845000,5,5.0,366,6,2021-05-01,44,61.0,0,5,5,5,5.0,Alto valor
7DZPGHB7YX,2021-03-09 13:28:00,2021-03-09 13:41:00,Comercio detallista,Ropa / Accesorios,Bogotá  D.C.,1,8906700,1877000,2,2.0,51,3,2021-05-01,25,17.0,0,5,5,5,5.0,Alto valor
7EY4KHBTH0,2021-02-18 11:30:00,2021-02-18 11:46:00,Alimentos y bebidas,Comida rápida,Bogotá  D.C.,1,185500,0,3,3.0,9,4,2021-05-01,2,2.25,0,2,3,5,3.3333333333333335,Estándar
7FPGHF39UM,2021-03-19 16:38:00,2021-03-19 16:53:00,Comercio detallista,Otro,Bogotá  D.C.,1,2939000,358000,2,2.0,13,3,2021-05-01,4,4.333333333333333,0,4,3,5,4.0,Estándar
7G57A1ZDBA,2021-02-22 17:27:00,2021-02-22 17:39:00,Comercio detallista,Elementos de seguridad,Bogotá  D.C.,1,6320000,1975300,3,3.0,34,4,2021-05-01,10,8.5,0,5,5,5,5.0,Alto valor
7GH5816S8S,2021-03-26 11:55:00,2021-03-26 12:03:00,Belleza y cuidado personal,Distribuidora,Bogotá  D.C.,1,912000,0,2,2.0,11,3,2021-05-01,6,3.6666666666666665,0,2,3,5,3.3333333333333335,Estándar
7GOD67NBF3,2021-02-08 16:45:00,2021-02-08 16:57:00,Belleza y cuidado personal,Spa,Bogotá  D.C.,1,5672000,0,3,3.0,2,2,2021-05-01,1,1.0,0,4,1,5,3.3333333333333335,Estándar
7H4W4M19RN,2021-02-26 14:56:00,2021-02-26 15:08:00,Comercio detallista,Elementos de seguridad,Bogotá  D.C.,1,3616000,90000,3,3.0,17,4,2021-05-01,4,4.25,0,4,4,5,4.333333333333333,Alto valor
7IL8SVB1GO,2021-02-11 14:01:00,2021-02-11 14:28:00,Comercio detallista,Óptica,Bogotá  D.C.,1,3502000,800000,3,3.0,11,4,2021-05-01,3,2.75,0,4,3,5,4.0,Estándar
7ISY60C8WL,2021-02-12 15:16:00,2021-02-12 15:31:00,Comercio detallista,Libros / Papelería,Fusagasugá,1,130100,0,3,3.0,6,3,2021-05-01,2,2.0,0,1,2,5,2.6666666666666665,Nuevos o bajo desarrollo
7IY458L77P,2021-03-19 16:15:00,2021-03-19 16:23:00,Comercio detallista,Libros / Papelería,Zipaquirá,1,106000,0,2,2.0,3,3,2021-05-01,1,1.0,0,1,1,5,2.3333333333333335,Nuevos o bajo desarrollo
7IY5UZ166R,2020-12-18 12:37:00,2020-12-18 12:50:00,Comercio detallista,Ropa / Accesorios,Chía,1,14008000,1644000,5,5.0,129,6,2021-05-01,19,21.5,0,5,5,5,5.0,Alto valor
7JGZK7S9TI,2021-01-28 14:52:00,2021-01-28 15:02:00,Comercio detallista,Óptica,Bogotá  D.C.,1,11102600,845000,4,4.0,29,5,2021-05-01,5,5.8,0,5,4,5,4.666666666666667,Alto valor
7JQI5E3EJW,2021-03-04 17:25:00,2021-03-04 17:40:00,Comercio detallista,Óptica,Bogotá  D.C.,1,2956000,0,2,2.0,10,1,2021-03-01,0,10.0,2,4,3,3,3.3333333333333335,Estándar
7JXN5BGUE7,2021-03-15 17:14:00,2021-03-28 17:29:00,Reparación y limpieza,Moda / Zapatería,Bogotá  D.C.,1,740000,63000,2,2.0,8,3,2021-05-01,6,2.6666666666666665,0,2,3,5,3.3333333333333335,Estándar
7KC3RBUBIH,2021-03-24 12:03:00,2021-03-24 12:15:00,Alimentos y bebidas,Restaurante / Café,Cajicá,1,4598736,1163800,2,2.0,60,3,2021-05-01,27,20.0,0,4,5,5,4.666666666666667,Alto valor
7KHHGHTL43,2021-03-12 14:59:00,2021-03-26 12:50:00,Comercio detallista,Tecnología,Bogotá  D.C.,1,139500,137500,2,2.0,1,1,2021-03-01,0,1.0,2,1,1,3,1.6666666666666667,Estándar
7KTNTN34H1,2021-03-18 12:17:00,2021-03-18 12:31:00,Comercio detallista,Libros / Papelería,Girardot,1,1508050,50800,2,2.0,7,3,2021-05-01,4,2.3333333333333335,0,3,2,5,3.3333333333333335,Estándar
7KYCN7ZE2E,2021-02-25 16:02:00,2021-02-25 16:30:00,Comercio detallista,Ropa / Accesorios,Fusagasugá,1,207000,0,3,3.0,4,2,2021-03-01,0,2.0,2,2,2,3,2.3333333333333335,Estándar
7LNR9Z8YV8,2021-03-09 14:22:00,2021-03-09 14:33:00,Reparación y limpieza,Moda / Zapatería,Bogotá  D.C.,1,5746000,653000,2,2.0,19,3,2021-05-01,3,6.333333333333333,0,4,4,5,4.333333333333333,Alto valor
7LTZ3FFTKF,2021-03-24 16:19:00,2021-03-24 16:37:00,Comercio detallista,Ropa / Accesorios,Bogotá  D.C.,1,1000,0,2,2.0,1,1,2021-03-01,0,1.0,2,1,1,3,1.6666666666666667,Estándar
7LVUC2EJPF,2021-02-23 12:52:00,2021-02-26 10:04:00,Comercio detallista,Otro,Bogotá  D.C.,1,9643000,1759000,3,3.0,68,4,2021-05-01,21,17.0,0,5,5,5,5.0,Alto valor
7M7SSW7NKI,2021-03-26 12:46:00,2021-03-26 12:58:00,Comercio detallista,Tecnología,Bogotá  D.C.,1,4200630,52830,2,2.0,19,3,2021-05-01,7,6.333333333333333,0,4,4,5,4.333333333333333,Alto valor
7MKEDI6THP,2021-03-08 16:28:00,2021-03-08 16:37:00,Belleza y cuidado personal,Otro,Bogotá  D.C.,1,6652800,1405400,2,2.0,69,3,2021-05-01,28,23.0,0,5,5,5,5.0,Alto valor
7NUR9KS8Z9,2021-03-11 10:24:00,2021-03-11 10:33:00,Comercio detallista,Farmacia,Bogotá  D.C.,1,4883800,860600,2,2.0,82,3,2021-05-01,36,27.333333333333332,0,4,5,5,4.666666666666667,Alto valor
7OQ0YLZRV3,2021-03-11 15:27:00,2021-03-11 15:50:00,Alimentos y bebidas,Licores,Bogotá  D.C.,1,2039300,262600,2,2.0,27,3,2021-05-01,12,9.0,0,3,4,5,4.0,Estándar
7ORWIT0QTB,2020-12-09 12:03:00,2020-12-09 12:29:00,Comercio detallista,Ropa / Accesorios,Bogotá  D.C.,1,2000,0,5,5.0,1,1,2020-12-01,0,1.0,5,1,1,1,1.0,Baja actividad
7PD3QXEIIH,2021-02-27 12:16:00,2021-02-27 12:30:00,Transporte,Taxi,Cali,1,3000,0,3,3.0,2,2,2021-05-01,1,1.0,0,1,1,5,2.3333333333333335,Nuevos o bajo desarrollo
7PSNMB1KUY,2021-03-19 14:58:00,2021-03-19 15:18:00,Comercio detallista,Óptica,Bogotá  D.C.,1,4281550,2960550,2,2.0,6,3,2021-05-01,3,2.0,0,4,2,5,3.6666666666666665,Estándar
7S793XEWN8,2021-03-19 17:39:00,2021-03-19 17:58:00,Comercio detallista,Ropa / Accesorios,Villa de San Diego de Ubate,1,218000,104000,2,2.0,3,3,2021-05-01,1,1.0,0,2,1,5,2.6666666666666665,Nuevos o bajo desarrollo
7S8X7JJ9WB,2021-03-26 11:27:00,2021-04-15 14:36:00,Comercio detallista,Otro,Bogotá  D.C.,1,1729200,0,2,1.0,3,2,2021-04-01,0,1.5,1,3,1,4,2.6666666666666665,Estándar
7SSS9CHE0M,2021-03-11 13:20:00,2021-03-11 13:32:00,Servicios,Otro,Bogotá  D.C.,1,2612000,525000,2,2.0,20,3,2021-05-01,7,6.666666666666667,0,4,4,5,4.333333333333333,Alto valor
7SYRR6HKJ7,2021-02-02 14:29:00,2021-02-02 14:37:00,Comercio detallista,Óptica,Bogotá  D.C.,1,4578000,330000,3,3.0,13,4,2021-05-01,1,3.25,0,4,3,5,4.0,Estándar
7TP3J9UWCM,2021-01-26 18:13:00,2021-01-26 18:24:00,Servicios,Contabilidad / Asesorías,Bogotá  D.C.,1,2000,0,4,4.0,1,1,2021-01-01,0,1.0,4,1,1,1,1.0,Baja actividad
7TTW3SVU9K,2021-03-26 14:44:00,2021-03-26 14:59:00,Comercio detallista,Artesanías,Bogotá  D.C.,1,44500,6000,2,2.0,4,2,2021-05-01,3,2.0,0,1,2,5,2.6666666666666665,Nuevos o bajo desarrollo
7TXKP4AG0W,2021-03-18 14:52:00,2021-03-18 15:03:00,Comercio detallista,Óptica,Bogotá  D.C.,1,3130000,200000,2,2.0,11,3,2021-05-01,3,3.6666666666666665,0,4,3,5,4.0,Estándar
7UIY7W6KMG,2021-03-18 12:38:00,2021-03-18 12:50:00,Belleza y cuidado personal,Suplementos,Bogotá  D.C.,1,3244100,0,2,2.0,55,2,2021-04-01,0,27.5,1,4,5,4,4.333333333333333,Alto valor
7ULN5Z3F5T,2021-02-01 16:17:00,2021-02-01 16:40:00,Comercio detallista,Materiales de construcción,Bogotá  D.C.,1,4146495,0,3,3.0,7,3,2021-04-01,0,2.3333333333333335,1,4,2,4,3.3333333333333335,Estándar
7UQH0GA7XD,2021-03-19 11:22:00,2021-03-19 11:33:00,Belleza y cuidado personal,Spa,Bogotá  D.C.,1,136000,0,2,2.0,5,2,2021-04-01,0,2.5,1,1,2,4,2.3333333333333335,Nuevos o bajo desarrollo
7VVLRPES80,2021-03-24 10:56:00,2021-03-24 11:07:00,Transporte,Servicio especial,Bogotá  D.C.,1,970000,0,2,2.0,3,2,2021-04-01,0,1.5,1,2,1,4,2.3333333333333335,Nuevos o bajo desarrollo
7W4NO4I3ZI,2021-03-15 17:02:00,2021-03-15 17:12:00,Comercio detallista,Óptica,Bogotá  D.C.,1,7834000,1872000,2,2.0,24,3,2021-05-01,9,8.0,0,5,4,5,4.666666666666667,Alto valor
7W55X2116L,2021-03-25 16:00:00,2021-03-25 16:12:00,Alimentos y bebidas,Comida rápida,Facatativá,1,3409700,551400,2,2.0,90,3,2021-05-01,42,30.0,0,4,5,5,4.666666666666667,Alto valor
7YAKZ7MREM,2021-03-15 14:56:00,2021-03-15 15:05:00,Comercio detallista,Ropa / Accesorios,Bogotá  D.C.,1,7556000,1346000,2,2.0,32,3,2021-05-01,11,10.666666666666666,0,5,5,5,5.0,Alto valor
7YGRG7397H,2021-03-26 16:59:00,2021-03-26 17:09:00,Alimentos y bebidas,Restaurante / Café,Bogotá  D.C.,1,1832425,0,2,2.0,15,2,2021-05-01,9,7.5,0,3,4,5,4.0,Estándar
7YIRCWV6ER,2021-03-10 14:23:00,2021-03-10 14:37:00,Servicios,Veterinaria,Bogotá  D.C.,1,782000,98750,2,2.0,10,3,2021-05-01,5,3.3333333333333335,0,2,3,5,3.3333333333333335,Estándar
7YJV1LLJCS,2021-03-23 11:57:00,2021-03-23 12:04:00,Comercio detallista,Maquinaria,Bogotá  D.C.,1,1994700,0,2,2.0,4,3,2021-05-01,2,1.3333333333333333,0,3,2,5,3.3333333333333335,Estándar
7Z1QYN0GU2,2021-03-06 12:13:00,2021-03-06 12:26:00,Alimentos y bebidas,Restaurante / Café,Chía,1,861480,0,2,2.0,20,2,2021-04-01,0,10.0,1,2,4,4,3.3333333333333335,Estándar
7Z7H9AMJEM,2021-03-19 16:52:00,2021-03-19 17:05:00,Servicios,Tecnología y software,Cota,1,5681580,639675,2,2.0,35,3,2021-05-01,16,11.666666666666666,0,4,5,5,4.666666666666667,Alto valor
7ZYF9CMR9O,2021-03-09 11:22:00,2021-03-09 11:43:00,Reparación y limpieza,Lavandería,Bogotá  D.C.,1,141000,0,2,2.0,7,3,2021-05-01,1,2.3333333333333335,0,1,2,5,2.6666666666666665,Nuevos o bajo desarrollo
803DYOJBAF,2021-02-19 21:49:00,2021-02-28 14:46:00,Alimentos y bebidas,Abarrotes / Mercado,Bogotá  D.C.,1,183600,11350,3,3.0,8,3,2021-05-01,4,2.6666666666666665,0,2,3,5,3.3333333333333335,Estándar
80JW4PK8KP,2021-03-17 13:29:00,2021-03-17 13:40:00,Comercio detallista,Óptica,Bogotá  D.C.,1,192000,0,2,2.0,2,1,2021-03-01,0,2.0,2,2,1,3,2.0,Estándar
80KDLR2EMF,2021-01-21 18:15:00,2021-01-21 18:32:00,Comercio detallista,Materiales de construcción,Bogotá  D.C.,1,1922100,171400,4,4.0,32,5,2021-05-01,7,6.4,0,3,5,5,4.333333333333333,Estándar
81AW9QTV6Z,2021-03-16 13:03:00,2021-03-16 13:17:00,Comercio detallista,Artesanías,Bogotá  D.C.,1,2987721,810000,2,2.0,14,3,2021-05-01,7,4.666666666666667,0,4,3,5,4.0,Estándar
81QBDNU46J,2021-03-11 17:30:00,2021-03-11 17:51:00,Belleza y cuidado personal,Salón de belleza,Bogotá  D.C.,1,1107200,192000,2,2.0,16,3,2021-05-01,12,5.333333333333333,0,3,4,5,4.0,Estándar
82ZQJJTQKZ,2021-03-10 16:11:00,2021-03-10 16:20:00,Comercio detallista,Elementos de seguridad,Bogotá  D.C.,1,6399000,1803000,2,2.0,52,3,2021-05-01,15,17.333333333333332,0,5,5,5,5.0,Alto valor
831UHS2HIC,2021-02-20 17:26:00,2021-02-20 17:38:00,Belleza y cuidado personal,Salón de belleza,Soacha,1,4822000,442000,3,3.0,57,4,2021-05-01,22,14.25,0,4,5,5,4.666666666666667,Alto valor
83HJ3U53SO,2021-02-03 08:41:00,2021-02-03 08:56:00,Servicios,Otro,Bogotá  D.C.,1,191200,0,3,3.0,3,2,2021-04-01,0,1.5,1,2,1,4,2.3333333333333335,Nuevos o bajo desarrollo
84F9CL9RQS,2021-03-17 12:01:00,2021-03-17 12:12:00,Servicios,Carpintería,Bogotá  D.C.,1,2255700,0,2,2.0,6,2,2021-04-01,0,3.0,1,3,2,4,3.0,Estándar
84GH7WLORR,2021-03-05 18:32:00,2021-03-05 18:53:00,Comercio detallista,Tecnología,Bogotá  D.C.,1,24679000,1250000,2,2.0,52,3,2021-05-01,25,17.333333333333332,0,5,5,5,5.0,Alto valor
84V2EXUJ93,2020-12-21 18:30:00,2020-12-21 18:53:00,Servicios,Veterinaria,Chía,1,2000,0,5,5.0,1,1,2020-12-01,0,1.0,5,1,1,1,1.0,Baja actividad
85EBJXWV1P,2021-02-18 14:18:00,2021-02-18 14:31:00,Comercio detallista,Otro,Bogotá  D.C.,1,9763130,280000,3,3.0,25,4,2021-05-01,7,6.25,0,5,4,5,4.666666666666667,Alto valor
85KENSZT40,2021-01-15 11:13:00,2021-01-15 12:23:00,Reparación y limpieza,Reparaciones locativas,Soacha,1,12060850,300000,4,4.0,20,4,2021-05-01,4,5.0,0,5,4,5,4.666666666666667,Alto valor
85S935ZNB9,2021-03-20 16:00:00,2021-03-20 16:25:00,Alimentos y bebidas,Bar / Club / Discoteca,Jamundí,1,3159704,10700,2,2.0,12,3,2021-05-01,3,4.0,0,4,3,5,4.0,Estándar
86A3VL7R6M,2021-03-04 17:45:00,2021-03-04 17:57:00,Comercio detallista,Óptica,Bogotá  D.C.,1,344000,0,2,2.0,4,2,2021-04-01,0,2.0,1,2,2,4,2.6666666666666665,Nuevos o bajo desarrollo
86TJUVNS07,2021-02-12 17:42:00,2021-02-12 17:52:00,Reparación y limpieza,Limpieza del hogar,Bogotá  D.C.,1,64100,0,3,3.0,4,4,2021-05-01,1,1.0,0,1,2,5,2.6666666666666665,Nuevos o bajo desarrollo
873EUNJNP5,2020-12-09 16:38:00,2020-12-09 16:47:00,Reparación y limpieza,Reparaciones locativas,Bogotá  D.C.,1,5437000,0,5,5.0,12,6,2021-05-01,1,2.0,0,4,3,5,4.0,Estándar
87JAEU79IX,2021-03-23 15:35:00,2021-03-23 15:43:00,Comercio detallista,Ropa / Accesorios,Bogotá  D.C.,1,431000,96000,2,2.0,6,3,2021-05-01,2,2.0,0,2,2,5,3.0,Nuevos o bajo desarrollo
87MP0FX075,2021-03-25 13:47:00,2021-03-27 07:30:00,Comercio detallista,Auto partes,Quetame,1,102000,0,2,2.0,5,3,2021-05-01,1,1.6666666666666667,0,1,2,5,2.6666666666666665,Nuevos o bajo desarrollo
87O3NK3KF1,2021-03-26 14:46:00,2021-03-26 14:54:00,Comercio detallista,Ropa / Accesorios,Bogotá  D.C.,1,1977000,0,2,2.0,11,3,2021-05-01,5,3.6666666666666665,0,3,3,5,3.6666666666666665,Estándar
87V650352W,2021-02-09 21:07:00,2021-02-09 21:26:00,Comercio detallista,Ropa / Accesorios,Bogotá  D.C.,1,1878500,0,3,3.0,6,3,2021-04-01,0,2.0,1,3,2,4,3.0,Estándar
88LL68YKFA,2021-02-19 18:53:00,2021-02-19 19:08:00,Alimentos y bebidas,Abarrotes / Mercado,Bogotá  D.C.,1,7911350,204900,3,3.0,85,4,2021-05-01,24,21.25,0,5,5,5,5.0,Alto valor
88QZPR9JFF,2021-02-05 13:01:00,2021-02-05 13:25:00,Belleza y cuidado personal,Suplementos,Bogotá  D.C.,1,2000,0,3,3.0,1,1,2021-02-01,0,1.0,3,1,1,2,1.3333333333333333,Baja actividad
890AJ1VC4S,2020-12-14 18:28:00,2020-12-16 11:18:00,Comercio detallista,Artesanías,Bogotá  D.C.,1,2812950,427000,5,5.0,37,6,2021-05-01,14,6.166666666666667,0,4,5,5,4.666666666666667,Alto valor
89F1XUB63U,2021-03-18 16:40:00,2021-03-18 16:48:00,Belleza y cuidado personal,Salón de belleza,Bogotá  D.C.,2,7384200,1648500,2,2.0,95,3,2021-05-01,68,31.666666666666668,0,5,5,5,5.0,Alto valor
89KFJHNS7W,2021-03-09 13:51:00,2021-03-09 14:03:00,Servicios,Tecnología y software,Bogotá  D.C.,1,15272000,500000,2,2.0,5,3,2021-05-01,1,1.6666666666666667,0,5,2,5,4.0,Estándar
89QTHUTMHO,2021-03-29 16:28:00,2021-03-29 16:40:00,Comercio detallista,Ropa / Accesorios,Bogotá  D.C.,1,2000,0,2,2.0,1,1,2021-03-01,0,1.0,2,1,1,3,1.6666666666666667,Estándar
8BN3OT1HG7,2021-02-16 13:57:00,2021-02-16 14:14:00,Comercio detallista,Óptica,Bogotá  D.C.,1,11542000,1890000,3,3.0,27,4,2021-05-01,5,6.75,0,5,4,5,4.666666666666667,Alto valor
8BRUJO0IAU,2021-02-23 17:13:00,2021-02-23 17:23:00,Comercio detallista,Elementos de seguridad,Bogotá  D.C.,1,3562000,1330000,3,3.0,8,3,2021-04-01,0,2.6666666666666665,1,4,3,4,3.6666666666666665,Estándar
8CUJM6QLMV,2021-01-27 09:55:00,2021-01-27 10:10:00,Alimentos y bebidas,Otro,Bogotá  D.C.,1,6192350,529900,4,4.0,147,5,2021-05-01,41,29.4,0,5,5,5,5.0,Alto valor
8D3KPVHCET,2021-03-10 13:44:00,2021-03-10 13:51:00,Servicios,Diseño / Fotografía,Bogotá  D.C.,1,4000,0,2,2.0,2,2,2021-04-01,0,1.0,1,1,1,4,2.0,Nuevos o bajo desarrollo
8DETSU0QZZ,2021-03-03 18:15:00,2021-03-03 18:32:00,Servicios,Otro,Bogotá  D.C.,1,5561600,1421500,2,2.0,38,3,2021-05-01,16,12.666666666666666,0,4,5,5,4.666666666666667,Alto valor
8E0UDI9GC2,2021-03-06 11:43:00,2021-03-06 11:54:00,Servicios,Otro,Bogotá  D.C.,1,1445000,743000,2,2.0,15,3,2021-05-01,1,5.0,0,3,4,5,4.0,Estándar
8E6JLX23GR,2021-03-19 15:14:00,2021-03-19 15:25:00,Comercio detallista,Ropa / Accesorios,Bogotá  D.C.,1,1535250,451500,2,2.0,15,3,2021-05-01,6,5.0,0,3,4,5,4.0,Estándar
8FFUJVBVE6,2020-09-29 12:29:00,2021-02-16 15:14:00,Comercio detallista,Floristería,Cali,1,2548000,82000,8,3.0,32,4,2021-05-01,7,8.0,0,4,5,5,4.666666666666667,Alto valor
8FMHQ2CD36,2021-03-06 15:37:00,2021-03-06 16:00:00,Belleza y cuidado personal,Salón de belleza,Bogotá  D.C.,1,1222500,320500,2,2.0,25,3,2021-05-01,13,8.333333333333334,0,3,4,5,4.0,Estándar
8FOC77FPFZ,2021-03-30 17:27:00,2021-03-30 17:44:00,Belleza y cuidado personal,Salón de belleza,Bogotá  D.C.,1,518810,75260,2,2.0,14,3,2021-05-01,7,4.666666666666667,0,2,3,5,3.3333333333333335,Estándar
8FU98FJIP8,2021-03-19 14:06:00,2021-03-19 14:18:00,Servicios,Tecnología y software,Zipaquirá,1,3106000,1839000,2,2.0,14,3,2021-05-01,6,4.666666666666667,0,4,3,5,4.0,Estándar
8G7JONHVSY,2020-12-07 12:47:00,2020-12-07 13:07:00,Alimentos y bebidas,Abarrotes / Mercado,Bogotá  D.C.,1,412350,84000,5,5.0,13,4,2021-05-01,1,3.25,0,2,3,5,3.3333333333333335,Estándar
8GA2TSG90J,2021-03-05 19:44:00,2021-03-05 20:19:00,Alimentos y bebidas,Otro,Bogotá  D.C.,1,630400,67800,2,2.0,35,3,2021-05-01,15,11.666666666666666,0,2,5,5,4.0,Estándar
8GGUUBA5Y8,2021-02-10 13:35:00,2021-02-10 13:43:00,Comercio detallista,Óptica,Bogotá  D.C.,1,1684000,430000,3,3.0,4,2,2021-05-01,1,2.0,0,3,2,5,3.3333333333333335,Estándar
8HYJY3VNLM,2021-03-12 11:33:00,2021-03-12 11:49:00,Comercio detallista,Maquinaria,Bogotá  D.C.,1,1936000,431000,2,2.0,5,2,2021-04-01,0,2.5,1,3,2,4,3.0,Estándar
8JAA7Q1GHP,2021-03-30 12:40:00,2021-03-30 12:51:00,Comercio detallista,Auto partes,Bogotá  D.C.,1,2402230,0,2,2.0,3,2,2021-04-01,0,1.5,1,3,1,4,2.6666666666666665,Estándar
8JOPV1E7XZ,2021-01-21 17:07:00,2021-01-21 17:22:00,Comercio detallista,Óptica,Bogotá  D.C.,1,28591500,2117000,4,4.0,98,5,2021-05-01,18,19.6,0,5,5,5,5.0,Alto valor
8KJVYTQQ7X,2021-03-30 11:55:00,2021-03-30 12:11:00,Servicios,Medicina / Odontología,Bogotá  D.C.,2,9069750,204750,2,2.0,22,3,2021-05-01,6,7.333333333333333,0,5,4,5,4.666666666666667,Alto valor
8KTN7DZHA3,2021-03-08 21:30:00,2021-03-08 21:42:00,Alimentos y bebidas,Abarrotes / Mercado,Soacha,1,2149195,230650,2,2.0,55,3,2021-05-01,32,18.333333333333332,0,3,5,5,4.333333333333333,Estándar
8KZ1L2BU2L,2021-03-16 11:07:00,2021-03-16 11:28:00,Turismo y entretenimiento,Gimnasio,Soacha,1,1621000,434200,2,2.0,18,3,2021-05-01,10,6.0,0,3,4,5,4.0,Estándar
8LDGJNKC3S,2021-03-23 12:10:00,2021-03-23 12:20:00,Comercio detallista,Materiales de construcción,Bogotá  D.C.,1,10255000,535000,2,2.0,16,3,2021-05-01,7,5.333333333333333,0,5,4,5,4.666666666666667,Alto valor
8LMRCO3PVL,2021-03-21 17:50:00,2021-03-21 18:03:00,Belleza y cuidado personal,Spa,Bogotá  D.C.,1,207250,0,2,2.0,4,2,2021-04-01,0,2.0,1,2,2,4,2.6666666666666665,Nuevos o bajo desarrollo
8LPNG55RS2,2021-02-18 12:59:00,2021-02-18 13:12:00,Comercio detallista,Tienda de deportes,Bogotá  D.C.,1,3000,0,3,3.0,2,1,2021-02-01,0,2.0,3,1,1,2,1.3333333333333333,Baja actividad
8LR9ZU4BQC,2021-03-09 17:09:00,2021-03-23 17:55:00,Comercio detallista,Elementos del hogar,Bogotá  D.C.,1,521000,0,2,2.0,3,2,2021-05-01,2,1.5,0,2,1,5,2.6666666666666665,Nuevos o bajo desarrollo
8MAPV1K5EF,2021-02-02 20:19:00,2021-02-10 15:54:00,Comercio detallista,Muebles / Decoración,Bogotá  D.C.,1,3375000,785000,3,3.0,4,3,2021-05-01,1,1.3333333333333333,0,4,2,5,3.6666666666666665,Estándar
8MH7QHW19R,2021-01-14 14:55:00,2021-01-14 15:10:00,Servicios,Arquitectura e ingeniería,Bogotá  D.C.,1,1659000,0,4,4.0,3,2,2021-04-01,0,1.5,1,3,1,4,2.6666666666666665,Estándar
8N7BFJI1ZN,2021-01-06 13:26:00,2021-01-06 13:43:00,Comercio detallista,Óptica,Bogotá  D.C.,2,34710000,3250000,4,4.0,109,5,2021-05-01,22,21.8,0,5,5,5,5.0,Alto valor
8P05AR2NL0,2020-12-09 16:44:00,2020-12-09 16:56:00,Servicios,Otro,Bogotá  D.C.,1,10198750,0,5,5.0,20,6,2021-05-01,4,3.3333333333333335,0,5,4,5,4.666666666666667,Alto valor
8PBEF7CHWP,2021-02-18 14:17:00,2021-02-18 14:28:00,Comercio detallista,Otro,Bogotá  D.C.,1,2100,0,3,3.0,1,1,2021-02-01,0,1.0,3,1,1,2,1.3333333333333333,Baja actividad
8PC3YN99OA,2021-03-17 10:43:00,2021-03-17 10:56:00,Reparación y limpieza,Automotriz y autopartes,Bogotá  D.C.,1,1849000,0,2,2.0,9,3,2021-05-01,2,3.0,0,3,3,5,3.6666666666666665,Estándar
8PXXMS3A40,2021-03-03 15:34:00,2021-03-03 15:48:00,Comercio detallista,Ropa / Accesorios,Bogotá  D.C.,1,2067000,269000,2,2.0,20,3,2021-05-01,8,6.666666666666667,0,3,4,5,4.0,Estándar
8Q912X9NJT,2021-03-15 11:17:00,2021-03-20 08:22:00,Comercio detallista,Muebles / Decoración,Madrid,1,10000,0,2,2.0,1,1,2021-03-01,0,1.0,2,1,1,3,1.6666666666666667,Estándar
8RO1B7G7JG,2021-03-30 12:17:00,2021-03-30 12:31:00,Comercio detallista,Materiales de construcción,Bogotá  D.C.,1,1000,0,2,2.0,1,1,2021-03-01,0,1.0,2,1,1,3,1.6666666666666667,Estándar
8RX1H4QV3U,2021-03-09 17:55:00,2021-03-09 18:14:00,Servicios,Otro,Bogotá  D.C.,1,29238000,5707000,2,2.0,116,3,2021-05-01,41,38.666666666666664,0,5,5,5,5.0,Alto valor
8SD2RQLX10,2021-03-17 09:47:00,2021-03-17 09:58:00,Servicios,Tecnología y software,Bogotá  D.C.,1,6143450,286200,2,2.0,32,3,2021-05-01,12,10.666666666666666,0,4,5,5,4.666666666666667,Alto valor
8T31P7PA3D,2021-02-04 15:45:00,2021-02-04 15:58:00,Alimentos y bebidas,Comida rápida,Bogotá  D.C.,1,2670200,532000,3,3.0,48,4,2021-05-01,9,12.0,0,4,5,5,4.666666666666667,Alto valor
8TGBHKDJYG,2021-03-27 10:58:00,2021-03-27 11:14:00,Comercio detallista,Tecnología,Bogotá  D.C.,1,1172550,340000,2,2.0,5,3,2021-05-01,3,1.6666666666666667,0,3,2,5,3.3333333333333335,Estándar
8UDR5E61VX,2021-02-01 11:35:00,2021-02-01 11:48:00,Alimentos y bebidas,Otro,Bogotá  D.C.,1,540800,7800,3,3.0,8,2,2021-03-01,0,4.0,2,2,3,3,2.6666666666666665,Estándar
8UN126KHZS,2021-03-02 11:49:00,2021-03-02 12:01:00,Comercio detallista,Materiales de construcción,Bogotá  D.C.,1,921300,205800,2,2.0,5,2,2021-04-01,0,2.5,1,2,2,4,2.6666666666666665,Nuevos o bajo desarrollo
8V4G45420H,2021-03-09 17:51:00,2021-03-09 18:12:00,Belleza y cuidado personal,Salón de belleza,Bogotá  D.C.,1,4037350,1768000,2,2.0,5,2,2021-04-01,0,2.5,1,4,2,4,3.3333333333333335,Estándar
8VHIDNMRH4,2021-03-03 11:26:00,2021-03-03 11:57:00,Reparación y limpieza,Automotriz y autopartes,Bogotá  D.C.,1,140000,0,2,2.0,3,3,2021-05-01,1,1.0,0,1,1,5,2.3333333333333335,Nuevos o bajo desarrollo
8W07D8VJNE,2021-03-09 09:49:00,2021-03-09 10:26:00,Servicios,Otro,Bogotá  D.C.,1,212000,0,2,2.0,2,1,2021-03-01,0,2.0,2,2,1,3,2.0,Estándar
8WEI5WXGP3,2021-03-20 18:51:00,2021-03-20 19:12:00,Alimentos y bebidas,Restaurante / Café,Cali,1,1000,0,2,2.0,1,1,2021-03-01,0,1.0,2,1,1,3,1.6666666666666667,Estándar
8WXQG63J5R,2021-03-23 15:23:00,2021-03-23 15:32:00,Comercio detallista,Muebles / Decoración,Bogotá  D.C.,1,314000,0,2,2.0,2,2,2021-05-01,1,1.0,0,2,1,5,2.6666666666666665,Nuevos o bajo desarrollo
8X22RULN89,2021-03-20 11:59:00,2021-03-20 12:15:00,Alimentos y bebidas,Restaurante / Café,Girardot,1,29000,0,2,2.0,2,2,2021-05-01,1,1.0,0,1,1,5,2.3333333333333335,Nuevos o bajo desarrollo
8XKIQPIZUU,2020-07-08 22:46:00,2020-12-22 14:28:00,Comercio detallista,Otro,Bogotá  D.C.,1,2000,0,10,5.0,1,1,2020-12-01,0,1.0,5,1,1,1,1.0,Baja actividad
8XKM3OK87H,2021-02-05 13:39:00,2021-02-05 13:48:00,Alimentos y bebidas,Abarrotes / Mercado,Bogotá  D.C.,1,1714650,277100,3,3.0,18,4,2021-05-01,8,4.5,0,3,4,5,4.0,Estándar
8XYDIBKAKC,2021-03-19 17:39:00,2021-03-19 17:56:00,Comercio detallista,Tecnología,Bogotá  D.C.,1,18748200,0,2,2.0,51,3,2021-05-01,26,17.0,0,5,5,5,5.0,Alto valor
8YZKC2VQED,2021-03-20 12:59:00,2021-03-20 13:10:00,Turismo y entretenimiento,Turismo,Choachí,1,836000,44000,2,2.0,7,3,2021-05-01,3,2.3333333333333335,0,2,2,5,3.0,Nuevos o bajo desarrollo
8YZQXM63ED,2021-03-17 11:58:00,2021-03-17 12:14:00,Comercio detallista,Óptica,Bogotá  D.C.,1,1525000,0,2,2.0,10,3,2021-05-01,2,3.3333333333333335,0,3,3,5,3.6666666666666665,Estándar
8ZFDGU5U6C,2021-03-11 14:36:00,2021-03-11 14:50:00,Alimentos y bebidas,Restaurante / Café,Bogotá  D.C.,1,4732275,727180,2,2.0,113,3,2021-05-01,51,37.666666666666664,0,4,5,5,4.666666666666667,Alto valor
8ZV3BWLGSZ,2021-03-26 19:20:00,2021-03-26 19:31:00,Comercio detallista,Tecnología,Bogotá  D.C.,1,535000,87000,2,2.0,14,3,2021-05-01,6,4.666666666666667,0,2,3,5,3.3333333333333335,Estándar
90V8JEZXLS,2021-03-11 16:04:00,2021-03-11 16:17:00,Comercio detallista,Libros / Papelería,Bogotá  D.C.,1,2000,0,2,2.0,3,3,2021-05-01,1,1.0,0,1,1,5,2.3333333333333335,Nuevos o bajo desarrollo
90ZRG48U77,2020-12-09 18:20:00,2020-12-09 18:42:00,Comercio detallista,Tienda naturista,Bogotá  D.C.,1,14839370,1054200,5,5.0,116,6,2021-05-01,24,19.333333333333332,0,5,5,5,5.0,Alto valor
910UH0I3LX,2021-03-18 10:29:00,2021-03-18 10:46:00,Comercio detallista,Insumos,Bogotá  D.C.,1,730065,0,2,2.0,2,1,2021-03-01,0,2.0,2,2,1,3,2.0,Estándar
910ZRKK5M6,2021-03-15 14:49:00,2021-03-15 15:01:00,Comercio detallista,Tecnología,Cali,1,18462000,6009500,2,2.0,15,3,2021-05-01,4,5.0,0,5,4,5,4.666666666666667,Alto valor
91T0S8RI99,2021-03-30 16:09:00,2021-03-30 16:29:00,Comercio detallista,Tienda de deportes,Bogotá  D.C.,1,5086500,2602500,2,2.0,20,3,2021-05-01,14,6.666666666666667,0,4,4,5,4.333333333333333,Alto valor
92KMQ8QKJL,2021-01-20 15:00:00,2021-01-20 15:10:00,Comercio detallista,Óptica,Bogotá  D.C.,1,29477000,1815000,4,4.0,95,5,2021-05-01,26,19.0,0,5,5,5,5.0,Alto valor
92MZZIJIOH,2021-02-06 15:14:00,2021-02-06 15:26:00,Servicios,Otro,Bogotá  D.C.,1,4000,0,3,3.0,2,1,2021-02-01,0,2.0,3,1,1,2,1.3333333333333333,Baja actividad
92WV5K0KIU,2021-02-24 16:13:00,2021-02-24 16:31:00,Servicios,Tecnología y software,Bogotá  D.C.,1,3156500,138000,3,3.0,13,3,2021-05-01,7,4.333333333333333,0,4,3,5,4.0,Estándar
9393WJ3RVM,2021-03-15 17:54:00,2021-03-15 18:08:00,Alimentos y bebidas,Bar / Club / Discoteca,Bogotá  D.C.,1,3399000,0,2,2.0,15,1,2021-03-01,0,15.0,2,4,4,3,3.6666666666666665,Estándar
93CJOHZI3K,2021-03-08 15:31:00,2021-03-08 15:42:00,Comercio detallista,Muebles / Decoración,Bogotá  D.C.,1,4519000,2889000,2,2.0,4,2,2021-05-01,1,2.0,0,4,2,5,3.6666666666666665,Estándar
93MFDY0VUW,2021-01-20 11:16:00,2021-01-20 11:38:00,Comercio detallista,Muebles / Decoración,Soacha,1,13829000,1020000,4,4.0,16,5,2021-05-01,3,3.2,0,5,4,5,4.666666666666667,Alto valor
946L2V2VQN,2021-03-17 14:01:00,2021-03-17 14:15:00,Comercio detallista,Óptica,Bogotá  D.C.,1,4462000,200000,2,2.0,12,3,2021-05-01,7,4.0,0,4,3,5,4.0,Estándar
94XG2D83WR,2020-10-20 19:34:00,2021-01-15 14:29:00,Belleza y cuidado personal,Salón de belleza,Bogotá  D.C.,1,745000,144000,7,4.0,15,5,2021-05-01,4,3.0,0,2,4,5,3.6666666666666665,Estándar
956SVL26J9,2021-01-19 15:15:00,2021-01-19 15:27:00,Comercio detallista,Joyería,Soacha,1,14820000,2597000,4,4.0,109,5,2021-05-01,22,21.8,0,5,5,5,5.0,Alto valor
95DEQJPEEY,2021-03-26 19:19:00,2021-03-26 19:28:00,Comercio detallista,Muebles / Decoración,Bogotá  D.C.,1,6302000,0,2,2.0,8,3,2021-05-01,2,2.6666666666666665,0,5,3,5,4.333333333333333,Estándar
96FVKJJ572,2021-03-18 11:37:00,2021-03-18 12:00:00,Comercio detallista,Tecnología,Girardot,1,7205870,128260,2,2.0,35,3,2021-05-01,17,11.666666666666666,0,5,5,5,5.0,Alto valor
96SDVQDU3Q,2021-03-18 16:08:00,2021-03-18 16:20:00,Servicios,Tecnología y software,Bogotá  D.C.,1,1233400,0,2,2.0,4,3,2021-05-01,1,1.3333333333333333,0,3,2,5,3.3333333333333335,Estándar
972OEJ85OJ,2021-03-26 14:10:00,2021-03-26 14:19:00,Comercio detallista,Óptica,Bogotá  D.C.,1,22156500,11555000,2,2.0,32,3,2021-05-01,25,10.666666666666666,0,5,5,5,5.0,Alto valor
98B2HENVX4,2021-03-12 09:51:00,2021-03-12 10:15:00,Comercio detallista,Farmacia,Bogotá  D.C.,1,551665,81200,2,2.0,17,3,2021-05-01,4,5.666666666666667,0,2,4,5,3.6666666666666665,Estándar
98LHUYANHB,2021-03-19 14:55:00,2021-03-19 15:11:00,Reparación y limpieza,Automotriz y autopartes,Bogotá  D.C.,1,2000,0,2,2.0,1,1,2021-03-01,0,1.0,2,1,1,3,1.6666666666666667,Estándar
990KZT0SWM,2021-02-03 10:55:00,2021-02-03 11:08:00,Comercio detallista,Muebles / Decoración,Soacha,1,21260000,4433000,3,3.0,25,4,2021-05-01,10,6.25,0,5,4,5,4.666666666666667,Alto valor
995I2IG59Y,2021-02-04 16:04:00,2021-02-04 16:12:00,Comercio detallista,Óptica,Bogotá  D.C.,1,7490000,1180000,3,3.0,17,3,2021-05-01,10,5.666666666666667,0,5,4,5,4.666666666666667,Alto valor
99A7SCFTSR,2021-03-31 13:05:00,2021-03-31 13:18:00,Comercio detallista,Venta de bicicletas y accesorios,Bogotá  D.C.,1,266000,222000,2,2.0,4,2,2021-04-01,0,2.0,1,2,2,4,2.6666666666666665,Nuevos o bajo desarrollo
99DUOQD7FX,2021-01-26 16:38:00,2021-01-26 16:50:00,Comercio detallista,Tecnología,Bogotá  D.C.,1,1510000,20000,4,4.0,24,4,2021-05-01,9,6.0,0,3,4,5,4.0,Estándar
99Z8ISJI0L,2021-02-05 12:45:00,2021-02-05 12:56:00,Comercio detallista,Tecnología,Cali,1,8238750,169200,3,3.0,36,4,2021-05-01,7,9.0,0,5,5,5,5.0,Alto valor
9ADBRRTMEQ,2021-03-02 09:47:00,2021-03-02 10:43:00,Alimentos y bebidas,Licores,Bogotá  D.C.,1,113194,0,2,2.0,3,2,2021-04-01,0,1.5,1,1,1,4,2.0,Nuevos o bajo desarrollo
9B8WDY6RJT,2021-03-21 15:39:00,2021-05-15 17:48:00,Reparación y limpieza,Moda / Zapatería,Soacha,1,141000,140000,2,0.0,2,2,2021-05-01,1,1.0,0,1,1,5,2.3333333333333335,Nuevos o bajo desarrollo
9CGNELV4ZK,2021-02-25 14:49:00,2021-02-25 14:57:00,Alimentos y bebidas,Comida rápida,Bogotá  D.C.,1,2414850,206500,3,3.0,56,4,2021-05-01,12,14.0,0,3,5,5,4.333333333333333,Estándar
9CVKUXBA5V,2021-03-18 14:38:00,2021-03-18 14:49:00,Comercio detallista,Ropa / Accesorios,Bogotá  D.C.,1,6930000,1423000,2,2.0,90,3,2021-05-01,43,30.0,0,5,5,5,5.0,Alto valor
9DGB3NPBLJ,2021-03-18 09:45:00,2021-03-18 10:00:00,Transporte,Servicio especial,Bogotá  D.C.,1,1184000,75000,2,2.0,4,3,2021-05-01,1,1.3333333333333333,0,3,2,5,3.3333333333333335,Estándar
9DK9UKZTIJ,2021-03-03 12:12:00,2021-03-03 12:27:00,Comercio detallista,Materiales de construcción,Bogotá  D.C.,1,2316120,443120,2,2.0,13,3,2021-05-01,3,4.333333333333333,0,3,3,5,3.6666666666666665,Estándar
9EGOYZE1DU,2021-02-09 12:15:00,2021-02-09 13:09:00,Servicios,Medicina / Odontología,Bogotá  D.C.,1,2000,0,3,3.0,1,1,2021-02-01,0,1.0,3,1,1,2,1.3333333333333333,Baja actividad
9EHLWVHVVG,2020-12-14 16:12:00,2020-12-14 16:23:00,Transporte,Servicio especial,Bogotá  D.C.,1,691000,0,5,5.0,13,5,2021-05-01,4,2.6,0,2,3,5,3.3333333333333335,Estándar
9EWN8QR77M,2021-03-25 11:45:00,2021-03-25 12:11:00,Comercio detallista,Juguetería / Piñatería,Bogotá  D.C.,1,1000,0,2,2.0,1,1,2021-03-01,0,1.0,2,1,1,3,1.6666666666666667,Estándar
9F1XY080GB,2021-02-20 14:08:00,2021-02-20 14:21:00,Comercio detallista,Elementos del hogar,Bogotá  D.C.,1,1152000,1150000,3,3.0,1,1,2021-02-01,0,1.0,3,3,1,2,2.0,Estándar
9G2CXE5CQL,2021-03-08 16:32:00,2021-03-08 16:54:00,Comercio detallista,Elementos de seguridad,Bogotá  D.C.,1,2000,0,2,2.0,1,1,2021-03-01,0,1.0,2,1,1,3,1.6666666666666667,Estándar
9GU2K8KIJT,2021-03-10 21:15:00,2021-03-10 21:37:00,Comercio detallista,Ropa / Accesorios,Bogotá  D.C.,1,379000,0,2,2.0,10,3,2021-05-01,7,3.3333333333333335,0,2,3,5,3.3333333333333335,Estándar
9H9ABU528P,2021-03-19 14:26:00,2021-03-19 14:39:00,Turismo y entretenimiento,Centro de recreación y deporte,Soacha,1,35009500,3541800,2,2.0,392,3,2021-05-01,191,130.66666666666666,0,5,5,5,5.0,Alto valor
9HOYBBD5TC,2021-02-08 09:20:00,2021-02-08 09:43:00,Comercio detallista,Ropa / Accesorios,Bogotá  D.C.,1,604000,0,3,3.0,3,2,2021-04-01,0,1.5,1,2,1,4,2.3333333333333335,Nuevos o bajo desarrollo
9HVOIH91X3,2021-02-24 18:22:00,2021-02-24 18:29:00,Servicios,Otro,Bogotá  D.C.,1,152000,0,3,3.0,2,2,2021-05-01,1,1.0,0,1,1,5,2.3333333333333335,Nuevos o bajo desarrollo
9JMW8C9UPH,2021-02-16 14:20:00,2021-02-16 14:34:00,Servicios,Otro,Bogotá  D.C.,1,4000,0,3,3.0,2,1,2021-02-01,0,2.0,3,1,1,2,1.3333333333333333,Baja actividad
9JV4OGS8V1,2021-02-13 15:32:00,2021-02-13 15:49:00,Turismo y entretenimiento,Centro de recreación y deporte,Bogotá  D.C.,1,4014738,498000,3,3.0,38,4,2021-05-01,8,9.5,0,4,5,5,4.666666666666667,Alto valor
9JZMEI012L,2021-03-09 14:18:00,2021-03-09 14:35:00,Comercio detallista,Auto partes,Bogotá  D.C.,1,2111000,139000,2,2.0,22,3,2021-05-01,6,7.333333333333333,0,3,4,5,4.0,Estándar
9KBI4HLCF2,2020-12-17 14:17:00,2020-12-17 14:34:00,Comercio detallista,Artesanías,Bogotá  D.C.,1,287000,0,5,5.0,4,1,2020-12-01,0,4.0,5,2,2,1,1.6666666666666667,Baja actividad
9KG4O5OH23,2021-03-06 15:44:00,2021-03-06 16:14:00,Alimentos y bebidas,Comida rápida,Bogotá  D.C.,1,213500,51200,2,2.0,15,3,2021-05-01,3,5.0,0,2,4,5,3.6666666666666665,Estándar
9L4B6D15Q6,2021-03-17 11:27:00,2021-03-17 11:34:00,Servicios,Tecnología y software,Bogotá  D.C.,1,15252500,7129000,2,2.0,86,3,2021-05-01,46,28.666666666666668,0,5,5,5,5.0,Alto valor
9L5LAWPLAY,2021-03-15 13:33:00,2021-03-15 13:45:00,Comercio detallista,Tienda de deportes,Bogotá  D.C.,1,195500,138500,2,2.0,4,2,2021-04-01,0,2.0,1,2,2,4,2.6666666666666665,Nuevos o bajo desarrollo
9L624JVA2N,2021-03-24 11:33:00,2021-03-24 11:42:00,Comercio detallista,Electrodomésticos,Bogotá  D.C.,1,10403126,1657000,2,2.0,35,3,2021-05-01,15,11.666666666666666,0,5,5,5,5.0,Alto valor
9MKSM6OUJF,2021-03-16 09:06:00,2021-03-19 10:08:00,Belleza y cuidado personal,Otro,Bogotá  D.C.,1,2571300,1220000,2,2.0,22,3,2021-05-01,6,7.333333333333333,0,4,4,5,4.333333333333333,Alto valor
9MOCQ49HT3,2021-03-09 10:09:00,2021-03-09 10:24:00,Belleza y cuidado personal,Distribuidora,Bogotá  D.C.,1,1667000,260800,2,2.0,47,3,2021-05-01,19,15.666666666666666,0,3,5,5,4.333333333333333,Estándar
9MOOEI3C2V,2021-02-12 12:23:00,2021-02-12 12:32:00,Alimentos y bebidas,Restaurante / Café,Bogotá  D.C.,1,7792321,0,3,3.0,153,3,2021-04-01,0,51.0,1,5,5,4,4.666666666666667,Alto valor
9MU0FNNHS5,2021-03-30 16:28:00,2021-03-30 16:42:00,Alimentos y bebidas,Bar / Club / Discoteca,Bogotá  D.C.,1,581200,361200,2,2.0,2,2,2021-04-01,0,1.0,1,2,1,4,2.3333333333333335,Nuevos o bajo desarrollo
9NDQHVA2KP,2020-12-17 17:55:00,2020-12-17 18:18:00,Servicios,Terapias,Bogotá  D.C.,1,2000,0,5,5.0,3,2,2021-04-01,0,1.5,1,1,1,4,2.0,Nuevos o bajo desarrollo
9NFCEI2I03,2021-03-26 16:55:00,2021-03-26 17:27:00,Belleza y cuidado personal,Otro,Bogotá  D.C.,1,3099000,1101000,2,2.0,31,3,2021-05-01,16,10.333333333333334,0,4,5,5,4.666666666666667,Alto valor
9NG0LSKM8G,2021-03-12 11:03:00,2021-03-12 11:18:00,Alimentos y bebidas,Repostería / Panadería,Bogotá  D.C.,1,6272750,1545500,2,2.0,200,3,2021-05-01,95,66.66666666666667,0,5,5,5,5.0,Alto valor
9NOCF49QGP,2021-02-03 17:09:00,2021-02-03 17:19:00,Comercio detallista,Óptica,Soacha,1,1987000,0,3,3.0,9,3,2021-05-01,2,3.0,0,3,3,5,3.6666666666666665,Estándar
9OIYNOKPU0,2021-02-08 13:46:00,2021-02-08 14:00:00,Comercio detallista,Óptica,Soacha,1,12537000,2710000,3,3.0,44,4,2021-05-01,17,11.0,0,5,5,5,5.0,Alto valor
9OMRZXP97P,2021-03-12 16:13:00,2021-03-12 16:22:00,Alimentos y bebidas,Restaurante / Café,Bogotá  D.C.,1,2000,0,2,2.0,1,1,2021-03-01,0,1.0,2,1,1,3,1.6666666666666667,Estándar
9PI87FHNCA,2020-12-28 14:56:00,2020-12-28 15:06:00,Comercio detallista,Muebles / Decoración,Bogotá  D.C.,1,2000,0,5,5.0,1,1,2020-12-01,0,1.0,5,1,1,1,1.0,Baja actividad
9PJ58EVGGR,2021-03-18 15:00:00,2021-03-18 15:13:00,Servicios,Tecnología y software,Girardot,1,516500,0,2,2.0,3,2,2021-05-01,1,1.5,0,2,1,5,2.6666666666666665,Nuevos o bajo desarrollo
9PO9V8SM6F,2021-03-02 15:04:00,2021-03-02 15:12:00,Comercio detallista,Otro,Bogotá  D.C.,2,6400920,592500,2,2.0,54,3,2021-05-01,17,18.0,0,5,5,5,5.0,Alto valor
9PV4X99U29,2021-02-06 12:49:00,2021-02-06 13:02:00,Comercio detallista,Muebles / Decoración,Bogotá  D.C.,1,15286000,2131000,3,3.0,21,4,2021-05-01,10,5.25,0,5,4,5,4.666666666666667,Alto valor
9R1LMEHV5W,2021-01-29 17:51:00,2021-01-29 18:00:00,Alimentos y bebidas,Comida rápida,Bogotá  D.C.,1,104050,0,4,4.0,7,5,2021-05-01,1,1.4,0,1,2,5,2.6666666666666665,Nuevos o bajo desarrollo
9RE2SXGLL9,2021-02-23 12:38:00,2021-02-23 12:45:00,Servicios,Otro,Bogotá  D.C.,1,6144000,1337000,3,3.0,82,4,2021-05-01,22,20.5,0,4,5,5,4.666666666666667,Alto valor
9REC9FEUWX,2021-02-26 14:54:00,2021-02-26 15:04:00,Servicios,Otro,Bogotá  D.C.,1,3407000,609000,3,3.0,13,4,2021-05-01,4,3.25,0,4,3,5,4.0,Estándar
9RNB4JQR7P,2021-03-30 14:26:00,2021-03-30 15:07:00,Reparación y limpieza,Automotriz y autopartes,Bogotá  D.C.,1,2464400,381400,2,2.0,13,3,2021-05-01,6,4.333333333333333,0,3,3,5,3.6666666666666665,Estándar
9SP0EGGMJY,2021-03-04 16:40:00,2021-03-04 16:50:00,Comercio detallista,Óptica,Bogotá  D.C.,1,2000,0,2,2.0,1,1,2021-03-01,0,1.0,2,1,1,3,1.6666666666666667,Estándar
9SPOLBCU5O,2021-03-30 17:31:00,2021-03-30 17:42:00,Comercio detallista,Materiales de construcción,Bogotá  D.C.,1,879000,12000,2,2.0,18,3,2021-05-01,6,6.0,0,2,4,5,3.6666666666666665,Estándar
9T4BGWT2A4,2021-03-23 13:28:00,2021-03-23 13:36:00,Comercio detallista,Tienda de deportes,Bogotá  D.C.,1,2344000,251000,2,2.0,18,3,2021-05-01,8,6.0,0,3,4,5,4.0,Estándar
9UAEO3JHGW,2021-03-20 09:22:00,2021-03-20 09:38:00,Alimentos y bebidas,Abarrotes / Mercado,Soacha,1,2000,0,2,2.0,1,1,2021-03-01,0,1.0,2,1,1,3,1.6666666666666667,Estándar
9UVO7T4SWE,2021-02-24 15:20:00,2021-02-24 15:29:00,Comercio detallista,Otro,Bogotá  D.C.,1,2408000,293000,3,3.0,26,4,2021-05-01,10,6.5,0,3,4,5,4.0,Estándar
9UXQGCMOPZ,2021-03-25 12:47:00,2021-03-25 12:57:00,Comercio detallista,Elementos de seguridad,Bogotá  D.C.,1,15547900,5172000,2,2.0,55,3,2021-05-01,29,18.333333333333332,0,5,5,5,5.0,Alto valor
9VATW17QFG,2021-03-16 16:09:00,2021-03-16 16:19:00,Comercio detallista,Óptica,Bogotá  D.C.,1,4302000,720000,2,2.0,11,2,2021-05-01,5,5.5,0,4,3,5,4.0,Estándar
9VHH6IUMQA,2021-03-19 12:14:00,2021-03-19 12:25:00,Alimentos y bebidas,Restaurante / Café,Bogotá  D.C.,1,6377916,1338897,2,2.0,179,3,2021-05-01,94,59.666666666666664,0,5,5,5,5.0,Alto valor
9W4VLX3UDC,2021-03-26 11:23:00,2021-03-26 12:08:00,Comercio detallista,Óptica,Bogotá  D.C.,1,10302000,3220000,2,2.0,25,3,2021-05-01,11,8.333333333333334,0,5,4,5,4.666666666666667,Alto valor
9WEPENSRWI,2021-01-21 16:20:00,2021-01-26 13:25:00,Comercio detallista,Muebles / Decoración,Bogotá  D.C.,5,6896373,2000000,4,4.0,19,4,2021-05-01,1,4.75,0,5,4,5,4.666666666666667,Alto valor
9WJ4X6V4VS,2021-01-06 15:52:00,2021-01-06 16:06:00,Comercio detallista,Óptica,Bogotá  D.C.,1,7824000,650000,4,4.0,23,5,2021-05-01,2,4.6,0,5,4,5,4.666666666666667,Alto valor
9X7IADXF8C,2021-03-18 12:35:00,2021-03-18 12:43:00,Comercio detallista,Tecnología,Girardot,1,4790000,875000,2,2.0,42,3,2021-05-01,17,14.0,0,4,5,5,4.666666666666667,Alto valor
9XJK6NLI6Z,2021-03-13 09:54:00,2021-03-13 20:12:00,Alimentos y bebidas,Otro,Armenia,1,10000,0,2,2.0,1,1,2021-03-01,0,1.0,2,1,1,3,1.6666666666666667,Estándar
9XKYCGI675,2021-03-06 15:53:00,2021-03-06 16:05:00,Servicios,Otro,Bogotá  D.C.,1,4000,0,2,2.0,2,1,2021-03-01,0,2.0,2,1,1,3,1.6666666666666667,Estándar
9YI8JG5N03,2020-12-28 14:10:00,2020-12-28 14:31:00,Comercio detallista,Materiales de construcción,Soacha,1,47286750,2578600,5,5.0,74,6,2021-05-01,13,12.333333333333334,0,5,5,5,5.0,Alto valor
9YISMZ6H7I,2021-02-01 13:18:00,2021-02-01 13:24:00,Comercio detallista,Óptica,Bogotá  D.C.,1,9634000,350000,3,3.0,20,4,2021-05-01,4,5.0,0,5,4,5,4.666666666666667,Alto valor
9YOXXJZG7F,2021-02-24 13:48:00,2021-02-24 13:57:00,Comercio detallista,Otro,Bogotá  D.C.,1,2762000,690000,3,3.0,5,4,2021-05-01,1,1.25,0,4,2,5,3.6666666666666665,Estándar
9ZORQEIHNF,2021-03-23 16:29:00,2021-03-23 16:38:00,Alimentos y bebidas,Restaurante / Café,Bogotá  D.C.,1,492500,0,2,2.0,15,2,2021-05-01,14,7.5,0,2,4,5,3.6666666666666665,Estándar
9ZUT8SSPFW,2021-03-18 11:46:00,2021-03-18 12:07:00,Transporte,Servicio especial,Cali,1,32088325,8461525,2,2.0,34,3,2021-05-01,12,11.333333333333334,0,5,5,5,5.0,Alto valor
A0CKFIWFL1,2021-03-30 17:05:00,2021-03-30 17:23:00,Comercio detallista,Óptica,Bogotá  D.C.,1,462000,0,2,2.0,2,1,2021-03-01,0,2.0,2,2,1,3,2.0,Estándar
A0DS1XC3AI,2021-03-19 15:40:00,2021-03-19 15:51:00,Comercio detallista,Tecnología,Chía,1,735600,134800,2,2.0,11,3,2021-05-01,6,3.6666666666666665,0,2,3,5,3.3333333333333335,Estándar
A0UBIZOKF5,2020-12-28 11:23:00,2020-12-28 11:34:00,Comercio detallista,Óptica,Bogotá  D.C.,1,2875000,0,5,5.0,9,5,2021-05-01,2,1.8,0,4,3,5,4.0,Estándar
A1V5LV6ZAH,2021-03-24 19:02:00,2021-03-24 19:11:00,Comercio detallista,Ropa / Accesorios,Bogotá  D.C.,1,109000,0,2,2.0,4,2,2021-05-01,2,2.0,0,1,2,5,2.6666666666666665,Nuevos o bajo desarrollo
A25900YBI8,2021-03-12 16:38:00,2021-03-12 16:48:00,Comercio detallista,Ropa / Accesorios,Bogotá  D.C.,1,3115000,1543000,2,2.0,9,3,2021-05-01,4,3.0,0,4,3,5,4.0,Estándar
A2Y6OA9YJT,2021-03-26 18:20:00,2021-03-26 18:29:00,Comercio detallista,Auto partes,Bogotá  D.C.,1,877000,274000,2,2.0,3,2,2021-04-01,0,1.5,1,2,1,4,2.3333333333333335,Nuevos o bajo desarrollo
A3BRD8IJUT,2021-03-06 14:55:00,2021-03-06 15:09:00,Servicios,Otro,Bogotá  D.C.,1,362000,115000,2,2.0,3,2,2021-04-01,0,1.5,1,2,1,4,2.3333333333333335,Nuevos o bajo desarrollo
A3IF6VGL0B,2021-01-14 17:16:00,2021-01-14 17:39:00,Alimentos y bebidas,Abarrotes / Mercado,Bogotá  D.C.,1,933600,0,4,4.0,27,5,2021-05-01,4,5.4,0,2,4,5,3.6666666666666665,Estándar
A4K2KGSHRC,2021-02-19 07:54:00,2021-02-19 20:47:00,Alimentos y bebidas,Abarrotes / Mercado,Bogotá  D.C.,1,184500,0,3,3.0,4,3,2021-05-01,1,1.3333333333333333,0,2,2,5,3.0,Nuevos o bajo desarrollo
A573V27NHP,2021-03-19 11:33:00,2021-03-23 10:01:00,Reparación y limpieza,Automotriz y autopartes,Madrid,1,1413900,0,2,2.0,12,3,2021-05-01,4,4.0,0,3,3,5,3.6666666666666665,Estándar
A5DAPV5MMT,2021-03-23 11:40:00,2021-03-23 11:56:00,Servicios,Otro,Cali,1,1050,0,2,2.0,1,1,2021-03-01,0,1.0,2,1,1,3,1.6666666666666667,Estándar
A6YKCMK1VI,2021-03-30 15:43:00,2021-03-30 15:55:00,Servicios,Otro,Bogotá  D.C.,1,1919500,971500,2,2.0,10,3,2021-05-01,5,3.3333333333333335,0,3,3,5,3.6666666666666665,Estándar
A7JRAASQSG,2021-01-13 11:35:00,2021-01-13 12:02:00,Comercio detallista,Óptica,Bogotá  D.C.,1,10120000,1950000,4,4.0,28,5,2021-05-01,12,5.6,0,5,4,5,4.666666666666667,Alto valor
A7KCD1VLLQ,2021-03-18 15:55:00,2021-03-18 16:10:00,Reparación y limpieza,Automotriz y autopartes,Bogotá  D.C.,1,10112000,2167000,2,2.0,87,3,2021-05-01,46,29.0,0,5,5,5,5.0,Alto valor
A7VA6XXI5U,2021-03-24 17:22:00,2021-03-26 13:41:00,Belleza y cuidado personal,Estilista independiente,Cali,1,106000,0,2,2.0,5,2,2021-04-01,0,2.5,1,1,2,4,2.3333333333333335,Nuevos o bajo desarrollo
A90C1HRTKT,2021-03-10 11:43:00,2021-03-10 11:50:00,Comercio detallista,Materiales de construcción,Fusagasugá,1,396888,0,2,2.0,5,2,2021-05-01,2,2.5,0,2,2,5,3.0,Nuevos o bajo desarrollo
ABD0HS1KK2,2021-02-19 17:08:00,2021-02-19 17:18:00,Comercio detallista,Óptica,Bogotá  D.C.,2,1875000,0,3,3.0,12,2,2021-03-01,0,6.0,2,3,3,3,3.0,Estándar
ABOSZB2QWO,2021-03-10 10:43:00,2021-03-10 10:56:00,Comercio detallista,Muebles / Decoración,Bogotá  D.C.,1,22164000,6900000,2,2.0,15,3,2021-05-01,1,5.0,0,5,4,5,4.666666666666667,Alto valor
ABSEV8AZ16,2021-03-11 13:47:00,2021-03-11 14:01:00,Alimentos y bebidas,Restaurante / Café,Chía,1,1688000,0,2,2.0,23,3,2021-05-01,5,7.666666666666667,0,3,4,5,4.0,Estándar
ABWWIHR82Q,2021-03-09 12:33:00,2021-03-09 12:42:00,Alimentos y bebidas,Abarrotes / Mercado,Bogotá  D.C.,1,1486500,222800,2,2.0,44,3,2021-05-01,13,14.666666666666666,0,3,5,5,4.333333333333333,Estándar
ABYKWRWT6L,2021-03-30 14:17:00,2021-03-30 14:25:00,Alimentos y bebidas,Abarrotes / Mercado,Bogotá  D.C.,1,2000,0,2,2.0,1,1,2021-03-01,0,1.0,2,1,1,3,1.6666666666666667,Estándar
ACJP05VNZQ,2021-03-29 14:15:00,2021-03-29 14:23:00,Servicios,Diseño / Fotografía,Bogotá  D.C.,1,1179370,0,2,2.0,9,3,2021-05-01,4,3.0,0,3,3,5,3.6666666666666665,Estándar
AD0ZG8RS2I,2021-03-23 17:56:00,2021-03-23 18:05:00,Alimentos y bebidas,Restaurante / Café,Bogotá  D.C.,1,36874520,11185590,2,2.0,292,3,2021-05-01,179,97.33333333333333,0,5,5,5,5.0,Alto valor
AD9UKWME72,2021-01-07 17:38:00,2021-01-07 17:52:00,Comercio detallista,Óptica,Bogotá  D.C.,1,19515000,4240000,4,4.0,50,5,2021-05-01,4,10.0,0,5,5,5,5.0,Alto valor
ADPS2H5P18,2021-02-19 15:59:00,2021-02-19 16:09:00,Reparación y limpieza,Reparaciones locativas,Bogotá  D.C.,1,3603000,1319000,3,3.0,7,4,2021-05-01,1,1.75,0,4,2,5,3.6666666666666665,Estándar
ADQWVMPM3Y,2021-02-22 11:08:00,2021-02-22 11:21:00,Comercio detallista,Otro,Bogotá  D.C.,1,12428500,3472000,3,3.0,36,4,2021-05-01,12,9.0,0,5,5,5,5.0,Alto valor
AE0YH34UBT,2021-03-16 12:23:00,2021-03-16 12:39:00,Alimentos y bebidas,Abarrotes / Mercado,Soacha,1,253700,0,2,2.0,4,3,2021-05-01,1,1.3333333333333333,0,2,2,5,3.0,Nuevos o bajo desarrollo
AEFLJZSXEK,2021-03-10 15:45:00,2021-03-10 15:55:00,Comercio detallista,Óptica,Fusagasugá,1,9296000,345000,2,2.0,33,3,2021-05-01,13,11.0,0,5,5,5,5.0,Alto valor
AEI23KKMTA,2021-03-26 16:24:00,2021-03-26 16:45:00,Comercio detallista,Otro,Bogotá  D.C.,1,3227500,1305500,2,2.0,15,3,2021-05-01,9,5.0,0,4,4,5,4.333333333333333,Alto valor
AFQ5DTVKJY,2021-01-06 14:54:00,2021-01-06 15:04:00,Comercio detallista,Materiales de construcción,Soacha,1,875920,0,4,4.0,8,4,2021-04-01,0,2.0,1,2,3,4,3.0,Estándar
AFXKRB63BX,2021-02-22 16:57:00,2021-02-22 17:08:00,Reparación y limpieza,Reparaciones locativas,Soacha,1,7285500,2039000,3,3.0,6,4,2021-05-01,2,1.5,0,5,2,5,4.0,Estándar
AGLJ7175F1,2021-03-16 11:34:00,2021-03-16 11:43:00,Comercio detallista,Tecnología,Bogotá  D.C.,1,3342000,810000,2,2.0,19,3,2021-05-01,6,6.333333333333333,0,4,4,5,4.333333333333333,Alto valor
AGZHL38F0K,2021-03-31 19:35:00,2021-03-31 19:41:00,Servicios,Contabilidad / Asesorías,Bogotá  D.C.,1,2000,0,2,2.0,1,1,2021-03-01,0,1.0,2,1,1,3,1.6666666666666667,Estándar
AHRPVUB9AU,2021-03-11 17:16:00,2021-03-11 17:23:00,Alimentos y bebidas,Licores,Bogotá  D.C.,1,1535800,0,2,2.0,18,3,2021-05-01,5,6.0,0,3,4,5,4.0,Estándar
AIPG0NZIVD,2021-02-10 12:43:00,2021-02-10 13:05:00,Belleza y cuidado personal,Salón de belleza,Bogotá  D.C.,1,1580000,969000,3,3.0,15,4,2021-05-01,4,3.75,0,3,4,5,4.0,Estándar
AIYK6JGV9B,2021-03-29 19:03:00,2021-03-29 19:22:00,Alimentos y bebidas,Comida rápida,Bogotá  D.C.,1,5979750,721800,2,2.0,216,3,2021-05-01,89,72.0,0,4,5,5,4.666666666666667,Alto valor
AJ6J6UT2ZC,2021-03-15 16:30:00,2021-03-15 16:39:00,Servicios,Tecnología y software,Bogotá  D.C.,1,1133600,0,2,2.0,5,3,2021-05-01,2,1.6666666666666667,0,3,2,5,3.3333333333333335,Estándar
AJR75N2XPN,2021-02-15 16:56:00,2021-02-15 17:14:00,Alimentos y bebidas,Licores,Bogotá  D.C.,1,2000,0,3,3.0,1,1,2021-02-01,0,1.0,3,1,1,2,1.3333333333333333,Baja actividad
AKNALYT10C,2021-01-14 18:01:00,2021-01-14 18:17:00,Alimentos y bebidas,Abarrotes / Mercado,Bogotá  D.C.,1,94500,0,4,4.0,5,3,2021-05-01,3,1.6666666666666667,0,1,2,5,2.6666666666666665,Nuevos o bajo desarrollo
AKPEOP7S3T,2021-03-03 14:44:00,2021-03-03 14:58:00,Belleza y cuidado personal,Otro,Bogotá  D.C.,1,1237000,75000,2,2.0,7,2,2021-05-01,1,3.5,0,3,2,5,3.3333333333333335,Estándar
AKQGB4XMST,2021-03-19 18:47:00,2021-03-19 19:01:00,Comercio detallista,Ropa / Accesorios,Bogotá  D.C.,1,1404000,333000,2,2.0,11,3,2021-05-01,4,3.6666666666666665,0,3,3,5,3.6666666666666665,Estándar
ALDP0J3Q0L,2021-03-23 10:32:00,2021-03-23 10:46:00,Reparación y limpieza,Automotriz y autopartes,Bogotá  D.C.,1,390000,220000,2,2.0,6,3,2021-05-01,1,2.0,0,2,2,5,3.0,Nuevos o bajo desarrollo
AM4JMYOP1X,2021-03-06 13:11:00,2021-03-06 13:28:00,Comercio detallista,Ropa / Accesorios,Bogotá  D.C.,1,1739000,0,2,2.0,13,3,2021-05-01,3,4.333333333333333,0,3,3,5,3.6666666666666665,Estándar
AMJJ4338TZ,2021-03-09 15:03:00,2021-03-09 15:19:00,Comercio detallista,Ropa / Accesorios,Bogotá  D.C.,1,46000,1000,2,2.0,2,1,2021-03-01,0,2.0,2,1,1,3,1.6666666666666667,Estándar
AMWY6ZN07A,2021-02-15 16:10:00,2021-02-15 16:22:00,Comercio detallista,Insumos,Bogotá  D.C.,1,1635200,660000,3,3.0,8,4,2021-05-01,2,2.0,0,3,3,5,3.6666666666666665,Estándar
ANBX35WXDD,2020-12-22 14:19:00,2020-12-22 14:39:00,Comercio detallista,Óptica,Bogotá  D.C.,2,43880000,4120000,5,5.0,86,6,2021-05-01,26,14.333333333333334,0,5,5,5,5.0,Alto valor
ANI3NZVW47,2021-02-24 11:37:00,2021-02-24 11:53:00,Comercio detallista,Ropa / Accesorios,Bogotá  D.C.,1,3556000,348000,3,3.0,62,4,2021-05-01,19,15.5,0,4,5,5,4.666666666666667,Alto valor
APYNMIFUYZ,2021-02-25 13:29:00,2021-02-27 11:39:00,Alimentos y bebidas,Restaurante / Café,Bogotá  D.C.,1,44744173,9353740,3,3.0,329,4,2021-05-01,153,82.25,0,5,5,5,5.0,Alto valor
AQ0N0TDFSY,2021-03-24 17:47:00,2021-03-24 17:58:00,Comercio detallista,Ropa / Accesorios,Bogotá  D.C.,1,367000,60000,2,2.0,6,2,2021-05-01,5,3.0,0,2,2,5,3.0,Nuevos o bajo desarrollo
AQRE11V2LR,2021-02-02 17:18:00,2021-02-02 17:54:00,Servicios,Veterinaria,Bogotá  D.C.,1,605500,193500,3,3.0,10,3,2021-05-01,2,3.3333333333333335,0,2,3,5,3.3333333333333335,Estándar
AR1IYSNXG8,2021-03-18 10:17:00,2021-03-18 10:39:00,Transporte,Servicio especial,Bogotá  D.C.,1,363000,0,2,2.0,8,2,2021-04-01,0,4.0,1,2,3,4,3.0,Estándar
AR4T4YTS7Z,2021-02-10 19:16:00,2021-03-06 17:32:00,Alimentos y bebidas,Abarrotes / Mercado,Bogotá  D.C.,1,503600,100600,3,2.0,13,2,2021-05-01,12,6.5,0,2,3,5,3.3333333333333335,Estándar
ARVT8WHHXN,2021-02-15 12:47:00,2021-02-15 13:08:00,Comercio detallista,Óptica,Bogotá  D.C.,1,5573000,630000,3,3.0,16,3,2021-05-01,5,5.333333333333333,0,4,4,5,4.333333333333333,Alto valor
AT6PW42C0A,2020-12-14 15:54:00,2020-12-14 16:11:00,Servicios,Otro,Bogotá  D.C.,1,4587000,441000,5,5.0,68,6,2021-05-01,12,11.333333333333334,0,4,5,5,4.666666666666667,Alto valor
ATDLYMFF14,2021-03-23 19:26:00,2021-03-23 19:37:00,Comercio detallista,Óptica,Bogotá  D.C.,1,9886000,2100000,2,2.0,36,3,2021-05-01,22,12.0,0,5,5,5,5.0,Alto valor
ATHL45GVRS,2021-03-13 11:41:00,2021-03-13 11:51:00,Comercio detallista,Materiales de construcción,Bogotá  D.C.,1,441600,0,2,2.0,2,2,2021-05-01,1,1.0,0,2,1,5,2.6666666666666665,Nuevos o bajo desarrollo
ATMGVM8TRD,2021-03-10 13:35:00,2021-03-10 13:52:00,Servicios,Medicina / Odontología,Bogotá  D.C.,1,2284000,410000,2,2.0,10,3,2021-05-01,1,3.3333333333333335,0,3,3,5,3.6666666666666665,Estándar
AUCHZLW39W,2021-03-18 13:02:00,2021-03-27 11:26:00,Comercio detallista,Tecnología,Bogotá  D.C.,1,707000,30000,2,2.0,7,3,2021-05-01,1,2.3333333333333335,0,2,2,5,3.0,Nuevos o bajo desarrollo
AVURWX81WV,2021-03-09 11:30:00,2021-03-09 11:39:00,Comercio detallista,Muebles / Decoración,Bogotá  D.C.,1,318000,0,2,2.0,4,3,2021-05-01,2,1.3333333333333333,0,2,2,5,3.0,Nuevos o bajo desarrollo
AX7JODLM2S,2021-03-19 11:05:00,2021-03-19 11:24:00,Transporte,Taxi,Cali,1,1000,0,2,2.0,1,1,2021-03-01,0,1.0,2,1,1,3,1.6666666666666667,Estándar
AYFNNEAF05,2021-03-09 18:50:00,2021-03-09 19:02:00,Alimentos y bebidas,Licores,Bogotá  D.C.,1,6005635,3879960,2,2.0,40,3,2021-05-01,22,13.333333333333334,0,4,5,5,4.666666666666667,Alto valor
AZ36F3W5FE,2021-03-19 16:53:00,2021-03-19 17:03:00,Alimentos y bebidas,Abarrotes / Mercado,Zipaquirá,1,28400,0,2,2.0,3,2,2021-05-01,2,1.5,0,1,1,5,2.3333333333333335,Nuevos o bajo desarrollo
AZPVO74FDX,2021-03-11 15:43:00,2021-03-12 15:11:00,Servicios,Tecnología y software,Bogotá  D.C.,1,3450000,0,2,2.0,2,2,2021-05-01,1,1.0,0,4,1,5,3.3333333333333335,Estándar
AZZ5HJQV71,2021-02-18 16:32:00,2021-02-18 16:46:00,Comercio detallista,Elementos del hogar,Bogotá  D.C.,1,6773000,2000,3,3.0,21,3,2021-05-01,16,7.0,0,5,4,5,4.666666666666667,Alto valor
B02D3XWBJR,2021-03-01 17:27:00,2021-03-01 17:52:00,Alimentos y bebidas,Otro,Bogotá  D.C.,1,2000,0,2,2.0,2,1,2021-03-01,0,2.0,2,1,1,3,1.6666666666666667,Estándar
B0HZAK5T87,2021-03-24 16:59:00,2021-03-24 17:10:00,Servicios,Diseño / Fotografía,Bogotá  D.C.,1,1104500,157000,2,2.0,13,3,2021-05-01,6,4.333333333333333,0,3,3,5,3.6666666666666665,Estándar
B0MV3TKT7S,2021-03-11 16:33:00,2021-03-11 16:43:00,Alimentos y bebidas,Abarrotes / Mercado,Soacha,1,361960,0,2,2.0,13,3,2021-05-01,5,4.333333333333333,0,2,3,5,3.3333333333333335,Estándar
B0TVWPVC11,2021-03-17 08:53:00,2021-03-17 09:09:00,Reparación y limpieza,Automotriz y autopartes,Bogotá  D.C.,1,10681500,1667000,2,2.0,23,3,2021-05-01,10,7.666666666666667,0,5,4,5,4.666666666666667,Alto valor
B13MSYR19B,2020-12-14 15:17:00,2020-12-14 15:29:00,Servicios,Tecnología y software,Bogotá  D.C.,1,1374000,0,5,5.0,14,6,2021-05-01,2,2.3333333333333335,0,3,3,5,3.6666666666666665,Estándar
B1TQHOTJAA,2020-12-09 13:34:00,2020-12-09 13:45:00,Servicios,Otro,Bogotá  D.C.,1,6802000,1209000,5,5.0,22,6,2021-05-01,3,3.6666666666666665,0,5,4,5,4.666666666666667,Alto valor
B2BX82T7SU,2021-03-18 11:06:00,2021-03-18 11:20:00,Alimentos y bebidas,Otro,Bogotá  D.C.,1,1000,0,2,2.0,1,1,2021-03-01,0,1.0,2,1,1,3,1.6666666666666667,Estándar
B2GABRK5IK,2021-02-10 12:43:00,2021-02-10 12:53:00,Comercio detallista,Óptica,Bogotá  D.C.,1,1032000,280000,3,3.0,4,3,2021-05-01,1,1.3333333333333333,0,3,2,5,3.3333333333333335,Estándar
B3199LFS8F,2021-03-30 09:32:00,2021-03-30 09:46:00,Alimentos y bebidas,Abarrotes / Mercado,Bogotá  D.C.,1,13000,0,2,2.0,3,2,2021-04-01,0,1.5,1,1,1,4,2.0,Nuevos o bajo desarrollo
B3Q79UX04I,2021-03-11 21:14:00,2021-03-11 21:25:00,Servicios,Tecnología y software,Bogotá  D.C.,1,2000,0,2,2.0,1,1,2021-03-01,0,1.0,2,1,1,3,1.6666666666666667,Estándar
B3UFVUYMCG,2021-03-15 12:32:00,2021-03-15 12:42:00,Servicios,Tecnología y software,Bogotá  D.C.,1,4424200,597100,2,2.0,13,3,2021-05-01,4,4.333333333333333,0,4,3,5,4.0,Estándar
B4TG88DCMS,2021-03-10 14:45:00,2021-03-10 14:58:00,Comercio detallista,Otro,Fusagasugá,1,3138200,1375800,2,2.0,15,3,2021-05-01,7,5.0,0,4,4,5,4.333333333333333,Alto valor
B78FKCW5XK,2021-02-15 15:07:00,2021-03-09 08:57:00,Comercio detallista,Ropa / Accesorios,Cali,1,82000,0,3,2.0,3,1,2021-03-01,0,3.0,2,1,1,3,1.6666666666666667,Estándar
B7GQXNRKI8,2020-12-22 13:29:00,2020-12-22 13:39:00,Servicios,Otro,Bogotá  D.C.,1,202000,0,5,5.0,2,2,2021-03-01,0,1.0,2,2,1,3,2.0,Estándar
B7XGZ2YCPG,2021-02-11 21:22:00,2021-02-12 15:01:00,Comercio detallista,Ropa / Accesorios,Bogotá  D.C.,3,8483000,2225000,3,3.0,149,4,2021-05-01,49,37.25,0,5,5,5,5.0,Alto valor
B8H4CO30SI,2021-01-30 11:59:00,2021-01-30 12:15:00,Comercio detallista,Óptica,Bogotá  D.C.,1,672000,0,4,4.0,5,4,2021-05-01,1,1.25,0,2,2,5,3.0,Nuevos o bajo desarrollo
B94PTWXPV5,2021-01-22 11:18:00,2021-01-22 11:33:00,Comercio detallista,Ropa / Accesorios,Soacha,1,17774000,3647000,4,4.0,83,5,2021-05-01,30,16.6,0,5,5,5,5.0,Alto valor
B9AYXD9ORU,2020-12-21 17:20:00,2020-12-21 17:31:00,Comercio detallista,Óptica,Bogotá  D.C.,1,17457000,680000,5,5.0,43,6,2021-05-01,1,7.166666666666667,0,5,5,5,5.0,Alto valor
B9ORM4QCBL,2021-03-11 11:13:00,2021-03-11 11:24:00,Comercio detallista,Ropa / Accesorios,Bogotá  D.C.,1,1328000,70000,2,2.0,11,2,2021-05-01,7,5.5,0,3,3,5,3.6666666666666665,Estándar
B9Z0GJK6RL,2021-03-18 14:59:00,2021-03-18 15:24:00,Comercio detallista,Óptica,Bogotá  D.C.,1,8578700,700000,2,2.0,34,3,2021-05-01,12,11.333333333333334,0,5,5,5,5.0,Alto valor
BA8JA7NYPP,2021-03-12 11:52:00,2021-03-12 12:16:00,Comercio detallista,Tecnología,Bogotá  D.C.,1,6185800,826800,2,2.0,4,2,2021-04-01,0,2.0,1,4,2,4,3.3333333333333335,Estándar
BAHXGWOQ3B,2021-03-10 17:50:00,2021-03-10 18:08:00,Comercio detallista,Venta de bicicletas y accesorios,Bogotá  D.C.,1,32561450,8143000,2,2.0,28,3,2021-05-01,10,9.333333333333334,0,5,4,5,4.666666666666667,Alto valor
BBIJB7ISH6,2021-03-12 11:45:00,2021-03-12 12:01:00,Comercio detallista,Otro,Bogotá  D.C.,1,29469606,180000,2,2.0,18,3,2021-05-01,6,6.0,0,5,4,5,4.666666666666667,Alto valor
BBL7LBZWGG,2021-03-02 13:48:00,2021-03-02 13:57:00,Comercio detallista,Óptica,Bogotá  D.C.,1,6717000,0,2,2.0,20,3,2021-05-01,7,6.666666666666667,0,5,4,5,4.666666666666667,Alto valor
BC3E6Z902F,2021-02-17 21:13:00,,Comercio detallista,Tecnología,Bogotá  D.C.,1,0,0,3,,5,3,2021-05-01,2,1.6666666666666667,0,1,2,5,2.6666666666666665,Nuevos o bajo desarrollo
BCGIJVNT0Z,2021-03-09 15:55:00,2021-03-09 16:09:00,Comercio detallista,Tecnología,Bogotá  D.C.,1,1092000,105000,2,2.0,22,3,2021-05-01,10,7.333333333333333,0,3,4,5,4.0,Estándar
BCN9CIBIPU,2021-03-23 16:56:00,2021-03-23 17:48:00,Comercio detallista,Óptica,Cali,1,1692000,1060000,2,2.0,5,2,2021-04-01,0,2.5,1,3,2,4,3.0,Estándar
BCY6JWXZS8,2021-03-19 16:22:00,2021-03-19 16:31:00,Comercio detallista,Otro,Villa de San Diego de Ubate,1,3929000,437000,2,2.0,16,3,2021-05-01,11,5.333333333333333,0,4,4,5,4.333333333333333,Alto valor
BDI23QUKRV,2021-03-10 11:03:00,2021-03-10 11:11:00,Belleza y cuidado personal,Centro de tatuajes,Sibaté,1,2000,0,2,2.0,1,1,2021-03-01,0,1.0,2,1,1,3,1.6666666666666667,Estándar
BE8OW3MSQB,2021-02-05 11:19:00,2021-02-17 20:42:00,Belleza y cuidado personal,Salón de belleza,Bogotá  D.C.,1,967750,0,3,3.0,11,3,2021-04-01,0,3.6666666666666665,1,2,3,4,3.0,Estándar
BEE1ORHUAG,2021-03-03 16:44:00,2021-03-03 16:53:00,Comercio detallista,Tecnología,Bogotá  D.C.,1,1446000,143000,2,2.0,17,3,2021-05-01,4,5.666666666666667,0,3,4,5,4.0,Estándar
BEIFSRUXUL,2021-03-26 16:05:00,2021-03-26 16:17:00,Comercio detallista,Artesanías,Bogotá  D.C.,1,407000,133000,2,2.0,11,3,2021-05-01,6,3.6666666666666665,0,2,3,5,3.3333333333333335,Estándar
BESWM4HGP7,2021-03-27 18:30:00,2021-03-27 18:39:00,Comercio detallista,Elementos de seguridad,Bogotá  D.C.,1,5187500,1127900,2,2.0,34,3,2021-05-01,23,11.333333333333334,0,4,5,5,4.666666666666667,Alto valor
BF0ES8VQ4O,2021-01-08 18:26:00,2021-01-15 10:27:00,Comercio detallista,Muebles / Decoración,Cartagena de Indias,1,36831569,5742888,4,4.0,74,5,2021-05-01,9,14.8,0,5,5,5,5.0,Alto valor
BF7G18FTZL,2020-09-21 17:10:00,2021-02-16 16:40:00,Alimentos y bebidas,Abarrotes / Mercado,Bogotá  D.C.,1,1502000,0,8,3.0,2,2,2021-04-01,0,1.0,1,3,1,4,2.6666666666666665,Estándar
BF8756YIFJ,2021-03-13 13:42:00,2021-03-13 14:34:00,Transporte,Taxi,Cali,1,356000,0,2,2.0,7,3,2021-05-01,1,2.3333333333333335,0,2,2,5,3.0,Nuevos o bajo desarrollo
BFCUZJJ1OC,2021-02-09 16:45:00,2021-02-11 12:22:00,Reparación y limpieza,Automotriz y autopartes,Bogotá  D.C.,1,4000,0,3,3.0,4,3,2021-05-01,1,1.3333333333333333,0,1,2,5,2.6666666666666665,Nuevos o bajo desarrollo
BFKDFJQRCL,2021-02-10 13:17:00,2021-02-12 11:02:00,Comercio detallista,Venta de bicicletas y accesorios,Bogotá  D.C.,1,58483000,11450000,3,3.0,86,4,2021-05-01,33,21.5,0,5,5,5,5.0,Alto valor
BGB2D2WQMU,2021-03-17 12:52:00,2021-03-17 13:11:00,Reparación y limpieza,Moda / Zapatería,Bogotá  D.C.,1,3532000,565000,2,2.0,17,3,2021-05-01,7,5.666666666666667,0,4,4,5,4.333333333333333,Alto valor
BGQW5GY1V0,2021-02-10 14:35:00,2021-02-10 14:58:00,Comercio detallista,Libros / Papelería,Bogotá  D.C.,1,2000,0,3,3.0,1,1,2021-02-01,0,1.0,3,1,1,2,1.3333333333333333,Baja actividad
BH6OWLPR8K,2021-03-30 13:33:00,2021-03-30 13:47:00,Comercio detallista,Otro,Bogotá  D.C.,1,1182300,549000,2,2.0,15,3,2021-05-01,7,5.0,0,3,4,5,4.0,Estándar
BHBJ09LVLE,2021-03-09 21:34:00,2021-03-19 12:25:00,Servicios,Otro,Bogotá  D.C.,1,605000,0,2,2.0,6,2,2021-05-01,4,3.0,0,2,2,5,3.0,Nuevos o bajo desarrollo
BHGXJE4KNM,2021-02-25 10:07:00,2021-03-04 18:52:00,Comercio detallista,Otro,Bogotá  D.C.,1,164000,0,3,2.0,6,4,2021-05-01,1,1.5,0,1,2,5,2.6666666666666665,Nuevos o bajo desarrollo
BHLYPQ7WNJ,2021-03-02 15:03:00,2021-03-02 15:18:00,Servicios,Otro,Cali,1,987300,80000,2,2.0,18,3,2021-05-01,3,6.0,0,3,4,5,4.0,Estándar
BHRICJTVCQ,2021-03-23 15:43:00,2021-03-23 16:07:00,Alimentos y bebidas,Restaurante / Café,Bogotá  D.C.,1,1293000,1289000,2,2.0,4,1,2021-03-01,0,4.0,2,3,2,3,2.6666666666666665,Estándar
BIY83F15BJ,2021-03-02 16:11:00,2021-03-02 16:25:00,Reparación y limpieza,Lavandería,Bogotá  D.C.,1,2000,0,2,2.0,1,1,2021-03-01,0,1.0,2,1,1,3,1.6666666666666667,Estándar
BJOWG1DH5U,2021-02-19 11:11:00,2021-02-21 23:20:00,Alimentos y bebidas,Comida rápida,Armenia,1,713000,54000,3,3.0,23,4,2021-05-01,4,5.75,0,2,4,5,3.6666666666666665,Estándar
BK81RRY4MJ,2021-03-23 13:54:00,2021-03-23 14:04:00,Servicios,Otro,Bogotá  D.C.,1,2847700,927000,2,2.0,28,3,2021-05-01,17,9.333333333333334,0,4,4,5,4.333333333333333,Alto valor
BKOFMM45DJ,2021-01-28 15:54:00,2021-01-28 16:28:00,Comercio detallista,Equipos médicos,Bogotá  D.C.,1,2849616,0,4,4.0,15,5,2021-05-01,2,3.0,0,4,4,5,4.333333333333333,Alto valor
BL63REUZHM,2020-12-09 12:54:00,2020-12-09 22:12:00,Servicios,Contabilidad / Asesorías,Cajicá,1,2000,0,5,5.0,1,1,2020-12-01,0,1.0,5,1,1,1,1.0,Baja actividad
BL64JGZ1MZ,2021-03-08 10:22:00,2021-03-08 10:52:00,Comercio detallista,Ropa / Accesorios,Bogotá  D.C.,1,4000,0,2,2.0,2,1,2021-03-01,0,2.0,2,1,1,3,1.6666666666666667,Estándar
BLKX6B0PKW,2021-03-13 12:19:00,2021-03-13 12:30:00,Servicios,Tecnología y software,Bogotá  D.C.,1,1459350,0,2,2.0,8,3,2021-05-01,3,2.6666666666666665,0,3,3,5,3.6666666666666665,Estándar
BLNLBIXL1W,2021-03-14 16:10:00,2021-03-14 17:11:00,Comercio detallista,Ropa / Accesorios,Bogotá  D.C.,1,1413000,231000,2,2.0,17,3,2021-05-01,5,5.666666666666667,0,3,4,5,4.0,Estándar
BNVSFAV16A,2021-01-19 15:00:00,2021-01-19 15:14:00,Comercio detallista,Tecnología,Bogotá  D.C.,1,2815400,0,4,4.0,3,1,2021-01-01,0,3.0,4,4,1,1,2.0,Estándar
BOF1DF1JM3,2021-03-30 14:10:00,2021-03-30 14:22:00,Alimentos y bebidas,Restaurante / Café,Bogotá  D.C.,1,301500,0,2,2.0,7,3,2021-05-01,3,2.3333333333333335,0,2,2,5,3.0,Nuevos o bajo desarrollo
BOH0Y09FO1,2021-03-13 10:49:00,2021-03-13 10:58:00,Servicios,Diseño / Fotografía,Bogotá  D.C.,1,2000,0,2,2.0,1,1,2021-03-01,0,1.0,2,1,1,3,1.6666666666666667,Estándar
BOIR203IEU,2021-03-15 13:40:00,2021-03-15 13:52:00,Comercio detallista,Auto partes,Bogotá  D.C.,1,21730000,4920000,2,2.0,17,3,2021-05-01,7,5.666666666666667,0,5,4,5,4.666666666666667,Alto valor
BOL0KPH7PW,2021-03-29 13:14:00,2021-03-29 13:28:00,Comercio detallista,Electrodomésticos,Bogotá  D.C.,2,6248000,865000,2,2.0,28,3,2021-05-01,19,9.333333333333334,0,5,4,5,4.666666666666667,Alto valor
BP2NFU30WN,2021-02-05 10:52:00,2021-02-05 11:05:00,Alimentos y bebidas,Comida rápida,Cali,1,3285300,824000,3,3.0,86,4,2021-05-01,14,21.5,0,4,5,5,4.666666666666667,Alto valor
BP43P6O5XP,2021-03-23 14:44:00,2021-03-23 14:59:00,Comercio detallista,Óptica,Soacha,1,5035000,1210000,2,2.0,14,3,2021-05-01,4,4.666666666666667,0,4,3,5,4.0,Estándar
BPNTWNO6JC,2020-12-26 15:35:00,2020-12-26 15:56:00,Servicios,Medicina / Odontología,Chía,1,1252000,280000,5,5.0,4,3,2021-02-01,0,1.3333333333333333,3,3,2,2,2.3333333333333335,Estándar
BPS3IX5CAK,2020-12-28 13:47:00,2020-12-28 13:55:00,Comercio detallista,Óptica,Bogotá  D.C.,1,6336200,600000,5,5.0,15,5,2021-05-01,1,3.0,0,5,4,5,4.666666666666667,Alto valor
BPZU9K91E3,2020-12-17 16:03:00,2020-12-17 17:32:00,Alimentos y bebidas,Restaurante / Café,Bogotá  D.C.,1,1215800,161400,5,5.0,26,6,2021-05-01,8,4.333333333333333,0,3,4,5,4.0,Estándar
BQ4RWZRMJW,2021-03-17 11:15:00,2021-03-17 11:29:00,Comercio detallista,Muebles / Decoración,Bogotá  D.C.,1,2000,0,2,2.0,1,1,2021-03-01,0,1.0,2,1,1,3,1.6666666666666667,Estándar
BQ7K2TW1H7,2021-03-26 11:59:00,2021-03-26 12:06:00,Comercio detallista,Ropa / Accesorios,Sibaté,1,1057500,170000,2,2.0,6,3,2021-05-01,1,2.0,0,3,2,5,3.3333333333333335,Estándar
BR2TW7KOFR,2021-03-12 16:34:00,2021-03-12 16:43:00,Reparación y limpieza,Automotriz y autopartes,Bogotá  D.C.,1,752000,0,2,2.0,3,2,2021-04-01,0,1.5,1,2,1,4,2.3333333333333335,Nuevos o bajo desarrollo
BR8CXYNNZF,2021-03-02 15:01:00,2021-03-02 15:19:00,Transporte,Taxi,Cali,1,11000,0,2,2.0,2,1,2021-03-01,0,2.0,2,1,1,3,1.6666666666666667,Estándar
BRDJLUHAVK,2021-03-23 14:13:00,2021-03-23 14:26:00,Comercio detallista,Elementos del hogar,Bogotá  D.C.,1,1644100,0,2,2.0,7,3,2021-05-01,1,2.3333333333333335,0,3,2,5,3.3333333333333335,Estándar
BRJSTQL878,2021-03-29 11:37:00,2021-03-29 11:55:00,Comercio detallista,Ropa / Accesorios,Bogotá  D.C.,1,2000,0,2,2.0,2,1,2021-03-01,0,2.0,2,1,1,3,1.6666666666666667,Estándar
BRKX5IKY96,2021-01-20 17:16:00,2021-01-20 17:29:00,Comercio detallista,Óptica,Bogotá  D.C.,1,392000,0,4,4.0,3,1,2021-01-01,0,3.0,4,2,1,1,1.3333333333333333,Baja actividad
BRM61JOD19,2021-03-10 10:42:00,2021-03-15 17:18:00,Alimentos y bebidas,Abarrotes / Mercado,Bogotá  D.C.,1,432850,42200,2,2.0,13,3,2021-05-01,3,4.333333333333333,0,2,3,5,3.3333333333333335,Estándar
BS67TNFHC1,2021-03-18 21:58:00,2021-03-19 08:34:00,Belleza y cuidado personal,Masajista independiente,Bogotá  D.C.,1,2000,0,2,2.0,1,1,2021-03-01,0,1.0,2,1,1,3,1.6666666666666667,Estándar
BS6JNVLDNX,2021-02-02 15:34:00,2021-02-02 16:00:00,Educación,Talleres / Cursos / Capacitaciones,Bogotá  D.C.,1,2000,0,3,3.0,1,1,2021-02-01,0,1.0,3,1,1,2,1.3333333333333333,Baja actividad
BSIES0W2M3,2021-03-03 11:44:00,2021-03-03 12:30:00,Comercio detallista,Materiales de construcción,Soacha,1,802000,0,2,2.0,3,1,2021-03-01,0,3.0,2,2,1,3,2.0,Estándar
BSTDIQ82CR,2021-03-08 16:34:00,2021-03-09 21:14:00,Alimentos y bebidas,Comida rápida,Bucaramanga,1,4265400,829100,2,2.0,105,3,2021-05-01,42,35.0,0,4,5,5,4.666666666666667,Alto valor
BT9FC4NGKK,2021-03-05 14:18:00,2021-03-05 14:33:00,Belleza y cuidado personal,Otro,Bogotá  D.C.,1,8693750,814500,2,2.0,22,3,2021-05-01,10,7.333333333333333,0,5,4,5,4.666666666666667,Alto valor
BTUPTDPNBO,2021-03-12 16:25:00,2021-03-12 16:32:00,Servicios,Otro,Barranquilla,1,1837000,120000,2,2.0,21,3,2021-05-01,9,7.0,0,3,4,5,4.0,Estándar
BU3JSDVYIT,2021-01-19 15:14:00,2021-01-19 15:26:00,Comercio detallista,Óptica,Bogotá  D.C.,1,4806000,1000,4,4.0,13,4,2021-04-01,0,3.25,1,4,3,4,3.6666666666666665,Estándar
BUD7779RPW,2021-03-11 16:09:00,2021-03-11 16:17:00,Comercio detallista,Muebles / Decoración,Bogotá  D.C.,1,11709000,1355000,2,2.0,27,3,2021-05-01,19,9.0,0,5,4,5,4.666666666666667,Alto valor
BUOBHDFCFX,2021-03-24 13:51:00,2021-03-24 14:04:00,Comercio detallista,Muebles / Decoración,Bogotá  D.C.,1,5657800,2116500,2,2.0,9,3,2021-05-01,4,3.0,0,4,3,5,4.0,Estándar
BVAOE4QH1V,2021-03-02 15:53:00,2021-03-02 16:15:00,Servicios,Otro,Bogotá  D.C.,1,17995295,5052745,2,2.0,27,3,2021-05-01,11,9.0,0,5,4,5,4.666666666666667,Alto valor
BW3WV686SI,2021-03-06 15:50:00,2021-03-08 14:16:00,Comercio detallista,Óptica,Bogotá  D.C.,1,5803500,560000,2,2.0,29,3,2021-05-01,2,9.666666666666666,0,4,4,5,4.333333333333333,Alto valor
BWH9FD0D5E,2021-03-25 12:22:00,2021-03-25 12:30:00,Comercio detallista,Ropa / Accesorios,Bogotá  D.C.,1,227000,0,2,2.0,5,3,2021-05-01,1,1.6666666666666667,0,2,2,5,3.0,Nuevos o bajo desarrollo
BWI2BTUE5B,2021-01-25 13:50:00,2021-01-25 14:06:00,Alimentos y bebidas,Comida rápida,Bogotá  D.C.,1,775500,0,4,4.0,18,5,2021-05-01,2,3.6,0,2,4,5,3.6666666666666665,Estándar
BX7C3TGWIZ,2021-03-10 17:34:00,2021-03-10 17:49:00,Comercio detallista,Materiales de construcción,Bogotá  D.C.,1,6874000,963750,2,2.0,30,3,2021-05-01,7,10.0,0,5,5,5,5.0,Alto valor
BXSM6KZFKT,2021-01-13 09:47:00,2021-01-13 10:01:00,Comercio detallista,Maquinaria,Bogotá  D.C.,1,13681500,0,4,4.0,4,3,2021-05-01,1,1.3333333333333333,0,5,2,5,4.0,Estándar
BY2593BQNU,2021-02-11 14:13:00,2021-02-11 14:31:00,Comercio detallista,Otro,Bogotá  D.C.,1,859300,0,3,3.0,2,2,2021-03-01,0,1.0,2,2,1,3,2.0,Estándar
BYBPCGRJHU,2021-03-20 09:45:00,2021-03-25 11:56:00,Comercio detallista,Ropa / Accesorios,Bogotá  D.C.,1,12806000,3038000,2,2.0,48,3,2021-05-01,26,16.0,0,5,5,5,5.0,Alto valor
BYSTFMPIZ4,2021-03-23 16:20:00,2021-03-23 16:47:00,Servicios,Otro,Sibaté,1,2000,0,2,2.0,1,1,2021-03-01,0,1.0,2,1,1,3,1.6666666666666667,Estándar
BZ0QC6H29B,2021-03-01 13:46:00,2021-03-01 13:54:00,Comercio detallista,Óptica,Bogotá  D.C.,1,3157000,610000,2,2.0,12,3,2021-05-01,1,4.0,0,4,3,5,4.0,Estándar
BZK8T16B8R,2021-02-01 17:31:00,2021-02-01 17:41:00,Alimentos y bebidas,Comida rápida,Bogotá  D.C.,1,338500,0,3,3.0,16,2,2021-03-01,0,8.0,2,2,4,3,3.0,Estándar
C0KYR3HCVF,2021-03-09 16:42:00,2021-03-09 16:57:00,Belleza y cuidado personal,Distribuidora,Bogotá  D.C.,1,6970400,720000,2,2.0,34,3,2021-05-01,15,11.333333333333334,0,5,5,5,5.0,Alto valor
C10R9W8GE3,2020-12-22 11:26:00,2020-12-22 11:50:00,Comercio detallista,Tecnología,Bogotá  D.C.,1,124450,0,5,5.0,6,3,2021-03-01,0,2.0,2,1,2,3,2.0,Estándar
C1FNFV5OY7,2021-03-26 12:18:00,2021-03-26 12:27:00,Comercio detallista,Elementos del hogar,Bogotá  D.C.,1,905790,432150,2,2.0,8,3,2021-05-01,4,2.6666666666666665,0,2,3,5,3.3333333333333335,Estándar
C1W33WNTZH,2021-03-18 14:04:00,2021-03-18 14:24:00,Belleza y cuidado personal,Spa,Bogotá  D.C.,1,223000,220000,2,2.0,2,1,2021-03-01,0,2.0,2,2,1,3,2.0,Estándar
C1XSBT6GFO,2021-03-30 16:40:00,2021-03-30 16:54:00,Comercio detallista,Artesanías,La Calera,1,433000,0,2,2.0,5,2,2021-04-01,0,2.5,1,2,2,4,2.6666666666666665,Nuevos o bajo desarrollo
C21FOSU0AE,2021-03-03 14:08:00,2021-03-03 14:29:00,Comercio detallista,Auto partes,Bogotá  D.C.,1,4607700,1174000,2,2.0,28,3,2021-05-01,7,9.333333333333334,0,4,4,5,4.333333333333333,Alto valor
C2KY8Q8O1V,2020-12-01 17:03:00,2021-03-15 13:18:00,Comercio detallista,Otro,Bogotá  D.C.,1,1599500,0,5,2.0,6,3,2021-05-01,3,2.0,0,3,2,5,3.3333333333333335,Estándar
C2LTJZTRTQ,2020-12-15 15:33:00,2020-12-15 16:37:00,Belleza y cuidado personal,Distribuidora,Bogotá  D.C.,2,722800,0,5,5.0,21,3,2021-03-01,0,7.0,2,2,4,3,3.0,Estándar
C3P0LGGRFD,2021-02-19 17:04:00,2021-02-19 17:14:00,Comercio detallista,Otro,Bogotá  D.C.,1,2788500,0,3,3.0,14,4,2021-05-01,4,3.5,0,4,3,5,4.0,Estándar
C3VIUXV7OQ,2021-03-19 17:04:00,2021-03-19 17:15:00,Reparación y limpieza,Automotriz y autopartes,Bogotá  D.C.,1,3206000,140000,2,2.0,10,3,2021-05-01,3,3.3333333333333335,0,4,3,5,4.0,Estándar
C45PZ945U4,2021-03-27 12:15:00,2021-03-27 12:22:00,Comercio detallista,Ropa / Accesorios,Bogotá  D.C.,1,2000,0,2,2.0,1,1,2021-03-01,0,1.0,2,1,1,3,1.6666666666666667,Estándar
C4AA0IYYVD,2021-03-06 11:29:00,2021-03-06 11:52:00,Servicios,Tecnología y software,Sibaté,1,6232800,732800,2,2.0,9,3,2021-05-01,4,3.0,0,5,3,5,4.333333333333333,Estándar
C4VJ4MRO0Y,2021-02-24 16:13:00,2021-02-24 16:35:00,Comercio detallista,Otro,Bogotá  D.C.,1,32768440,3738800,3,3.0,89,4,2021-05-01,23,22.25,0,5,5,5,5.0,Alto valor
C5XTD3D1FP,2021-03-19 12:39:00,2021-03-19 12:48:00,Comercio detallista,Muebles / Decoración,Bogotá  D.C.,1,5734000,2000000,2,2.0,4,1,2021-03-01,0,4.0,2,4,2,3,3.0,Estándar
C6JNOZR4L9,2021-03-26 18:02:00,2021-03-26 18:12:00,Alimentos y bebidas,Restaurante / Café,Bogotá  D.C.,1,2497500,644000,2,2.0,33,3,2021-05-01,19,11.0,0,3,5,5,4.333333333333333,Estándar
C713I02TPO,2020-12-23 17:28:00,2020-12-23 17:39:00,Servicios,Carpintería,Bogotá  D.C.,1,15238000,950000,5,5.0,44,6,2021-05-01,8,7.333333333333333,0,5,5,5,5.0,Alto valor
C724QJZEJH,2021-02-20 12:43:00,2021-02-20 12:57:00,Transporte,Taxi,Cali,1,19000,0,3,3.0,4,2,2021-03-01,0,2.0,2,1,2,3,2.0,Estándar
C7B534YRPI,2021-03-24 12:24:00,2021-03-24 12:40:00,Comercio detallista,Tecnología,Cali,1,42000,40000,2,2.0,4,2,2021-05-01,1,2.0,0,1,2,5,2.6666666666666665,Nuevos o bajo desarrollo
C7LPM20B97,2021-03-29 15:21:00,2021-03-29 15:36:00,Comercio detallista,Tecnología,Bogotá  D.C.,1,11139000,3980000,2,2.0,10,3,2021-05-01,4,3.3333333333333335,0,5,3,5,4.333333333333333,Estándar
CA615GK848,2021-03-23 11:49:00,2021-03-23 12:03:00,Comercio detallista,Otro,Bogotá  D.C.,1,837000,0,2,2.0,7,2,2021-05-01,3,3.5,0,2,2,5,3.0,Nuevos o bajo desarrollo
CBUF400324,2020-10-28 22:33:00,2021-03-17 10:58:00,Comercio detallista,Libros / Papelería,Bogotá  D.C.,1,295800,21100,7,2.0,9,3,2021-05-01,1,3.0,0,2,3,5,3.3333333333333335,Estándar
CCRPB3PTOX,2021-03-30 14:17:00,2021-03-30 14:27:00,Comercio detallista,Óptica,Bogotá  D.C.,1,234000,230000,2,2.0,2,1,2021-03-01,0,2.0,2,2,1,3,2.0,Estándar
CD2BI2NXT9,2021-03-15 15:02:00,2021-03-15 15:18:00,Belleza y cuidado personal,Spa,Bogotá  D.C.,1,1116000,280000,2,2.0,4,3,2021-05-01,1,1.3333333333333333,0,3,2,5,3.3333333333333335,Estándar
CD2G3B1OE9,2021-02-25 13:41:00,2021-02-25 13:51:00,Servicios,Otro,Fusagasugá,1,7000,0,3,3.0,2,1,2021-02-01,0,2.0,3,1,1,2,1.3333333333333333,Baja actividad
CDCISZ41GT,2021-03-11 16:39:00,2021-03-11 16:53:00,Turismo y entretenimiento,Otro,Bogotá  D.C.,1,8000,0,2,2.0,4,1,2021-03-01,0,4.0,2,1,2,3,2.0,Estándar
CDP96NSCMC,2021-03-02 13:11:00,2021-03-02 13:25:00,Comercio detallista,Óptica,Bogotá  D.C.,1,7206000,889000,2,2.0,23,3,2021-05-01,9,7.666666666666667,0,5,4,5,4.666666666666667,Alto valor
CDU3T437MY,2021-02-14 14:23:00,2021-02-14 14:33:00,Comercio detallista,Mascotas,Bogotá  D.C.,1,3814100,780850,3,3.0,65,4,2021-05-01,20,16.25,0,4,5,5,4.666666666666667,Alto valor
CE1KRAZCP1,2021-03-12 10:56:00,2021-03-12 11:16:00,Comercio detallista,Electrodomésticos,Bogotá  D.C.,1,302000,0,2,2.0,1,1,2021-03-01,0,1.0,2,2,1,3,2.0,Estándar
CE4VN8WOSU,2021-03-18 10:34:00,2021-03-18 10:51:00,Comercio detallista,Otro,Bogotá  D.C.,1,1080350,306000,2,2.0,9,3,2021-05-01,5,3.0,0,3,3,5,3.6666666666666665,Estándar
CEAS180U5O,2021-03-11 10:50:00,2021-03-25 15:35:00,Comercio detallista,Joyería,Bogotá  D.C.,1,2000,0,2,2.0,1,1,2021-03-01,0,1.0,2,1,1,3,1.6666666666666667,Estándar
CEDD4BWRAK,2021-03-26 10:44:00,2021-03-26 11:01:00,Reparación y limpieza,Lavandería,Bogotá  D.C.,1,2133000,430000,2,2.0,4,3,2021-05-01,1,1.3333333333333333,0,3,2,5,3.3333333333333335,Estándar
CEFZQM8Y04,2021-03-10 11:41:00,2021-03-10 12:03:00,Servicios,Tecnología y software,Sibaté,1,2997000,130000,2,2.0,6,3,2021-05-01,1,2.0,0,4,2,5,3.6666666666666665,Estándar
CETI4YTM7S,2021-03-12 17:20:00,2021-03-12 17:36:00,Comercio detallista,Tecnología,Bogotá  D.C.,1,23000500,2798000,2,2.0,14,3,2021-05-01,5,4.666666666666667,0,5,3,5,4.333333333333333,Estándar
CFLQBU23ZS,2021-02-03 17:49:00,2021-02-03 17:59:00,Comercio detallista,Auto partes,Bogotá  D.C.,1,9202000,0,3,3.0,33,4,2021-05-01,10,8.25,0,5,5,5,5.0,Alto valor
CGAJHTR04Z,2021-03-12 20:42:00,2021-03-12 21:02:00,Alimentos y bebidas,Licores,Cali,1,1138500,74500,2,2.0,51,3,2021-05-01,26,17.0,0,3,5,5,4.333333333333333,Estándar
CHKIW13N92,2021-03-16 17:22:00,2021-03-16 17:40:00,Alimentos y bebidas,Abarrotes / Mercado,Bogotá  D.C.,1,3391900,993200,2,2.0,156,3,2021-05-01,76,52.0,0,4,5,5,4.666666666666667,Alto valor
CHTAADLAFN,2021-02-01 12:55:00,2021-02-01 13:27:00,Comercio detallista,Materiales de construcción,Bogotá  D.C.,1,15876366,39600,3,3.0,15,4,2021-05-01,4,3.75,0,5,4,5,4.666666666666667,Alto valor
CI00DJDS7L,2021-03-27 11:02:00,2021-03-27 11:40:00,Reparación y limpieza,Automotriz y autopartes,Bogotá  D.C.,1,162000,0,2,2.0,2,2,2021-04-01,0,1.0,1,1,1,4,2.0,Nuevos o bajo desarrollo
CIPJS3DD2O,2021-03-26 20:39:00,2021-03-26 20:48:00,Alimentos y bebidas,Abarrotes / Mercado,Bogotá  D.C.,1,841580,0,2,2.0,13,3,2021-05-01,7,4.333333333333333,0,2,3,5,3.3333333333333335,Estándar
CJ54W1DINT,2021-03-12 16:28:00,2021-03-12 16:45:00,Comercio detallista,Ropa / Accesorios,Bogotá  D.C.,1,3282000,0,2,2.0,20,3,2021-05-01,7,6.666666666666667,0,4,4,5,4.333333333333333,Alto valor
CJKZR8CRSC,2021-03-25 14:02:00,2021-03-25 14:11:00,Servicios,Tecnología y software,Bogotá  D.C.,1,8539759,1664000,2,2.0,18,3,2021-05-01,8,6.0,0,5,4,5,4.666666666666667,Alto valor
CJOGYM8B3R,2021-03-09 14:01:00,2021-03-09 14:20:00,Comercio detallista,Ropa / Accesorios,Bogotá  D.C.,1,59000,0,2,2.0,4,2,2021-05-01,2,2.0,0,1,2,5,2.6666666666666665,Nuevos o bajo desarrollo
CJRDUUMZCO,2021-03-18 16:59:00,2021-03-18 17:11:00,Comercio detallista,Electrodomésticos,Bogotá  D.C.,1,8192000,3220000,2,2.0,8,3,2021-05-01,6,2.6666666666666665,0,5,3,5,4.333333333333333,Estándar
CJYO8DVYXX,2021-03-10 15:50:00,2021-03-10 16:05:00,Comercio detallista,Ropa / Accesorios,Bogotá  D.C.,1,508000,0,2,2.0,8,3,2021-05-01,3,2.6666666666666665,0,2,3,5,3.3333333333333335,Estándar
CKVT36LPFM,2021-02-16 12:46:00,2021-02-16 13:05:00,Alimentos y bebidas,Abarrotes / Mercado,Bogotá  D.C.,1,1064300,0,3,3.0,35,4,2021-05-01,10,8.75,0,3,5,5,4.333333333333333,Estándar
CL8K2ZJBU2,2021-02-11 10:27:00,2021-02-11 10:38:00,Servicios,Veterinaria,Bogotá  D.C.,1,2608935,120750,3,3.0,17,4,2021-05-01,6,4.25,0,4,4,5,4.333333333333333,Alto valor
CLMR5JF0E9,2021-03-10 12:39:00,2021-03-10 12:55:00,Comercio detallista,Materiales de construcción,Bogotá  D.C.,1,7000,0,2,2.0,2,1,2021-03-01,0,2.0,2,1,1,3,1.6666666666666667,Estándar
CM8GAMTA8T,2020-12-28 12:08:00,2020-12-28 12:29:00,Comercio detallista,Óptica,Bogotá  D.C.,1,24614000,675000,5,5.0,82,6,2021-05-01,16,13.666666666666666,0,5,5,5,5.0,Alto valor
CMETP35AVL,2021-03-20 17:27:00,2021-03-20 17:46:00,Comercio detallista,Ropa / Accesorios,Cali,1,399000,35000,2,2.0,6,2,2021-05-01,3,3.0,0,2,2,5,3.0,Nuevos o bajo desarrollo
CMYZEEPNNO,2020-12-11 17:22:00,2020-12-11 17:48:00,Comercio detallista,Óptica,Bogotá  D.C.,1,3872000,100000,5,5.0,17,5,2021-04-01,0,3.4,1,4,4,4,4.0,Alto valor
CNARKPKAZV,2021-03-10 16:12:00,2021-03-10 16:26:00,Comercio detallista,Tecnología,Fusagasugá,1,3208850,1600000,2,2.0,10,3,2021-05-01,4,3.3333333333333335,0,4,3,5,4.0,Estándar
CNDDJ6Y4E1,2021-02-17 07:53:00,2021-02-17 08:08:00,Reparación y limpieza,Otro,Bogotá  D.C.,1,8253010,0,3,3.0,4,2,2021-04-01,0,2.0,1,5,2,4,3.6666666666666665,Estándar
COI0EC7N9J,2021-02-08 15:56:00,2021-02-08 16:14:00,Comercio detallista,Muebles / Decoración,Bogotá  D.C.,1,2000,0,3,3.0,1,1,2021-02-01,0,1.0,3,1,1,2,1.3333333333333333,Baja actividad
CPCB3T0OCN,2021-03-04 18:40:00,2021-03-04 18:52:00,Comercio detallista,Elementos de seguridad,Bogotá  D.C.,1,13285800,1128000,2,2.0,44,3,2021-05-01,14,14.666666666666666,0,5,5,5,5.0,Alto valor
CPST7T76BE,2021-02-01 14:11:00,2021-02-01 14:49:00,Alimentos y bebidas,Otro,Soacha,1,4834255,752900,3,3.0,111,4,2021-05-01,55,27.75,0,4,5,5,4.666666666666667,Alto valor
CPV0I966UV,2020-12-11 14:17:00,2020-12-11 14:45:00,Comercio detallista,Insumos,Bogotá  D.C.,1,1505700,0,5,5.0,5,4,2021-05-01,1,1.25,0,3,2,5,3.3333333333333335,Estándar
CQK9GJ41NL,2021-03-03 12:40:00,2021-03-03 12:53:00,Comercio detallista,Otro,Bogotá  D.C.,1,2406700,848400,2,2.0,10,3,2021-05-01,2,3.3333333333333335,0,3,3,5,3.6666666666666665,Estándar
CR80R3DC84,2021-03-18 15:19:00,2021-03-18 15:29:00,Comercio detallista,Auto partes,Bogotá  D.C.,1,1117500,0,2,2.0,6,3,2021-05-01,3,2.0,0,3,2,5,3.3333333333333335,Estándar
CRANYOMDR8,2021-03-12 13:02:00,2021-03-12 13:18:00,Belleza y cuidado personal,Distribuidora,Bogotá  D.C.,1,221000,0,2,2.0,3,2,2021-04-01,0,1.5,1,2,1,4,2.3333333333333335,Nuevos o bajo desarrollo
CRB9TWJURR,2021-02-09 14:30:00,2021-02-09 14:42:00,Comercio detallista,Óptica,Bogotá  D.C.,1,13718000,1492000,3,3.0,37,4,2021-05-01,11,9.25,0,5,5,5,5.0,Alto valor
CRJBL97HCP,2021-03-13 13:39:00,2021-03-13 14:06:00,Transporte,Taxi,Cali,1,1000,0,2,2.0,1,1,2021-03-01,0,1.0,2,1,1,3,1.6666666666666667,Estándar
CSGAEQUZO7,2021-03-05 14:14:00,2021-03-05 14:26:00,Servicios,Otro,Bogotá  D.C.,1,16012309,0,2,2.0,6,3,2021-05-01,3,2.0,0,5,2,5,4.0,Estándar
CSLLV7YNRH,2020-11-26 14:25:00,2021-02-12 09:26:00,Transporte,Taxi,Cali,1,117000,0,6,3.0,6,3,2021-04-01,0,2.0,1,1,2,4,2.3333333333333335,Nuevos o bajo desarrollo
CT1Z4K5VBL,2021-02-25 12:13:00,2021-02-25 12:25:00,Comercio detallista,Materiales de construcción,Soacha,1,20191225,1185000,3,3.0,23,4,2021-05-01,1,5.75,0,5,4,5,4.666666666666667,Alto valor
CTEACWPAO5,2021-01-12 12:04:00,2021-01-12 12:24:00,Comercio detallista,Materiales de construcción,Soacha,1,20044043,5519600,4,4.0,22,5,2021-05-01,4,4.4,0,5,4,5,4.666666666666667,Alto valor
CTUXS2CSI4,2021-01-25 10:38:00,2021-01-25 10:59:00,Comercio detallista,Electrodomésticos,Soacha,1,3722000,1538000,4,4.0,8,4,2021-05-01,1,2.0,0,4,3,5,4.0,Estándar
CU23FU1MNP,2021-03-17 12:08:00,2021-03-17 12:31:00,Comercio detallista,Elementos del hogar,Bogotá  D.C.,1,544350,374000,2,2.0,7,2,2021-04-01,0,3.5,1,2,2,4,2.6666666666666665,Nuevos o bajo desarrollo
CUIXMNX1BX,2021-01-30 17:37:00,2021-01-30 18:05:00,Comercio detallista,Muebles / Decoración,Bogotá  D.C.,1,11919000,1480000,4,4.0,24,5,2021-05-01,14,4.8,0,5,4,5,4.666666666666667,Alto valor
CUPC73R55L,2020-08-02 08:00:00,2020-12-23 17:51:00,Transporte,Domicilios,Bogotá  D.C.,1,2000,0,9,5.0,1,1,2020-12-01,0,1.0,5,1,1,1,1.0,Baja actividad
CV0FB2EZHN,2021-03-30 12:53:00,2021-03-30 13:03:00,Comercio detallista,Ropa / Accesorios,Bogotá  D.C.,1,2207800,496000,2,2.0,28,3,2021-05-01,19,9.333333333333334,0,3,4,5,4.0,Estándar
CV1HOCI571,2021-03-24 10:49:00,2021-03-24 11:00:00,Servicios,Medicina / Odontología,Bogotá  D.C.,1,5781000,520000,2,2.0,6,2,2021-04-01,0,3.0,1,4,2,4,3.3333333333333335,Estándar
CV34C7QEP0,2021-03-03 15:53:00,2021-03-05 15:40:00,Comercio detallista,Tecnología,Bogotá  D.C.,1,3245500,359000,2,2.0,43,3,2021-05-01,18,14.333333333333334,0,4,5,5,4.666666666666667,Alto valor
CV7S3NS6WP,2021-03-12 18:16:00,2021-03-12 18:23:00,Belleza y cuidado personal,Distribuidora,Bogotá  D.C.,1,361000,0,2,2.0,3,2,2021-05-01,1,1.5,0,2,1,5,2.6666666666666665,Nuevos o bajo desarrollo
CV9XONX3U3,2021-03-15 15:21:00,2021-03-15 15:46:00,Comercio detallista,Electrodomésticos,Bogotá  D.C.,1,10105000,3450000,2,2.0,13,3,2021-05-01,6,4.333333333333333,0,5,3,5,4.333333333333333,Estándar
CVTJ65F2EZ,2021-03-30 13:58:00,2021-03-30 14:11:00,Belleza y cuidado personal,Suplementos,Bogotá  D.C.,1,2847275,1002225,2,2.0,12,3,2021-05-01,6,4.0,0,4,3,5,4.0,Estándar
CW28UZ940F,2021-03-12 12:28:00,2021-03-12 12:49:00,Alimentos y bebidas,Otro,Bogotá  D.C.,1,818100,57300,2,2.0,14,3,2021-05-01,5,4.666666666666667,0,2,3,5,3.3333333333333335,Estándar
CWM0GGQ66A,2021-03-15 15:25:00,2021-03-15 15:35:00,Comercio detallista,Óptica,Bogotá  D.C.,1,349000,0,2,2.0,2,2,2021-05-01,1,1.0,0,2,1,5,2.6666666666666665,Nuevos o bajo desarrollo
CWR16N3W8S,2021-03-18 13:10:00,2021-03-18 13:22:00,Alimentos y bebidas,Abarrotes / Mercado,Bogotá  D.C.,1,1557600,460400,2,2.0,47,3,2021-05-01,18,15.666666666666666,0,3,5,5,4.333333333333333,Estándar
CX0MGFIXCR,2021-01-15 17:48:00,2021-01-15 18:03:00,Comercio detallista,Óptica,Bogotá  D.C.,1,24100000,2980000,4,4.0,54,5,2021-05-01,10,10.8,0,5,5,5,5.0,Alto valor
CX26HD1MJY,2021-03-08 12:12:00,2021-03-08 12:28:00,Comercio detallista,Tienda de deportes,Choachí,1,2369900,0,2,2.0,25,3,2021-05-01,7,8.333333333333334,0,3,4,5,4.0,Estándar
CXCC3Y5VUV,2021-02-02 15:05:00,2021-02-02 15:18:00,Comercio detallista,Óptica,Bogotá  D.C.,1,9885500,2000,3,3.0,11,4,2021-05-01,2,2.75,0,5,3,5,4.333333333333333,Estándar
CXP83392NI,2021-03-09 16:29:00,2021-03-09 16:45:00,Belleza y cuidado personal,Distribuidora,Bogotá  D.C.,1,1647000,965000,2,2.0,14,3,2021-05-01,3,4.666666666666667,0,3,3,5,3.6666666666666665,Estándar
CXRRYFCD1V,2021-03-03 17:52:00,2021-03-03 18:02:00,Comercio detallista,Óptica,Bogotá  D.C.,1,21259000,2824000,2,2.0,62,3,2021-05-01,20,20.666666666666668,0,5,5,5,5.0,Alto valor
CY4151640U,2021-03-10 17:58:00,2021-03-10 18:07:00,Comercio detallista,Tecnología,Bogotá  D.C.,1,534150,0,2,2.0,4,3,2021-05-01,1,1.3333333333333333,0,2,2,5,3.0,Nuevos o bajo desarrollo
CY4H32UADM,2021-02-22 17:33:00,2021-02-22 17:55:00,Comercio detallista,Elementos de seguridad,Bogotá  D.C.,1,9622000,2115000,3,3.0,41,4,2021-05-01,13,10.25,0,5,5,5,5.0,Alto valor
CZBCA7OKOK,2021-03-23 11:43:00,2021-03-23 12:09:00,Comercio detallista,Ropa / Accesorios,Bogotá  D.C.,1,2302000,1320000,2,2.0,7,3,2021-05-01,2,2.3333333333333335,0,3,2,5,3.3333333333333335,Estándar
CZEMGUXM95,2021-03-08 10:55:00,2021-03-08 11:11:00,Comercio detallista,Ropa / Accesorios,Bogotá  D.C.,1,2577000,617000,2,2.0,23,3,2021-05-01,13,7.666666666666667,0,4,4,5,4.333333333333333,Alto valor
CZP9DBOAE2,2021-03-17 11:36:00,2021-03-17 11:45:00,Comercio detallista,Tecnología,Bogotá  D.C.,1,20371200,4497000,2,2.0,15,3,2021-05-01,6,5.0,0,5,4,5,4.666666666666667,Alto valor
D071NQF0XK,2021-03-03 11:03:00,2021-03-03 11:18:00,Comercio detallista,Insumos,Bogotá  D.C.,1,9687499,0,2,2.0,3,1,2021-03-01,0,3.0,2,5,1,3,3.0,Estándar
D0IXC2V9W6,2021-02-04 15:45:00,2021-02-04 15:54:00,Comercio detallista,Floristería,Bogotá  D.C.,1,2000,0,3,3.0,1,1,2021-02-01,0,1.0,3,1,1,2,1.3333333333333333,Baja actividad
D0QD6TVA6B,2021-02-20 12:21:00,2021-02-20 12:30:00,Comercio detallista,Óptica,Bogotá  D.C.,1,1662000,690000,3,3.0,7,4,2021-05-01,1,1.75,0,3,2,5,3.3333333333333335,Estándar
D1BTL1JSWO,2021-03-17 10:27:00,2021-03-17 10:39:00,Comercio detallista,Materiales de construcción,Bogotá  D.C.,1,37409000,15892000,2,2.0,22,3,2021-05-01,12,7.333333333333333,0,5,4,5,4.666666666666667,Alto valor
D2I0ULKET8,2021-03-23 20:07:00,2021-03-23 20:20:00,Transporte,Otro,Bogotá  D.C.,1,12896565,3441000,2,2.0,48,3,2021-05-01,25,16.0,0,5,5,5,5.0,Alto valor
D2Z3BPLFBT,2021-03-31 14:21:00,2021-03-31 14:40:00,Reparación y limpieza,Automotriz y autopartes,Bogotá  D.C.,1,3998500,1621500,2,2.0,10,3,2021-05-01,5,3.3333333333333335,0,4,3,5,4.0,Estándar
D31I3B9S1C,2021-03-09 12:06:00,2021-03-09 12:22:00,Comercio detallista,Elementos de seguridad,Bogotá  D.C.,1,1952000,0,2,2.0,4,2,2021-05-01,1,2.0,0,3,2,5,3.3333333333333335,Estándar
D44V5GZ0U1,2021-03-29 10:59:00,2021-03-29 11:14:00,Educación,Jardín infantil,Bogotá  D.C.,1,2304000,270000,2,2.0,5,3,2021-05-01,3,1.6666666666666667,0,3,2,5,3.3333333333333335,Estándar
D477ZA15QR,2021-02-12 09:50:00,2021-02-12 13:46:00,Comercio detallista,Ropa / Accesorios,Villavicencio,1,2000,0,3,3.0,1,1,2021-02-01,0,1.0,3,1,1,2,1.3333333333333333,Baja actividad
D4N338MMQ1,2021-03-20 12:48:00,2021-03-20 13:01:00,Servicios,Otro,Bogotá  D.C.,1,1000,0,2,2.0,1,1,2021-03-01,0,1.0,2,1,1,3,1.6666666666666667,Estándar
D4WRAG5DD8,2021-03-18 12:19:00,2021-03-18 12:28:00,Comercio detallista,Ropa / Accesorios,Bogotá  D.C.,1,5714000,1263000,2,2.0,61,3,2021-05-01,36,20.333333333333332,0,4,5,5,4.666666666666667,Alto valor
D5JGBK4UEE,2021-03-25 12:42:00,2021-03-25 13:06:00,Transporte,Domicilios,Bogotá  D.C.,1,227400,0,2,2.0,5,2,2021-04-01,0,2.5,1,2,2,4,2.6666666666666665,Nuevos o bajo desarrollo
D5Y5VQHFFV,2020-12-01 10:13:00,2021-03-17 09:27:00,Comercio detallista,Otro,Bogotá  D.C.,1,2000,0,5,2.0,1,1,2021-03-01,0,1.0,2,1,1,3,1.6666666666666667,Estándar
D6H62EHONV,2021-03-25 14:28:00,2021-03-25 14:41:00,Comercio detallista,Tecnología,Bogotá  D.C.,1,1226700,450000,2,2.0,6,3,2021-05-01,3,2.0,0,3,2,5,3.3333333333333335,Estándar
D6PJJ3Q32W,2020-08-31 20:38:00,2021-01-19 17:17:00,Turismo y entretenimiento,Turismo,Bogotá  D.C.,1,4000,0,9,4.0,8,4,2021-05-01,3,2.0,0,1,3,5,3.0,Estándar
D6XAXDS21H,2021-02-25 10:44:00,2021-02-25 10:55:00,Servicios,Logística,Fusagasugá,1,2000,0,3,3.0,2,2,2021-04-01,0,1.0,1,1,1,4,2.0,Nuevos o bajo desarrollo
D7JR9KZSWH,2020-12-21 11:58:00,2020-12-21 12:10:00,Belleza y cuidado personal,Salón de belleza,Bogotá  D.C.,1,706000,0,5,5.0,9,5,2021-05-01,2,1.8,0,2,3,5,3.3333333333333335,Estándar
D83Q0ANCQT,2021-03-05 10:50:00,2021-03-05 17:15:00,Comercio detallista,Otro,Bogotá  D.C.,1,1820000,372000,2,2.0,11,3,2021-05-01,2,3.6666666666666665,0,3,3,5,3.6666666666666665,Estándar
D887T108PX,2021-02-05 14:15:00,2021-02-05 14:23:00,Comercio detallista,Tecnología,Cali,1,8751000,0,3,3.0,7,3,2021-05-01,2,2.3333333333333335,0,5,2,5,4.0,Estándar
D8S0XI8TXJ,2021-03-08 15:39:00,2021-03-08 16:01:00,Servicios,Diseño / Fotografía,Bogotá  D.C.,1,1262000,0,2,2.0,5,2,2021-05-01,2,2.5,0,3,2,5,3.3333333333333335,Estándar
D8Y1H69O57,2021-02-16 11:14:00,2021-02-16 11:43:00,Comercio detallista,Materiales de construcción,Bogotá  D.C.,1,8010133,63000,3,3.0,23,4,2021-05-01,3,5.75,0,5,4,5,4.666666666666667,Alto valor
D9B0MFYV37,2021-03-17 12:54:00,2021-03-17 13:00:00,Comercio detallista,Óptica,Bogotá  D.C.,1,1352000,550000,2,2.0,3,2,2021-05-01,2,1.5,0,3,1,5,3.0,Estándar
D9CP15FM3V,2021-03-24 18:12:00,2021-03-24 18:25:00,Comercio detallista,Ropa / Accesorios,Bogotá  D.C.,1,74000,0,2,2.0,4,2,2021-04-01,0,2.0,1,1,2,4,2.3333333333333335,Nuevos o bajo desarrollo
DA3XLA9K9R,2020-12-12 14:48:00,2020-12-22 17:30:00,Alimentos y bebidas,Restaurante / Café,Bogotá  D.C.,1,1121600,198900,5,5.0,31,6,2021-05-01,15,5.166666666666667,0,3,5,5,4.333333333333333,Estándar
DAGQFHSGM1,2021-03-17 12:06:00,2021-03-17 12:16:00,Comercio detallista,Ropa / Accesorios,Bogotá  D.C.,1,503000,0,2,2.0,11,2,2021-04-01,0,5.5,1,2,3,4,3.0,Estándar
DAM4SNP03E,2021-03-04 18:02:00,2021-03-04 18:17:00,Alimentos y bebidas,Comida rápida,Bogotá  D.C.,1,1339100,0,2,2.0,72,3,2021-05-01,11,24.0,0,3,5,5,4.333333333333333,Estándar
DAS6I1JCIY,2021-03-08 10:56:00,2021-03-08 11:15:00,Comercio detallista,Auto partes,Choachí,1,4538190,858690,2,2.0,24,3,2021-05-01,8,8.0,0,4,4,5,4.333333333333333,Alto valor
DASY7ESJD4,2021-03-19 10:20:00,2021-03-19 10:34:00,Comercio detallista,Otro,Bogotá  D.C.,1,3000,0,2,2.0,2,1,2021-03-01,0,2.0,2,1,1,3,1.6666666666666667,Estándar
DAWKBX49TF,2021-03-12 14:14:00,2021-03-12 16:21:00,Servicios,Otro,Caldas,1,7737000,1390000,2,2.0,59,3,2021-05-01,28,19.666666666666668,0,5,5,5,5.0,Alto valor
DCFFYF70LY,2021-03-16 18:01:00,2021-03-16 18:11:00,Comercio detallista,Tecnología,Bogotá  D.C.,1,5811000,1222000,2,2.0,89,3,2021-05-01,39,29.666666666666668,0,4,5,5,4.666666666666667,Alto valor
DCIIS321YM,2021-02-10 17:36:00,2021-02-10 17:52:00,Servicios,Diseño / Fotografía,Bogotá  D.C.,1,15752000,0,3,3.0,6,2,2021-03-01,0,3.0,2,5,2,3,3.3333333333333335,Estándar
DCQ4R7ADXS,2020-12-16 13:10:00,2020-12-16 13:22:00,Servicios,Otro,Bogotá  D.C.,2,17559297,2673260,5,5.0,42,6,2021-05-01,6,7.0,0,5,5,5,5.0,Alto valor
DCXKRBPUGU,2021-03-20 17:22:00,2021-03-20 17:37:00,Belleza y cuidado personal,Centro de tatuajes,Cali,1,4098750,77250,2,2.0,5,3,2021-05-01,1,1.6666666666666667,0,4,2,5,3.6666666666666665,Estándar
DDQ69M9TCI,2021-02-20 13:59:00,2021-02-20 14:12:00,Alimentos y bebidas,Comida rápida,Bogotá  D.C.,1,3813121,460338,3,3.0,138,4,2021-05-01,41,34.5,0,4,5,5,4.666666666666667,Alto valor
DE2EWB8CRD,2020-12-16 19:18:00,2020-12-17 18:57:00,Comercio detallista,Muebles / Decoración,Bogotá  D.C.,1,2000,0,5,5.0,1,1,2020-12-01,0,1.0,5,1,1,1,1.0,Baja actividad
DE8IYWQ2VR,2021-03-11 13:18:00,2021-03-11 14:13:00,Alimentos y bebidas,Restaurante / Café,Soacha,1,11510657,2307406,2,2.0,305,3,2021-05-01,132,101.66666666666667,0,5,5,5,5.0,Alto valor
DE9FKRR439,2021-03-19 15:59:00,2021-03-19 16:15:00,Comercio detallista,Elementos de seguridad,Cota,1,237000,0,2,2.0,3,3,2021-05-01,1,1.0,0,2,1,5,2.6666666666666665,Nuevos o bajo desarrollo
DER801WL2V,2021-02-12 17:05:00,2021-02-12 17:24:00,Comercio detallista,Muebles / Decoración,Bogotá  D.C.,1,12094000,4510000,3,3.0,14,3,2021-05-01,7,4.666666666666667,0,5,3,5,4.333333333333333,Estándar
DF4V54WGGI,2021-03-24 14:18:00,2021-03-24 14:33:00,Belleza y cuidado personal,Distribuidora,Bogotá  D.C.,1,3299300,702800,2,2.0,4,3,2021-05-01,1,1.3333333333333333,0,4,2,5,3.6666666666666665,Estándar
DFBSIO3GI2,2021-02-10 12:38:00,2021-02-10 12:46:00,Servicios,Tecnología y software,Bogotá  D.C.,1,202000,0,3,3.0,3,2,2021-04-01,0,1.5,1,2,1,4,2.3333333333333335,Nuevos o bajo desarrollo
DG81FP3P1V,2021-03-29 14:29:00,2021-03-29 14:44:00,Alimentos y bebidas,Restaurante / Café,Bogotá  D.C.,1,2000,0,2,2.0,1,1,2021-03-01,0,1.0,2,1,1,3,1.6666666666666667,Estándar
DGNKZKDLFH,2021-03-15 16:24:00,2021-03-15 16:35:00,Alimentos y bebidas,Restaurante / Café,Bogotá  D.C.,1,2151200,599650,2,2.0,82,3,2021-05-01,35,27.333333333333332,0,3,5,5,4.333333333333333,Estándar
DGSLXYAZNX,2021-03-15 15:35:00,2021-03-15 15:56:00,Comercio detallista,Artesanías,Bogotá  D.C.,1,1456000,673000,2,2.0,16,3,2021-05-01,9,5.333333333333333,0,3,4,5,4.0,Estándar
DHI7USM5AB,2021-03-20 13:35:00,2021-03-20 14:01:00,Comercio detallista,Ropa / Accesorios,Bogotá  D.C.,1,214000,0,2,2.0,8,3,2021-05-01,3,2.6666666666666665,0,2,3,5,3.3333333333333335,Estándar
DHKST1O5E0,2021-03-11 10:08:00,2021-03-11 10:17:00,Alimentos y bebidas,Restaurante / Café,Bogotá  D.C.,1,468500,0,2,2.0,6,1,2021-03-01,0,6.0,2,2,2,3,2.3333333333333335,Estándar
DI41473SQA,2021-03-18 13:29:00,2021-03-18 16:09:00,Transporte,Servicio especial,Bogotá  D.C.,1,66000,0,2,2.0,3,2,2021-04-01,0,1.5,1,1,1,4,2.0,Nuevos o bajo desarrollo
DI7S77HE83,2021-03-30 11:11:00,,Comercio detallista,Ropa / Accesorios,Bogotá  D.C.,1,0,0,2,,1,1,2021-03-01,0,1.0,2,1,1,3,1.6666666666666667,Estándar
DID8B9PGI4,2021-03-18 12:31:00,2021-03-18 13:09:00,Alimentos y bebidas,Restaurante / Café,Chía,1,315300,0,2,2.0,4,1,2021-03-01,0,4.0,2,2,2,3,2.3333333333333335,Estándar
DIL5KF9A1V,2021-03-30 13:31:00,2021-03-30 13:42:00,Servicios,Medicina / Odontología,Bogotá  D.C.,1,746000,465000,2,2.0,2,2,2021-04-01,0,1.0,1,2,1,4,2.3333333333333335,Nuevos o bajo desarrollo
DIXIEP4GWY,2021-02-08 13:52:00,2021-02-08 14:24:00,Comercio detallista,Óptica,Bogotá  D.C.,1,9965000,0,3,3.0,26,2,2021-03-01,0,13.0,2,5,4,3,4.0,Estándar
DIZTPHCW02,2021-03-10 13:46:00,2021-03-10 14:11:00,Comercio detallista,Otro,Bogotá  D.C.,1,21812450,2414000,2,2.0,65,3,2021-05-01,20,21.666666666666668,0,5,5,5,5.0,Alto valor
DJ0NINIUE0,2021-03-03 16:03:00,2021-03-03 16:20:00,Comercio detallista,Elementos del hogar,Soacha,1,5613000,135000,2,2.0,13,3,2021-05-01,4,4.333333333333333,0,4,3,5,4.0,Estándar
DKTAXGMF59,2021-03-23 16:29:00,2021-03-23 16:49:00,Comercio detallista,Óptica,Bogotá  D.C.,1,19597000,1315000,2,2.0,52,3,2021-05-01,21,17.333333333333332,0,5,5,5,5.0,Alto valor
DL8CEBVJEA,2021-03-16 10:37:00,2021-03-16 10:50:00,Belleza y cuidado personal,Salón de belleza,Bogotá  D.C.,1,754000,272000,2,2.0,3,2,2021-05-01,1,1.5,0,2,1,5,2.6666666666666665,Nuevos o bajo desarrollo
DL9T4K3VTS,2021-03-17 10:45:00,2021-03-17 11:05:00,Servicios,Tecnología y software,Bogotá  D.C.,1,2000,0,2,2.0,1,1,2021-03-01,0,1.0,2,1,1,3,1.6666666666666667,Estándar
DLGHWMI3QS,2021-03-30 19:44:00,2021-03-30 19:54:00,Alimentos y bebidas,Restaurante / Café,Choachí,1,6480200,3350200,2,2.0,58,3,2021-05-01,37,19.333333333333332,0,5,5,5,5.0,Alto valor
DMAR5RV4XP,2021-02-18 14:49:00,2021-02-18 15:16:00,Comercio detallista,Mascotas,Soacha,1,18232250,1316500,3,3.0,109,4,2021-05-01,45,27.25,0,5,5,5,5.0,Alto valor
DMBSQJ3C2L,2021-03-25 11:43:00,2021-03-25 12:30:00,Comercio detallista,Ropa / Accesorios,Madrid,1,664000,200000,2,2.0,6,3,2021-05-01,3,2.0,0,2,2,5,3.0,Nuevos o bajo desarrollo
DMD9DTY508,2021-01-18 12:53:00,2021-01-18 13:12:00,Comercio detallista,Materiales de construcción,Soacha,1,12818030,0,4,4.0,48,5,2021-05-01,8,9.6,0,5,5,5,5.0,Alto valor
DNGA6YPHAZ,2021-03-09 13:05:00,2021-03-09 13:16:00,Servicios,Diseño / Fotografía,Bogotá  D.C.,1,1784000,0,2,2.0,5,2,2021-04-01,0,2.5,1,3,2,4,3.0,Estándar
DNU6XXQF12,2021-03-20 11:10:00,2021-03-20 11:30:00,Belleza y cuidado personal,Distribuidora,Tuluá,1,664700,177000,2,2.0,9,3,2021-05-01,5,3.0,0,2,3,5,3.3333333333333335,Estándar
DNXOZCY5KK,2021-03-26 13:44:00,2021-03-26 13:55:00,Comercio detallista,Óptica,Bogotá  D.C.,1,19442000,5220000,2,2.0,44,3,2021-05-01,42,14.666666666666666,0,5,5,5,5.0,Alto valor
DOFYZR3W4S,2021-02-02 06:17:00,2021-02-11 16:46:00,Turismo y entretenimiento,Otro,Juan de Acosta,1,30917000,0,3,3.0,27,4,2021-05-01,2,6.75,0,5,4,5,4.666666666666667,Alto valor
DOPST1A2HM,2021-03-09 10:56:00,2021-03-09 11:14:00,Comercio detallista,Floristería,Bogotá  D.C.,1,7000,0,2,2.0,2,1,2021-03-01,0,2.0,2,1,1,3,1.6666666666666667,Estándar
DP4JGMNDXF,2020-12-21 10:06:00,2020-12-21 10:18:00,Alimentos y bebidas,Restaurante / Café,Soacha,1,2000,0,5,5.0,1,1,2020-12-01,0,1.0,5,1,1,1,1.0,Baja actividad
DP4R8SQTDE,2021-03-15 19:12:00,2021-03-15 19:25:00,Servicios,Veterinaria,Bogotá  D.C.,1,347525,25000,2,2.0,9,3,2021-05-01,2,3.0,0,2,3,5,3.3333333333333335,Estándar
DPIGE8FYAV,2021-03-15 15:08:00,2021-03-15 15:23:00,Servicios,Tecnología y software,Bogotá  D.C.,1,1647000,0,2,2.0,7,3,2021-05-01,1,2.3333333333333335,0,3,2,5,3.3333333333333335,Estándar
DPUYQL4XYS,2021-03-09 09:56:00,2021-03-09 10:24:00,Alimentos y bebidas,Comida rápida,Bogotá  D.C.,1,741600,83000,2,2.0,39,3,2021-05-01,21,13.0,0,2,5,5,4.0,Estándar
DQ73Q204YW,2021-03-30 12:50:00,2021-03-30 13:00:00,Comercio detallista,Materiales de construcción,Bogotá  D.C.,1,9617200,1171000,2,2.0,25,3,2021-05-01,11,8.333333333333334,0,5,4,5,4.666666666666667,Alto valor
DQEUPQDC6N,2021-01-04 13:32:00,2021-01-04 13:44:00,Servicios,Tecnología y software,Bogotá  D.C.,1,15274450,2021800,4,4.0,23,4,2021-04-01,0,5.75,1,5,4,4,4.333333333333333,Alto valor
DQV14A2B9W,2021-02-05 14:18:00,2021-02-05 18:47:00,Alimentos y bebidas,Comida rápida,Bogotá  D.C.,1,1674900,78450,3,3.0,47,4,2021-05-01,6,11.75,0,3,5,5,4.333333333333333,Estándar
DR5QEPX4ND,2021-03-18 17:01:00,2021-03-18 17:13:00,Belleza y cuidado personal,Otro,Bogotá  D.C.,1,1300000,0,2,2.0,16,3,2021-05-01,2,5.333333333333333,0,3,4,5,4.0,Estándar
DR6CLKKR5B,2021-03-09 17:48:00,2021-03-09 18:01:00,Comercio detallista,Auto partes,Bogotá  D.C.,1,4515900,882000,2,2.0,23,3,2021-05-01,2,7.666666666666667,0,4,4,5,4.333333333333333,Alto valor
DR8LRTCSQ4,2021-03-09 15:52:00,2021-03-09 16:09:00,Reparación y limpieza,Otro,Funza,1,2000,0,2,2.0,1,1,2021-03-01,0,1.0,2,1,1,3,1.6666666666666667,Estándar
DSLBAOL71U,2021-03-12 14:19:00,2021-03-12 14:26:00,Comercio detallista,Elementos de seguridad,Bogotá  D.C.,1,5390932,0,2,2.0,20,3,2021-05-01,3,6.666666666666667,0,4,4,5,4.333333333333333,Alto valor
DSSFDVSK6V,2021-03-15 16:08:00,2021-03-15 16:22:00,Servicios,Tecnología y software,Bogotá  D.C.,1,4000,0,2,2.0,2,2,2021-04-01,0,1.0,1,1,1,4,2.0,Nuevos o bajo desarrollo
DSZPZRXP47,2021-03-19 10:26:00,2021-03-19 10:40:00,Alimentos y bebidas,Comida rápida,Funza,1,746100,12600,2,2.0,27,3,2021-05-01,3,9.0,0,2,4,5,3.6666666666666665,Estándar
DT83QD0OET,2021-03-20 11:30:00,2021-03-20 11:43:00,Servicios,Veterinaria,Bogotá  D.C.,1,173500,86500,2,2.0,3,2,2021-05-01,1,1.5,0,2,1,5,2.6666666666666665,Nuevos o bajo desarrollo
DTIAERYDU8,2021-01-14 16:07:00,2021-01-14 16:33:00,Comercio detallista,Óptica,Bogotá  D.C.,1,4062000,240000,4,4.0,8,4,2021-04-01,0,2.0,1,4,3,4,3.6666666666666665,Estándar
DTIYG8FA2N,2020-12-22 15:00:00,2020-12-22 15:19:00,Comercio detallista,Materiales de construcción,Bogotá  D.C.,1,6865088,0,5,5.0,10,5,2021-04-01,0,2.0,1,5,3,4,4.0,Estándar
DU4CG6E0KK,2021-02-19 19:38:00,2021-02-19 19:52:00,Servicios,Terapias,Bogotá  D.C.,1,2872000,300000,3,3.0,7,3,2021-05-01,1,2.3333333333333335,0,4,2,5,3.6666666666666665,Estándar
DU51U5LUMT,2021-03-02 13:21:00,2021-03-02 13:28:00,Comercio detallista,Óptica,Bogotá  D.C.,1,8533000,0,2,2.0,26,3,2021-05-01,6,8.666666666666666,0,5,4,5,4.666666666666667,Alto valor
DUIEG72RWU,2021-03-19 12:50:00,2021-03-19 13:12:00,Comercio detallista,Otro,Villa de San Diego de Ubate,1,3027500,1343000,2,2.0,5,3,2021-05-01,1,1.6666666666666667,0,4,2,5,3.6666666666666665,Estándar
DV921XEE8T,2021-03-03 18:39:00,2021-03-03 18:59:00,Comercio detallista,Electrodomésticos,Choachí,1,3614500,200000,2,2.0,6,2,2021-04-01,0,3.0,1,4,2,4,3.3333333333333335,Estándar
DVF7H6NTSV,2021-03-03 13:17:00,2021-03-03 13:30:00,Comercio detallista,Elementos del hogar,Bogotá  D.C.,1,2357500,353000,2,2.0,37,3,2021-05-01,10,12.333333333333334,0,3,5,5,4.333333333333333,Estándar
DXMWUHW48Y,2021-02-09 16:23:00,2021-02-09 16:33:00,Comercio detallista,Materiales de construcción,Bogotá  D.C.,1,2114200,391700,3,3.0,20,4,2021-05-01,4,5.0,0,3,4,5,4.0,Estándar
DY2E6DT3ZP,2021-03-31 12:26:00,2021-03-31 12:39:00,Turismo y entretenimiento,Entretenimiento,Bogotá  D.C.,1,2000,0,2,2.0,1,1,2021-03-01,0,1.0,2,1,1,3,1.6666666666666667,Estándar
DYWTJM0WEO,2021-03-05 18:22:00,2021-03-05 18:33:00,Comercio detallista,Ropa / Accesorios,Bogotá  D.C.,1,3857000,645000,2,2.0,29,3,2021-05-01,19,9.666666666666666,0,4,4,5,4.333333333333333,Alto valor
DZ4TAPD7L1,2021-03-11 13:04:00,2021-03-11 13:20:00,Reparación y limpieza,Moda / Zapatería,Bogotá  D.C.,1,2485000,490000,2,2.0,31,3,2021-05-01,16,10.333333333333334,0,3,5,5,4.333333333333333,Estándar
E0GD14FIB4,2021-03-08 12:51:00,2021-03-08 13:09:00,Comercio detallista,Ropa / Accesorios,Bogotá  D.C.,1,2902000,734000,2,2.0,28,3,2021-05-01,13,9.333333333333334,0,4,4,5,4.333333333333333,Alto valor
E0HB3Q6T0H,2021-03-08 13:08:00,2021-03-08 13:22:00,Alimentos y bebidas,Restaurante / Café,Bogotá  D.C.,1,484350,0,2,2.0,22,3,2021-05-01,2,7.333333333333333,0,2,4,5,3.6666666666666665,Estándar
E15YOUIETT,2021-03-15 17:27:00,2021-03-15 17:42:00,Servicios,Carpintería,Madrid,1,6124000,0,2,2.0,6,3,2021-05-01,2,2.0,0,4,2,5,3.6666666666666665,Estándar
E1HIB4LZPX,2021-02-23 15:50:00,2021-02-23 16:03:00,Reparación y limpieza,Moda / Zapatería,Bogotá  D.C.,1,52000,0,3,3.0,3,2,2021-03-01,0,1.5,2,1,1,3,1.6666666666666667,Estándar
E2NQWEPT01,2021-01-22 17:57:00,2021-01-22 18:35:00,Comercio detallista,Óptica,Bogotá  D.C.,1,17643000,1610000,4,4.0,55,5,2021-05-01,8,11.0,0,5,5,5,5.0,Alto valor
E3AHZU5GGE,2021-03-23 11:26:00,2021-03-23 11:37:00,Reparación y limpieza,Automotriz y autopartes,Bogotá  D.C.,1,2000,0,2,2.0,1,1,2021-03-01,0,1.0,2,1,1,3,1.6666666666666667,Estándar
E3NB1UNLOU,2021-02-03 12:20:00,2021-02-03 12:40:00,Servicios,Medicina / Odontología,Bogotá  D.C.,1,2968500,1531400,3,3.0,14,3,2021-05-01,2,4.666666666666667,0,4,3,5,4.0,Estándar
E3TRE9DAJA,2021-02-10 12:37:00,2021-02-10 13:09:00,Belleza y cuidado personal,Salón de belleza,Bogotá  D.C.,1,16730000,1010000,3,3.0,66,4,2021-05-01,22,16.5,0,5,5,5,5.0,Alto valor
E3Y5JNPXCH,2021-03-09 11:29:00,2021-03-09 12:02:00,Servicios,Medicina / Odontología,Bogotá  D.C.,1,3425000,586000,2,2.0,35,3,2021-05-01,8,11.666666666666666,0,4,5,5,4.666666666666667,Alto valor
E4XG72YSS5,2021-03-20 17:24:00,2021-03-20 17:31:00,Belleza y cuidado personal,Distribuidora,Bogotá  D.C.,1,762500,16000,2,2.0,17,3,2021-05-01,11,5.666666666666667,0,2,4,5,3.6666666666666665,Estándar
E52AP4FTD8,2021-02-24 17:23:00,2021-02-24 17:34:00,Comercio detallista,Auto partes,Bogotá  D.C.,1,35801000,5243000,3,3.0,143,4,2021-05-01,40,35.75,0,5,5,5,5.0,Alto valor
E6A71HUKMB,2021-03-12 12:07:00,2021-03-12 12:19:00,Reparación y limpieza,Automotriz y autopartes,Bogotá  D.C.,1,8447000,2207000,2,2.0,38,3,2021-05-01,16,12.666666666666666,0,5,5,5,5.0,Alto valor
E6D0E1VLZF,2021-02-10 19:51:00,2021-02-10 20:04:00,Alimentos y bebidas,Abarrotes / Mercado,Bogotá  D.C.,2,2323650,0,3,3.0,66,4,2021-05-01,1,16.5,0,3,5,5,4.333333333333333,Estándar
E6VX2JWGQW,2021-03-12 11:19:00,2021-03-12 11:30:00,Comercio detallista,Electrodomésticos,Bogotá  D.C.,1,1002000,0,2,2.0,3,2,2021-04-01,0,1.5,1,3,1,4,2.6666666666666665,Estándar
E6WMPDA5BH,2021-03-23 16:43:00,2021-03-23 16:59:00,Alimentos y bebidas,Comida rápida,Bogotá  D.C.,1,355000,91200,2,2.0,13,2,2021-05-01,8,6.5,0,2,3,5,3.3333333333333335,Estándar
E73K1PXPMQ,2020-12-19 13:15:00,2020-12-19 13:31:00,Servicios,Medicina / Odontología,Bogotá  D.C.,1,80330200,17596000,5,5.0,31,6,2021-05-01,6,5.166666666666667,0,5,5,5,5.0,Alto valor
E7K105W1UN,2021-03-23 15:40:00,2021-03-23 15:55:00,Alimentos y bebidas,Comida rápida,Bogotá  D.C.,1,9573200,2599700,2,2.0,162,3,2021-05-01,91,54.0,0,5,5,5,5.0,Alto valor
E9NWEHGSD8,2021-03-25 10:28:00,2021-03-25 10:43:00,Servicios,Tecnología y software,Madrid,1,1000,0,2,2.0,1,1,2021-03-01,0,1.0,2,1,1,3,1.6666666666666667,Estándar
EA41W7MR0G,2021-03-16 10:12:00,2021-03-16 17:24:00,Alimentos y bebidas,Abarrotes / Mercado,Soacha,1,570150,46700,2,2.0,18,3,2021-05-01,12,6.0,0,2,4,5,3.6666666666666665,Estándar
EAG2VA3X5E,2021-03-30 12:10:00,,Reparación y limpieza,Automotriz y autopartes,Jamundí,1,0,0,2,,1,1,2021-03-01,0,1.0,2,1,1,3,1.6666666666666667,Estándar
EAPN6NMSLO,2021-02-12 12:47:00,2021-02-12 13:09:00,Comercio detallista,Óptica,Fusagasugá,1,2000,0,3,3.0,1,1,2021-02-01,0,1.0,3,1,1,2,1.3333333333333333,Baja actividad
EB9TZS03QA,2021-02-08 17:04:00,2021-02-08 17:14:00,Comercio detallista,Óptica,Tocancipá,1,12630000,1323000,3,3.0,77,4,2021-05-01,28,19.25,0,5,5,5,5.0,Alto valor
ECFA94KW43,2021-03-05 15:03:00,2021-03-05 15:18:00,Comercio detallista,Óptica,Bogotá  D.C.,1,986000,0,2,2.0,7,1,2021-03-01,0,7.0,2,3,2,3,2.6666666666666665,Estándar
ECGTFEGY7G,2021-02-16 18:18:00,2021-02-16 18:32:00,Comercio detallista,Auto partes,Cali,1,1663000,0,3,3.0,7,3,2021-04-01,0,2.3333333333333335,1,3,2,4,3.0,Estándar
ED0TWWY6V6,2021-02-22 13:30:00,2021-02-22 13:47:00,Comercio detallista,Otro,Bogotá  D.C.,1,8692700,2667500,3,3.0,33,4,2021-05-01,8,8.25,0,5,5,5,5.0,Alto valor
EF457MTZTJ,2021-02-09 10:13:00,2021-02-09 10:26:00,Comercio detallista,Electrodomésticos,Soacha,1,62000,0,3,3.0,3,2,2021-04-01,0,1.5,1,1,1,4,2.0,Nuevos o bajo desarrollo
EFTCJZFTKJ,2021-02-19 18:09:00,2021-02-19 18:21:00,Reparación y limpieza,Reparaciones locativas,Soacha,1,3767000,3180000,3,3.0,4,3,2021-04-01,0,1.3333333333333333,1,4,2,4,3.3333333333333335,Estándar
EG7BDL6U5H,2021-03-24 11:58:00,2021-03-24 12:16:00,Belleza y cuidado personal,Spa,Bogotá  D.C.,1,509000,33000,2,2.0,5,3,2021-05-01,2,1.6666666666666667,0,2,2,5,3.0,Nuevos o bajo desarrollo
EGCQF4DWV7,2021-03-05 17:16:00,2021-03-05 17:36:00,Servicios,Logística,Bogotá  D.C.,1,57000,0,2,2.0,4,1,2021-03-01,0,4.0,2,1,2,3,2.0,Estándar
EGR67KAGR4,2021-03-09 15:37:00,2021-03-09 15:47:00,Comercio detallista,Libros / Papelería,Sibaté,1,254542,15000,2,2.0,7,3,2021-05-01,2,2.3333333333333335,0,2,2,5,3.0,Nuevos o bajo desarrollo
EGTKQZUJLE,2021-03-23 15:42:00,2021-03-23 15:54:00,Servicios,Arquitectura e ingeniería,Bogotá  D.C.,1,502000,0,2,2.0,3,2,2021-04-01,0,1.5,1,2,1,4,2.3333333333333335,Nuevos o bajo desarrollo
EH2RRAQK8I,2021-03-13 16:10:00,2021-03-13 16:21:00,Alimentos y bebidas,Licores,Cali,1,2311100,1012300,2,2.0,20,3,2021-05-01,12,6.666666666666667,0,3,4,5,4.0,Estándar
EH48A3P812,2021-03-13 13:47:00,2021-03-13 14:08:00,Transporte,Taxi,Cali,1,1000,0,2,2.0,1,1,2021-03-01,0,1.0,2,1,1,3,1.6666666666666667,Estándar
EHO8ORC6V9,2021-01-16 12:54:00,2021-01-16 13:32:00,Reparación y limpieza,Reparaciones locativas,Soacha,1,4696500,0,4,4.0,6,3,2021-05-01,1,2.0,0,4,2,5,3.6666666666666665,Estándar
EIMRQ8EZ86,2021-03-23 14:35:00,2021-03-23 15:01:00,Alimentos y bebidas,Restaurante / Café,Tenjo,1,1100,0,2,2.0,1,1,2021-03-01,0,1.0,2,1,1,3,1.6666666666666667,Estándar
EIPQ6LIED5,2021-03-25 12:18:00,2021-03-25 12:34:00,Comercio detallista,Elementos de seguridad,Bogotá  D.C.,1,855000,258000,2,2.0,6,2,2021-05-01,5,3.0,0,2,2,5,3.0,Nuevos o bajo desarrollo
EIVQHII7JA,2021-03-06 12:31:00,2021-03-06 12:51:00,Belleza y cuidado personal,Estilista independiente,Bogotá  D.C.,1,626000,178000,2,2.0,9,3,2021-05-01,3,3.0,0,2,3,5,3.3333333333333335,Estándar
EJ0R5MCDI8,2021-03-17 10:22:00,2021-03-17 10:37:00,Comercio detallista,Otro,Bogotá  D.C.,1,325850,102700,2,2.0,5,3,2021-05-01,2,1.6666666666666667,0,2,2,5,3.0,Nuevos o bajo desarrollo
EJC0246CXZ,2021-03-03 20:32:00,2021-03-03 20:40:00,Comercio detallista,Ropa / Accesorios,Bogotá  D.C.,1,907000,485000,2,2.0,9,3,2021-05-01,3,3.0,0,2,3,5,3.3333333333333335,Estándar
EJN3R7Z87Q,2021-03-16 14:36:00,2021-03-16 15:01:00,Comercio detallista,Tecnología,Bogotá  D.C.,1,21410000,0,2,2.0,59,3,2021-05-01,24,19.666666666666668,0,5,5,5,5.0,Alto valor
EJRFMFCI3Z,2021-03-12 16:37:00,2021-03-12 16:43:00,Servicios,Otro,Medellín,1,12393000,1260000,2,2.0,132,3,2021-05-01,56,44.0,0,5,5,5,5.0,Alto valor
EK29CKNPSC,2021-03-25 12:41:00,2021-03-25 12:54:00,Belleza y cuidado personal,Distribuidora,Bogotá  D.C.,1,385800,53500,2,2.0,9,2,2021-04-01,0,4.5,1,2,3,4,3.0,Estándar
EK70J8MYI6,2021-03-10 15:43:00,2021-03-10 15:50:00,Servicios,Tecnología y software,Bogotá  D.C.,1,2000,0,2,2.0,1,1,2021-03-01,0,1.0,2,1,1,3,1.6666666666666667,Estándar
EKPA345T2O,2021-02-08 09:18:00,2021-02-08 09:29:00,Servicios,Tecnología y software,Bogotá  D.C.,1,9000,0,3,3.0,3,1,2021-02-01,0,3.0,3,1,1,2,1.3333333333333333,Baja actividad
ENH7YT22OF,2020-12-29 12:09:00,2021-02-13 10:54:00,Alimentos y bebidas,Repostería / Panadería,Cali,1,171000,0,5,3.0,4,1,2021-02-01,0,4.0,3,2,2,2,2.0,Baja actividad
ENIURKO2SF,2021-03-16 14:32:00,2021-03-16 15:01:00,Comercio detallista,Auto partes,Bogotá  D.C.,1,4185200,580000,2,2.0,15,3,2021-05-01,4,5.0,0,4,4,5,4.333333333333333,Alto valor
EO61OWL74Y,2021-02-23 18:54:00,2021-02-23 19:12:00,Servicios,Contabilidad / Asesorías,Bogotá  D.C.,1,2000,0,3,3.0,1,1,2021-02-01,0,1.0,3,1,1,2,1.3333333333333333,Baja actividad
EO8WKWCXBQ,2021-03-13 14:11:00,2021-03-13 14:27:00,Turismo y entretenimiento,Entretenimiento,Bogotá  D.C.,1,3841650,1000000,2,2.0,9,3,2021-05-01,1,3.0,0,4,3,5,4.0,Estándar
EOIX8EJFSG,2021-03-03 11:34:00,2021-03-03 11:51:00,Servicios,Arquitectura e ingeniería,Chía,1,2000,0,2,2.0,1,1,2021-03-01,0,1.0,2,1,1,3,1.6666666666666667,Estándar
EOLG59EU54,2021-03-19 18:09:00,2021-03-19 18:21:00,Servicios,Tecnología y software,Bogotá  D.C.,1,1047500,283500,2,2.0,6,2,2021-05-01,4,3.0,0,3,2,5,3.3333333333333335,Estándar
EPKT0SKAJV,2021-03-13 16:54:00,2021-03-13 17:26:00,Comercio detallista,Otro,Funza,1,113000,0,2,2.0,3,2,2021-04-01,0,1.5,1,1,1,4,2.0,Nuevos o bajo desarrollo
EQ7XBC6430,2021-03-24 10:07:00,2021-03-24 10:21:00,Transporte,Servicio especial,Bogotá  D.C.,1,1002000,0,2,2.0,2,2,2021-04-01,0,1.0,1,3,1,4,2.6666666666666665,Estándar
EQAI0ZGKGY,2021-01-29 18:33:00,2021-01-29 18:42:00,Comercio detallista,Otro,Bogotá  D.C.,1,2000,0,4,4.0,1,1,2021-01-01,0,1.0,4,1,1,1,1.0,Baja actividad
EQT0X28MYE,2021-01-12 14:24:00,2021-01-12 14:37:00,Comercio detallista,Óptica,Bogotá  D.C.,1,2349000,0,4,4.0,11,4,2021-04-01,0,2.75,1,3,3,4,3.3333333333333335,Estándar
EQZL0GKY30,2021-03-12 16:48:00,2021-03-12 16:59:00,Servicios,Otro,Medellín,1,5540000,2485000,2,2.0,40,3,2021-05-01,16,13.333333333333334,0,4,5,5,4.666666666666667,Alto valor
ERC5OB3SM1,2021-03-13 13:06:00,2021-03-13 14:02:00,Comercio detallista,Ropa / Accesorios,Barranquilla,1,7230040,838530,2,2.0,22,3,2021-05-01,8,7.333333333333333,0,5,4,5,4.666666666666667,Alto valor
ERLETO5YXC,2021-03-08 18:19:00,2021-03-08 18:26:00,Servicios,Tecnología y software,Bogotá  D.C.,1,5599900,815000,2,2.0,17,3,2021-05-01,4,5.666666666666667,0,4,4,5,4.333333333333333,Alto valor
ERVFJIP9LE,2021-03-18 11:12:00,2021-03-18 11:26:00,Comercio detallista,Ropa / Accesorios,Bogotá  D.C.,1,1342000,0,2,2.0,21,3,2021-05-01,6,7.0,0,3,4,5,4.0,Estándar
ES9PBAUMP6,2021-02-03 11:11:00,2021-02-03 11:24:00,Servicios,Otro,Bogotá  D.C.,1,9897000,0,3,3.0,14,4,2021-05-01,1,3.5,0,5,3,5,4.333333333333333,Estándar
ESMO710S4U,2021-02-18 19:15:00,2021-02-18 19:28:00,Turismo y entretenimiento,Eventos / Festivales,Bogotá  D.C.,1,15933900,1891000,3,3.0,119,4,2021-05-01,78,29.75,0,5,5,5,5.0,Alto valor
ET84Z5TAEC,2021-03-06 10:27:00,2021-03-06 10:43:00,Comercio detallista,Materiales de construcción,Bogotá  D.C.,1,6848035,788320,2,2.0,28,3,2021-05-01,8,9.333333333333334,0,5,4,5,4.666666666666667,Alto valor
ETUR5HE65M,2020-12-22 16:59:00,2020-12-22 17:17:00,Comercio detallista,Ropa / Accesorios,Bogotá  D.C.,1,5047000,130000,5,5.0,41,6,2021-05-01,9,6.833333333333333,0,4,5,5,4.666666666666667,Alto valor
EUT5E1OHLO,2021-01-19 16:35:00,2021-01-19 16:57:00,Comercio detallista,Óptica,Bogotá  D.C.,1,20925000,6906000,4,4.0,43,5,2021-05-01,14,8.6,0,5,5,5,5.0,Alto valor
EUY3ZY9SDD,2021-03-11 16:30:00,2021-03-11 16:41:00,Servicios,Otro,Bogotá  D.C.,1,3674000,0,2,2.0,16,3,2021-05-01,3,5.333333333333333,0,4,4,5,4.333333333333333,Alto valor
EUZBP66XOY,2021-03-29 09:08:00,2021-03-29 09:21:00,Alimentos y bebidas,Bar / Club / Discoteca,Bogotá  D.C.,1,12543000,4792000,2,2.0,62,3,2021-05-01,51,20.666666666666668,0,5,5,5,5.0,Alto valor
EV8BCDZ4XB,2021-03-12 11:47:00,2021-03-12 11:53:00,Comercio detallista,Juguetería / Piñatería,Bogotá  D.C.,1,2121950,215000,2,2.0,40,3,2021-05-01,15,13.333333333333334,0,3,5,5,4.333333333333333,Estándar
EV9MPTZRZP,2021-03-20 11:12:00,2021-03-20 11:26:00,Comercio detallista,Elementos de seguridad,Bogotá  D.C.,1,19471200,2743500,2,2.0,24,3,2021-05-01,11,8.0,0,5,4,5,4.666666666666667,Alto valor
EVL22AHEJ8,2021-03-20 13:06:00,2021-03-20 13:16:00,Comercio detallista,Tecnología,Bogotá  D.C.,1,2692060,320000,2,2.0,5,3,2021-05-01,3,1.6666666666666667,0,4,2,5,3.6666666666666665,Estándar
EVPEO560JW,2021-03-20 12:16:00,2021-03-20 12:31:00,Comercio detallista,Otro,Bogotá  D.C.,1,613800,120700,2,2.0,16,3,2021-05-01,6,5.333333333333333,0,2,4,5,3.6666666666666665,Estándar
EWI9LRZOJ7,2021-03-03 14:50:00,2021-03-03 15:02:00,Servicios,Otro,Bogotá  D.C.,1,1211437,54850,2,2.0,32,3,2021-05-01,14,10.666666666666666,0,3,5,5,4.333333333333333,Estándar
EXI9MPB2AO,2021-03-08 18:28:00,2021-03-08 18:56:00,Alimentos y bebidas,Bar / Club / Discoteca,Bogotá  D.C.,1,5143000,421200,2,2.0,78,3,2021-05-01,30,26.0,0,4,5,5,4.666666666666667,Alto valor
EXKC1F2FDP,2021-01-18 19:01:00,2021-01-18 19:10:00,Servicios,Tecnología y software,Bogotá  D.C.,1,9531140,5071040,4,4.0,21,5,2021-05-01,2,4.2,0,5,4,5,4.666666666666667,Alto valor
EYLFJ1A5MU,2021-03-09 15:49:00,2021-03-09 15:57:00,Servicios,Logística,Bogotá  D.C.,1,15212000,1400000,2,2.0,13,3,2021-05-01,5,4.333333333333333,0,5,3,5,4.333333333333333,Estándar
EZ3QMU7DP6,2021-03-20 16:20:00,2021-03-20 16:34:00,Servicios,Medicina / Odontología,Bogotá  D.C.,1,156500,0,2,2.0,2,2,2021-04-01,0,1.0,1,1,1,4,2.0,Nuevos o bajo desarrollo
F06G2GFZ41,2021-03-13 16:20:00,2021-03-13 16:37:00,Comercio detallista,Elementos del hogar,Sibaté,1,1517000,0,2,2.0,4,2,2021-05-01,2,2.0,0,3,2,5,3.3333333333333335,Estándar
F0NI65Y4E9,2021-03-19 11:30:00,2021-03-19 11:43:00,Belleza y cuidado personal,Distribuidora,Bogotá  D.C.,1,340700,76700,2,2.0,11,3,2021-05-01,6,3.6666666666666665,0,2,3,5,3.3333333333333335,Estándar
F180MWIBAX,2021-02-24 13:02:00,2021-02-24 13:18:00,Transporte,Otro,Bogotá  D.C.,1,5900000,700000,3,3.0,22,4,2021-05-01,6,5.5,0,4,4,5,4.333333333333333,Alto valor
F1NDS5PTTS,2021-03-12 13:38:00,2021-03-12 13:57:00,Comercio detallista,Ropa / Accesorios,Bogotá  D.C.,1,2313600,0,2,2.0,10,3,2021-05-01,3,3.3333333333333335,0,3,3,5,3.6666666666666665,Estándar
F1OG1SHNHN,2020-08-26 18:48:00,2021-01-12 18:11:00,Alimentos y bebidas,Comida rápida,Bogotá  D.C.,1,1519500,28000,9,4.0,52,5,2021-05-01,14,10.4,0,3,5,5,4.333333333333333,Estándar
F2O1Q31H5P,2021-03-08 11:29:00,2021-03-08 11:38:00,Comercio detallista,Elementos del hogar,Bogotá  D.C.,1,13306800,1960600,2,2.0,15,3,2021-05-01,3,5.0,0,5,4,5,4.666666666666667,Alto valor
F37NI04ZVB,2021-03-23 16:49:00,2021-03-23 17:16:00,Comercio detallista,Ropa / Accesorios,La Calera,1,1877300,569000,2,2.0,24,3,2021-05-01,14,8.0,0,3,4,5,4.0,Estándar
F385BS9ICW,2021-03-16 16:11:00,2021-03-16 16:19:00,Educación,Talleres / Cursos / Capacitaciones,Bogotá  D.C.,1,175000,0,2,2.0,3,1,2021-03-01,0,3.0,2,2,1,3,2.0,Estándar
F3QOWHOWZV,2021-02-13 10:50:00,2021-02-13 11:15:00,Alimentos y bebidas,Abarrotes / Mercado,Bogotá  D.C.,1,381000,377000,3,3.0,2,2,2021-05-01,1,1.0,0,2,1,5,2.6666666666666665,Nuevos o bajo desarrollo
F4FXYY12LX,2021-03-30 12:53:00,2021-03-30 13:12:00,Comercio detallista,Ropa / Accesorios,Bogotá  D.C.,1,771000,56000,2,2.0,13,3,2021-05-01,8,4.333333333333333,0,2,3,5,3.3333333333333335,Estándar
F4LYF5IL1W,2021-03-06 18:00:00,2021-03-06 18:14:00,Belleza y cuidado personal,Distribuidora,Bogotá  D.C.,1,83900,0,2,2.0,2,2,2021-05-01,1,1.0,0,1,1,5,2.3333333333333335,Nuevos o bajo desarrollo
F4PXTZW2UP,2021-02-18 11:28:00,2021-02-18 11:39:00,Servicios,Otro,Bogotá  D.C.,1,2639050,1007000,3,3.0,23,4,2021-05-01,4,5.75,0,4,4,5,4.333333333333333,Alto valor
F4T1KKA9XN,2021-03-12 14:39:00,2021-03-12 14:50:00,Belleza y cuidado personal,Distribuidora,Bogotá  D.C.,1,381000,0,2,2.0,4,2,2021-04-01,0,2.0,1,2,2,4,2.6666666666666665,Nuevos o bajo desarrollo
F4U4CRZ2O8,2021-03-11 08:16:00,2021-03-11 08:41:00,Servicios,Arquitectura e ingeniería,Bogotá  D.C.,1,2000,0,2,2.0,1,1,2021-03-01,0,1.0,2,1,1,3,1.6666666666666667,Estándar
F4YEAH3Z7Y,2021-03-10 13:33:00,2021-03-10 13:49:00,Servicios,Arquitectura e ingeniería,Bogotá  D.C.,1,7226000,0,2,2.0,5,3,2021-05-01,2,1.6666666666666667,0,5,2,5,4.0,Estándar
F4ZA8KP7VM,2021-03-26 16:19:00,2021-03-27 18:55:00,Comercio detallista,Materiales de construcción,Bogotá  D.C.,1,1000,0,2,2.0,1,1,2021-03-01,0,1.0,2,1,1,3,1.6666666666666667,Estándar
F5T78LFMR3,2021-03-29 09:50:00,,Alimentos y bebidas,Repostería / Panadería,Cali,1,0,0,2,,1,1,2021-03-01,0,1.0,2,1,1,3,1.6666666666666667,Estándar
F6D1ZICKH9,2021-03-25 12:54:00,2021-03-25 13:06:00,Servicios,Tecnología y software,Soacha,1,2006000,0,2,2.0,6,2,2021-04-01,0,3.0,1,3,2,4,3.0,Estándar
F6ZTP77AIZ,2021-02-12 18:50:00,2021-02-12 19:08:00,Comercio detallista,Muebles / Decoración,Bogotá  D.C.,1,20689500,2123000,3,3.0,49,4,2021-05-01,13,12.25,0,5,5,5,5.0,Alto valor
F722D6SR21,2021-03-17 12:48:00,2021-03-17 12:59:00,Alimentos y bebidas,Abarrotes / Mercado,Bogotá  D.C.,1,4585800,717500,2,2.0,63,3,2021-05-01,28,21.0,0,4,5,5,4.666666666666667,Alto valor
F73JX9NLVE,2021-03-24 11:00:00,2021-03-24 11:10:00,Comercio detallista,Auto partes,Bogotá  D.C.,1,996184,189600,2,2.0,15,3,2021-05-01,6,5.0,0,3,4,5,4.0,Estándar
F75XA7QS7Q,2021-03-18 11:07:00,2021-03-27 20:38:00,Comercio detallista,Mascotas,Bogotá  D.C.,1,1428059,228225,2,2.0,5,2,2021-05-01,3,2.5,0,3,2,5,3.3333333333333335,Estándar
F7BQUP7JPW,2021-03-23 12:42:00,2021-03-23 13:01:00,Comercio detallista,Mascotas,Jamundí,1,1000,0,2,2.0,1,1,2021-03-01,0,1.0,2,1,1,3,1.6666666666666667,Estándar
F8AXC45AAH,2021-03-08 17:09:00,2021-03-08 17:21:00,Comercio detallista,Muebles / Decoración,Bogotá  D.C.,1,6398000,350000,2,2.0,7,2,2021-05-01,3,3.5,0,5,2,5,4.0,Estándar
F8HAGY1M3T,2021-03-19 11:10:00,2021-03-19 11:18:00,Transporte,Servicio especial,Bogotá  D.C.,1,1000,0,2,2.0,1,1,2021-03-01,0,1.0,2,1,1,3,1.6666666666666667,Estándar
F8NJCIP7PF,2021-03-08 15:20:00,2021-03-08 15:35:00,Belleza y cuidado personal,Salón de belleza,Bogotá  D.C.,1,2000,0,2,2.0,1,1,2021-03-01,0,1.0,2,1,1,3,1.6666666666666667,Estándar
F9HY0SMQ0I,2021-03-23 10:56:00,2021-03-24 17:35:00,Comercio detallista,Elementos del hogar,Bogotá  D.C.,1,3135000,2150000,2,2.0,5,2,2021-05-01,1,2.5,0,4,2,5,3.6666666666666665,Estándar
F9XGNG0V1A,2021-03-12 09:48:00,2021-03-12 13:09:00,Alimentos y bebidas,Repostería / Panadería,Bogotá  D.C.,1,387303,0,2,2.0,15,3,2021-05-01,2,5.0,0,2,4,5,3.6666666666666665,Estándar
FANU36406L,2021-03-13 10:57:00,2021-03-13 11:10:00,Belleza y cuidado personal,Salón de belleza,Cali,1,1000,0,2,2.0,1,1,2021-03-01,0,1.0,2,1,1,3,1.6666666666666667,Estándar
FB52A0ZCDK,2021-03-16 13:19:00,2021-03-16 13:29:00,Comercio detallista,Óptica,Bogotá  D.C.,1,202000,0,2,2.0,2,2,2021-04-01,0,1.0,1,2,1,4,2.3333333333333335,Nuevos o bajo desarrollo
FBJ6IVKWXR,2021-02-12 11:56:00,2021-02-12 14:57:00,Belleza y cuidado personal,Centro de tatuajes,Bogotá  D.C.,1,3214000,100000,3,3.0,10,4,2021-05-01,3,2.5,0,4,3,5,4.0,Estándar
FBKB69PPPG,2021-03-10 17:14:00,2021-03-10 17:29:00,Comercio detallista,Ropa / Accesorios,Bogotá  D.C.,1,2448000,220000,2,2.0,11,1,2021-03-01,0,11.0,2,3,3,3,3.0,Estándar
FC0LHN3IWG,2021-03-19 12:49:00,2021-03-19 13:08:00,Comercio detallista,Óptica,Bogotá  D.C.,1,1554000,800000,2,2.0,4,2,2021-05-01,3,2.0,0,3,2,5,3.3333333333333335,Estándar
FCEG0KL3DY,2021-03-26 09:10:00,2021-03-26 09:25:00,Comercio detallista,Otro,Bogotá  D.C.,1,402600,0,2,2.0,5,2,2021-05-01,3,2.5,0,2,2,5,3.0,Nuevos o bajo desarrollo
FCQBDFURMJ,2021-01-25 18:36:00,2021-01-25 22:28:00,Reparación y limpieza,Otro,Bogotá  D.C.,1,2000,0,4,4.0,1,1,2021-01-01,0,1.0,4,1,1,1,1.0,Baja actividad
FCWYQHO7S6,2021-03-06 13:58:00,2021-03-06 14:12:00,Comercio detallista,Materiales de construcción,Bogotá  D.C.,1,296000,0,2,2.0,5,2,2021-05-01,3,2.5,0,2,2,5,3.0,Nuevos o bajo desarrollo
FD3GGEYJCJ,2021-03-08 15:16:00,2021-03-08 15:29:00,Servicios,Otro,Bogotá  D.C.,1,663100,576900,2,2.0,2,1,2021-03-01,0,2.0,2,2,1,3,2.0,Estándar
FEDDGXVFDK,2021-03-18 12:04:00,2021-03-18 13:00:00,Reparación y limpieza,Automotriz y autopartes,Bogotá  D.C.,1,2000,0,2,2.0,1,1,2021-03-01,0,1.0,2,1,1,3,1.6666666666666667,Estándar
FEQXJUHW78,2021-03-12 13:33:00,2021-03-12 13:47:00,Servicios,Tecnología y software,Bogotá  D.C.,1,3681400,0,2,2.0,5,2,2021-04-01,0,2.5,1,4,2,4,3.3333333333333335,Estándar
FFC1YIU3VQ,2021-03-05 08:51:00,2021-03-05 09:10:00,Alimentos y bebidas,Comida rápida,Cartagena de Indias,1,425900,96000,2,2.0,14,3,2021-05-01,1,4.666666666666667,0,2,3,5,3.3333333333333335,Estándar
FFKNO8PZK2,2021-03-16 11:26:00,2021-03-16 11:36:00,Servicios,Otro,Bogotá  D.C.,1,749000,0,2,2.0,4,2,2021-05-01,2,2.0,0,2,2,5,3.0,Nuevos o bajo desarrollo
FFMOTDNZHP,2021-03-12 12:19:00,2021-03-12 12:30:00,Comercio detallista,Tecnología,Bogotá  D.C.,1,1264050,0,2,2.0,6,2,2021-05-01,2,3.0,0,3,2,5,3.3333333333333335,Estándar
FFQAVJJGFD,2021-02-09 10:05:00,2021-02-09 10:37:00,Comercio detallista,Elementos de seguridad,Bogotá  D.C.,1,2715000,0,3,3.0,19,4,2021-05-01,2,4.75,0,4,4,5,4.333333333333333,Alto valor
FG57OU2ZPC,2021-03-15 12:09:00,2021-03-15 12:26:00,Comercio detallista,Artesanías,Bogotá  D.C.,1,5058000,0,2,2.0,13,3,2021-05-01,2,4.333333333333333,0,4,3,5,4.0,Estándar
FGO2HO4L13,2021-03-30 12:51:00,2021-03-30 13:07:00,Comercio detallista,Elementos del hogar,Mosquera,1,2428500,388500,2,2.0,52,3,2021-05-01,29,17.333333333333332,0,3,5,5,4.333333333333333,Estándar
FGYA4UDUIC,2021-02-11 13:17:00,2021-02-12 17:31:00,Comercio detallista,Muebles / Decoración,Bogotá  D.C.,1,10813400,0,3,3.0,13,4,2021-05-01,3,3.25,0,5,3,5,4.333333333333333,Estándar
FH6RBOL8YH,2021-03-12 10:47:00,2021-03-12 11:18:00,Comercio detallista,Ropa / Accesorios,Bogotá  D.C.,1,1349000,0,2,2.0,7,2,2021-05-01,2,3.5,0,3,2,5,3.3333333333333335,Estándar
FI60BTVXQO,2021-03-19 11:55:00,2021-03-19 12:18:00,Comercio detallista,Libros / Papelería,Bogotá  D.C.,1,454400,77500,2,2.0,16,3,2021-05-01,6,5.333333333333333,0,2,4,5,3.6666666666666665,Estándar
FIFPQ97TZF,2021-03-26 12:34:00,2021-03-26 12:46:00,Servicios,Tecnología y software,Bogotá  D.C.,1,144100,0,2,2.0,2,2,2021-05-01,1,1.0,0,1,1,5,2.3333333333333335,Nuevos o bajo desarrollo
FIOD75I5A0,2021-02-26 14:41:00,2021-02-26 14:51:00,Servicios,Otro,Bogotá  D.C.,1,2532000,310000,3,3.0,10,4,2021-05-01,1,2.5,0,4,3,5,4.0,Estándar
FJC23764Z5,2021-03-23 14:01:00,2021-03-23 14:10:00,Alimentos y bebidas,Comida rápida,Mosquera,1,8667800,1250800,2,2.0,218,3,2021-05-01,127,72.66666666666667,0,5,5,5,5.0,Alto valor
FJHXXQGBT8,2021-03-09 11:25:00,2021-03-09 11:33:00,Comercio detallista,Óptica,Bogotá  D.C.,1,7232000,590000,2,2.0,26,3,2021-05-01,11,8.666666666666666,0,5,4,5,4.666666666666667,Alto valor
FJJ4XSRBMN,2021-03-08 14:39:00,2021-03-08 15:13:00,Comercio detallista,Juguetería / Piñatería,Bogotá  D.C.,1,3633100,571500,2,2.0,45,3,2021-05-01,19,15.0,0,4,5,5,4.666666666666667,Alto valor
FJTLHFGLYG,2021-02-15 13:19:00,2021-02-15 20:05:00,Servicios,Veterinaria,Bogotá  D.C.,1,565325,0,3,3.0,4,1,2021-02-01,0,4.0,3,2,2,2,2.0,Baja actividad
FJUSIAAVPV,2021-03-19 15:37:00,2021-03-19 16:06:00,Belleza y cuidado personal,Centro de tatuajes,Chía,1,1423000,203000,2,2.0,11,3,2021-05-01,4,3.6666666666666665,0,3,3,5,3.6666666666666665,Estándar
FJVYT26EK5,2021-02-17 09:41:00,2021-02-17 10:04:00,Servicios,Medicina / Odontología,Bogotá  D.C.,1,2582000,90000,3,3.0,8,4,2021-05-01,2,2.0,0,4,3,5,4.0,Estándar
FK3706XIAS,2021-03-12 12:23:00,2021-03-13 20:04:00,Alimentos y bebidas,Abarrotes / Mercado,Bogotá  D.C.,1,860770,12500,2,2.0,39,3,2021-05-01,5,13.0,0,2,5,5,4.0,Estándar
FK8ABUXXDQ,2021-02-01 17:35:00,2021-02-01 17:52:00,Servicios,Medicina / Odontología,Bogotá  D.C.,1,1514000,0,3,3.0,8,4,2021-05-01,2,2.0,0,3,3,5,3.6666666666666665,Estándar
FKFNRB72EI,2021-03-15 14:16:00,2021-03-15 14:26:00,Comercio detallista,Ropa / Accesorios,Bogotá  D.C.,1,5219100,541000,2,2.0,51,3,2021-05-01,29,17.0,0,4,5,5,4.666666666666667,Alto valor
FKQE85D0I7,2021-01-21 12:50:00,2021-01-21 13:05:00,Servicios,Carpintería,Bogotá  D.C.,1,7000,0,4,4.0,3,3,2021-05-01,1,1.0,0,1,1,5,2.3333333333333335,Nuevos o bajo desarrollo
FM2SKSM5B7,2021-03-26 11:27:00,2021-03-26 11:43:00,Comercio detallista,Óptica,Bogotá  D.C.,1,2514000,0,2,2.0,4,1,2021-03-01,0,4.0,2,3,2,3,2.6666666666666665,Estándar
FNFUGKFNEQ,2021-03-08 11:42:00,2021-03-08 11:53:00,Servicios,Diseño / Fotografía,Bogotá  D.C.,1,357000,0,2,2.0,2,1,2021-03-01,0,2.0,2,2,1,3,2.0,Estándar
FO5T3MO1UN,2021-03-17 11:35:00,2021-03-17 11:43:00,Comercio detallista,Ropa / Accesorios,Bogotá  D.C.,1,3571000,1032000,2,2.0,35,3,2021-05-01,15,11.666666666666666,0,4,5,5,4.666666666666667,Alto valor
FO8QNFT2YH,2021-03-19 10:56:00,2021-03-19 11:11:00,Comercio detallista,Tecnología,Cali,1,1891000,45000,2,2.0,15,3,2021-05-01,3,5.0,0,3,4,5,4.0,Estándar
FOVRMI1PHP,2021-02-15 14:18:00,2021-02-15 14:54:00,Comercio detallista,Juguetería / Piñatería,Bogotá  D.C.,1,642000,90000,3,3.0,3,2,2021-03-01,0,1.5,2,2,1,3,2.0,Estándar
FPXQWSMGNE,2021-03-04 11:22:00,2021-03-04 11:34:00,Transporte,Servicio especial,Cali,1,832000,0,2,2.0,9,2,2021-04-01,0,4.5,1,2,3,4,3.0,Estándar
FQBF8ZOQU2,2021-02-09 15:34:00,2021-02-09 15:45:00,Comercio detallista,Tecnología,Cali,1,788550,0,3,3.0,2,1,2021-02-01,0,2.0,3,2,1,2,1.6666666666666667,Baja actividad
FQIS424CAX,2021-03-25 10:06:00,2021-03-25 10:17:00,Comercio detallista,Materiales de construcción,Melgar,1,194500,151000,2,2.0,2,2,2021-04-01,0,1.0,1,2,1,4,2.3333333333333335,Nuevos o bajo desarrollo
FR7CKPN2AY,2021-03-15 13:16:00,2021-03-15 13:34:00,Comercio detallista,Ropa / Accesorios,Madrid,1,2285000,1236500,2,2.0,19,3,2021-05-01,12,6.333333333333333,0,3,4,5,4.0,Estándar
FRY1NREVPW,2021-02-02 11:13:00,2021-02-02 11:21:00,Comercio detallista,Auto partes,Bogotá  D.C.,1,8230000,1111000,3,3.0,70,4,2021-05-01,14,17.5,0,5,5,5,5.0,Alto valor
FS4EQWAPYF,2021-02-17 13:46:00,2021-02-17 14:00:00,Comercio detallista,Óptica,Bogotá  D.C.,1,3292000,900000,3,3.0,10,4,2021-05-01,2,2.5,0,4,3,5,4.0,Estándar
FSMQVQ959E,2021-02-18 12:28:00,2021-02-18 12:35:00,Comercio detallista,Otro,Bogotá  D.C.,1,37224100,2060000,3,3.0,69,4,2021-05-01,20,17.25,0,5,5,5,5.0,Alto valor
FSYC81RODK,2021-03-09 12:37:00,2021-03-09 13:00:00,Comercio detallista,Óptica,Bogotá  D.C.,1,5452000,150000,2,2.0,16,3,2021-05-01,8,5.333333333333333,0,4,4,5,4.333333333333333,Alto valor
FTEV7CNGZH,2021-03-18 17:15:00,2021-03-18 17:43:00,Transporte,Taxi,Cali,1,1000,0,2,2.0,1,1,2021-03-01,0,1.0,2,1,1,3,1.6666666666666667,Estándar
FTLLTXDSFC,2021-03-17 11:38:00,2021-03-17 11:49:00,Comercio detallista,Insumos,Bogotá  D.C.,1,1797000,614000,2,2.0,8,3,2021-05-01,1,2.6666666666666665,0,3,3,5,3.6666666666666665,Estándar
FTSS1Y19KR,2021-03-18 14:56:00,,Comercio detallista,Tecnología,Bogotá  D.C.,1,0,0,2,,1,1,2021-03-01,0,1.0,2,1,1,3,1.6666666666666667,Estándar
FU0HX0T0MM,2021-02-01 12:08:00,2021-02-01 12:18:00,Comercio detallista,Óptica,Bogotá  D.C.,1,5381000,359000,3,3.0,17,4,2021-05-01,5,4.25,0,4,4,5,4.333333333333333,Alto valor
FUSFJMY7YR,2021-02-01 12:04:00,2021-02-01 12:30:00,Comercio detallista,Óptica,Bogotá  D.C.,1,18145000,940000,3,3.0,64,4,2021-05-01,11,16.0,0,5,5,5,5.0,Alto valor
FV8PDZRSV3,2021-03-17 17:39:00,2021-03-17 17:51:00,Comercio detallista,Óptica,Bogotá  D.C.,1,12083000,830000,2,2.0,40,3,2021-05-01,20,13.333333333333334,0,5,5,5,5.0,Alto valor
FVBSSWB1AX,2021-03-19 12:50:00,2021-03-19 13:05:00,Transporte,Servicio especial,Bogotá  D.C.,1,1147000,0,2,2.0,6,3,2021-05-01,2,2.0,0,3,2,5,3.3333333333333335,Estándar
FVRXQ5DQFF,2021-03-08 14:26:00,2021-03-09 17:04:00,Servicios,Arquitectura e ingeniería,Bogotá  D.C.,1,12000,0,2,2.0,2,1,2021-03-01,0,2.0,2,1,1,3,1.6666666666666667,Estándar
FVUFF7KV8L,2021-02-24 12:52:00,2021-02-24 13:06:00,Comercio detallista,Otro,Bogotá  D.C.,1,572000,0,3,3.0,3,2,2021-03-01,0,1.5,2,2,1,3,2.0,Estándar
FVXU7DOAQK,2021-02-03 13:37:00,2021-02-03 14:00:00,Comercio detallista,Muebles / Decoración,Soacha,1,1642000,0,3,3.0,5,2,2021-04-01,0,2.5,1,3,2,4,3.0,Estándar
FW7T3M427D,2021-03-18 11:55:00,2021-03-18 12:11:00,Comercio detallista,Materiales de construcción,Girardot,1,1470100,252300,2,2.0,12,3,2021-05-01,1,4.0,0,3,3,5,3.6666666666666665,Estándar
FWPF0OA196,2021-02-05 10:37:00,2021-02-05 10:56:00,Comercio detallista,Venta de bicicletas y accesorios,Soacha,1,8554630,1822970,3,3.0,34,4,2021-05-01,15,8.5,0,5,5,5,5.0,Alto valor
FWYXQ49Q0N,2021-02-17 17:15:00,2021-02-17 17:23:00,Servicios,Otro,Bogotá  D.C.,1,1133250,0,3,3.0,14,4,2021-05-01,7,3.5,0,3,3,5,3.6666666666666665,Estándar
FXT7JE9DU9,2021-01-15 15:19:00,2021-01-15 15:40:00,Comercio detallista,Óptica,Bogotá  D.C.,1,52000,0,4,4.0,2,1,2021-01-01,0,2.0,4,1,1,1,1.0,Baja actividad
FYE81CLSA9,2021-03-18 14:10:00,2021-03-18 14:17:00,Comercio detallista,Óptica,Bogotá  D.C.,1,1006000,0,2,2.0,4,1,2021-03-01,0,4.0,2,3,2,3,2.6666666666666665,Estándar
FYZFSM7VXF,2021-03-17 17:55:00,2021-03-17 18:05:00,Servicios,Veterinaria,Bogotá  D.C.,1,991750,0,2,2.0,3,3,2021-05-01,1,1.0,0,3,1,5,3.0,Estándar
G08VZHDYJE,2021-03-16 17:47:00,2021-03-16 17:56:00,Comercio detallista,Óptica,Bogotá  D.C.,1,5144000,500000,2,2.0,16,3,2021-05-01,7,5.333333333333333,0,4,4,5,4.333333333333333,Alto valor
G0A5P3W7EJ,2021-03-09 13:19:00,2021-03-09 13:29:00,Servicios,Otro,Bogotá  D.C.,1,9113700,2249000,2,2.0,31,3,2021-05-01,7,10.333333333333334,0,5,5,5,5.0,Alto valor
G0NZ7AKQWZ,2021-03-24 12:54:00,2021-03-24 13:25:00,Belleza y cuidado personal,Centro de tatuajes,Bogotá  D.C.,1,82000,0,2,2.0,2,2,2021-04-01,0,1.0,1,1,1,4,2.0,Nuevos o bajo desarrollo
G18K4S9AE6,2021-03-20 14:56:00,2021-03-20 15:09:00,Alimentos y bebidas,Restaurante / Café,Villa de San Diego de Ubate,1,3364940,311325,2,2.0,67,3,2021-05-01,30,22.333333333333332,0,4,5,5,4.666666666666667,Alto valor
G1AHQ45OSZ,2021-03-14 15:15:00,2021-03-14 15:45:00,Comercio detallista,Otro,Funza,1,694250,452550,2,2.0,13,2,2021-05-01,9,6.5,0,2,3,5,3.3333333333333335,Estándar
G28MIX9ZQR,2021-03-09 16:56:00,2021-03-09 17:07:00,Servicios,Otro,Bogotá  D.C.,1,4000,0,2,2.0,2,1,2021-03-01,0,2.0,2,1,1,3,1.6666666666666667,Estándar
G301LS4PKP,2021-03-17 10:20:00,2021-03-17 10:33:00,Comercio detallista,Auto partes,Bogotá  D.C.,1,94000,0,2,2.0,4,2,2021-05-01,3,2.0,0,1,2,5,2.6666666666666665,Nuevos o bajo desarrollo
G3FILP74GH,2021-02-11 12:39:00,2021-02-11 12:48:00,Comercio detallista,Óptica,Bogotá  D.C.,1,704000,124000,3,3.0,13,3,2021-04-01,0,4.333333333333333,1,2,3,4,3.0,Estándar
G4OZ617G9J,2021-03-23 12:21:00,2021-03-23 12:31:00,Comercio detallista,Venta de bicicletas y accesorios,Bogotá  D.C.,1,543000,0,2,2.0,5,3,2021-05-01,2,1.6666666666666667,0,2,2,5,3.0,Nuevos o bajo desarrollo
G5IEN4ASKV,2021-02-02 13:32:00,2021-02-02 13:53:00,Comercio detallista,Muebles / Decoración,Bogotá  D.C.,1,8768000,5004000,3,3.0,9,3,2021-05-01,2,3.0,0,5,3,5,4.333333333333333,Estándar
G5VCV8AR5V,2021-03-08 15:43:00,2021-03-08 15:55:00,Comercio detallista,Ropa / Accesorios,Bogotá  D.C.,1,1092000,444000,2,2.0,10,3,2021-05-01,3,3.3333333333333335,0,3,3,5,3.6666666666666665,Estándar
G6R4ND7X8B,2021-03-08 14:32:00,2021-03-08 14:41:00,Servicios,Otro,Bogotá  D.C.,1,7000,0,2,2.0,3,1,2021-03-01,0,3.0,2,1,1,3,1.6666666666666667,Estándar
G737J22K0J,2021-03-19 13:27:00,2021-03-19 13:38:00,Belleza y cuidado personal,Distribuidora,Chía,1,48500,0,2,2.0,2,2,2021-04-01,0,1.0,1,1,1,4,2.0,Nuevos o bajo desarrollo
G7BOB7ZEHG,2021-02-04 11:23:00,2021-02-20 16:13:00,Alimentos y bebidas,Licores,Cúcuta,1,2325960,24000,3,3.0,16,4,2021-05-01,4,4.0,0,3,4,5,4.0,Estándar
G7LQ8S77WE,2021-03-06 08:32:00,2021-03-06 08:48:00,Belleza y cuidado personal,Distribuidora,Bogotá  D.C.,1,486900,0,2,2.0,5,2,2021-05-01,2,2.5,0,2,2,5,3.0,Nuevos o bajo desarrollo
G822CJSJZX,2021-03-19 13:59:00,2021-03-19 17:38:00,Comercio detallista,Tienda de deportes,Villa de San Diego de Ubate,1,3733900,205000,2,2.0,19,3,2021-05-01,10,6.333333333333333,0,4,4,5,4.333333333333333,Alto valor
G858XO8SKC,2021-02-22 17:51:00,2021-02-24 14:46:00,Alimentos y bebidas,Restaurante / Café,Zipaquirá,1,4935100,382800,3,3.0,149,4,2021-05-01,62,37.25,0,4,5,5,4.666666666666667,Alto valor
G8EQL5ZPM6,2021-03-15 07:57:00,2021-03-15 08:14:00,Servicios,Diseño / Fotografía,Bogotá  D.C.,1,212000,0,2,2.0,7,2,2021-05-01,1,3.5,0,2,2,5,3.0,Nuevos o bajo desarrollo
G8EY07DH65,2021-03-15 15:30:00,2021-03-15 15:43:00,Comercio detallista,Muebles / Decoración,Soacha,1,5100000,0,2,2.0,7,3,2021-05-01,2,2.3333333333333335,0,4,2,5,3.6666666666666665,Estándar
G8TB2Q7W39,2021-03-06 13:49:00,2021-03-06 14:11:00,Alimentos y bebidas,Restaurante / Café,Bogotá  D.C.,1,1915265,687585,2,2.0,17,3,2021-05-01,9,5.666666666666667,0,3,4,5,4.0,Estándar
G8X8OEU1T6,2021-03-09 08:32:00,2021-03-20 21:06:00,Alimentos y bebidas,Bar / Club / Discoteca,Bogotá  D.C.,1,4341000,300500,2,2.0,38,3,2021-05-01,28,12.666666666666666,0,4,5,5,4.666666666666667,Alto valor
G9ICNAON6S,2021-03-12 13:28:00,2021-03-12 13:38:00,Comercio detallista,Tecnología,Bogotá  D.C.,1,695000,0,2,2.0,5,2,2021-05-01,3,2.5,0,2,2,5,3.0,Nuevos o bajo desarrollo
GBKJRFA9GA,2021-01-18 17:07:00,2021-01-18 18:52:00,Servicios,Carpintería,Bogotá  D.C.,1,5233000,0,4,4.0,5,3,2021-05-01,1,1.6666666666666667,0,4,2,5,3.6666666666666665,Estándar
GC69XS8G7O,2021-03-24 14:14:00,2021-03-24 14:22:00,Alimentos y bebidas,Restaurante / Café,Cajicá,1,1321000,408000,2,2.0,34,3,2021-05-01,13,11.333333333333334,0,3,5,5,4.333333333333333,Estándar
GCJ0YNEHWC,2021-01-05 14:12:00,2021-01-05 14:25:00,Comercio detallista,Óptica,Bogotá  D.C.,1,6504000,1500000,4,4.0,20,5,2021-05-01,5,4.0,0,5,4,5,4.666666666666667,Alto valor
GD041IMJPO,2020-12-26 09:27:00,2020-12-26 09:56:00,Belleza y cuidado personal,Spa,Pereira,1,1731000,60000,5,5.0,42,6,2021-05-01,3,7.0,0,3,5,5,4.333333333333333,Estándar
GDIXTK157P,2021-03-26 11:32:00,2021-03-26 11:41:00,Alimentos y bebidas,Comida rápida,Sibaté,1,976650,84950,2,2.0,17,3,2021-05-01,6,5.666666666666667,0,2,4,5,3.6666666666666665,Estándar
GEP4V08P37,2021-03-15 15:09:00,2021-03-15 15:21:00,Comercio detallista,Ropa / Accesorios,Bogotá  D.C.,1,15406500,3055000,2,2.0,56,3,2021-05-01,28,18.666666666666668,0,5,5,5,5.0,Alto valor
GF1NR1ZF4E,2021-03-05 15:42:00,2021-03-05 15:55:00,Comercio detallista,Óptica,Bogotá  D.C.,1,11034000,1380000,2,2.0,21,3,2021-05-01,5,7.0,0,5,4,5,4.666666666666667,Alto valor
GHD37A8CA2,2021-03-16 09:30:00,2021-03-16 09:42:00,Alimentos y bebidas,Otro,Soacha,1,1478000,161900,2,2.0,34,3,2021-05-01,17,11.333333333333334,0,3,5,5,4.333333333333333,Estándar
GHG4VUOWS6,2021-01-17 14:27:00,2021-01-25 15:12:00,Comercio detallista,Ropa / Accesorios,Medellín,1,1445000,80000,4,4.0,11,4,2021-05-01,5,2.75,0,3,3,5,3.6666666666666665,Estándar
GHG6FIM7TX,2021-03-09 14:14:00,2021-03-09 14:24:00,Transporte,Servicio especial,Cali,1,13101000,4500000,2,2.0,5,2,2021-05-01,4,2.5,0,5,2,5,4.0,Estándar
GHQ1IFZGA7,2021-02-02 12:02:00,2021-02-02 12:31:00,Servicios,Otro,Bogotá  D.C.,1,2223000,340000,3,3.0,23,4,2021-05-01,7,5.75,0,3,4,5,4.0,Estándar
GILZD9EJ9U,2021-03-09 12:00:00,2021-03-09 12:09:00,Servicios,Tecnología y software,Bogotá  D.C.,1,1904000,100000,2,2.0,7,3,2021-05-01,5,2.3333333333333335,0,3,2,5,3.3333333333333335,Estándar
GIOKELHOIV,2021-02-06 10:51:00,2021-02-06 11:10:00,Comercio detallista,Ropa / Accesorios,Soacha,1,1461000,450000,3,3.0,10,3,2021-05-01,6,3.3333333333333335,0,3,3,5,3.6666666666666665,Estándar
GIWJ54GLB1,2021-03-24 17:46:00,2021-03-24 17:54:00,Comercio detallista,Tecnología,Bogotá  D.C.,1,1035330,32100,2,2.0,10,3,2021-05-01,1,3.3333333333333335,0,3,3,5,3.6666666666666665,Estándar
GJFWM7F9UW,2021-03-10 11:29:00,2021-03-10 11:44:00,Comercio detallista,Tecnología,Bogotá  D.C.,1,605400,0,2,2.0,5,2,2021-04-01,0,2.5,1,2,2,4,2.6666666666666665,Nuevos o bajo desarrollo
GJRT4ZDJ5I,2021-02-20 11:51:00,2021-02-20 12:06:00,Reparación y limpieza,Reparaciones locativas,Soacha,1,10858650,1120000,3,3.0,17,4,2021-05-01,6,4.25,0,5,4,5,4.666666666666667,Alto valor
GJUJ26ZW5G,2021-03-11 14:53:00,2021-03-11 15:11:00,Comercio detallista,Muebles / Decoración,Bogotá  D.C.,1,13347750,2880000,2,2.0,22,3,2021-05-01,6,7.333333333333333,0,5,4,5,4.666666666666667,Alto valor
GK22F2OZ9Y,2021-03-08 17:25:00,2021-03-08 17:44:00,Comercio detallista,Ropa / Accesorios,Bogotá  D.C.,1,530000,50000,2,2.0,7,3,2021-05-01,3,2.3333333333333335,0,2,2,5,3.0,Nuevos o bajo desarrollo
GKPM4WP9DX,2021-03-14 14:21:00,2021-03-14 14:33:00,Comercio detallista,Tecnología,Bogotá  D.C.,1,197000,0,2,2.0,3,3,2021-05-01,1,1.0,0,2,1,5,2.6666666666666665,Nuevos o bajo desarrollo
GKQM97E129,2021-03-18 16:32:00,2021-03-18 16:43:00,Comercio detallista,Tienda de deportes,Girardot,1,15752000,3110000,2,2.0,41,3,2021-05-01,22,13.666666666666666,0,5,5,5,5.0,Alto valor
GKSDQHFHD7,2021-02-24 12:45:00,2021-02-24 12:55:00,Comercio detallista,Otro,Bogotá  D.C.,1,21566800,4807000,3,3.0,61,4,2021-05-01,15,15.25,0,5,5,5,5.0,Alto valor
GKSL1LJPVC,2021-03-18 17:29:00,2021-03-18 17:38:00,Belleza y cuidado personal,Salón de belleza,Girardot,1,423000,146000,2,2.0,14,3,2021-05-01,5,4.666666666666667,0,2,3,5,3.3333333333333335,Estándar
GLD6GVKG5Q,2021-03-08 13:24:00,2021-03-08 13:48:00,Servicios,Otro,Bogotá  D.C.,1,1077000,0,2,2.0,3,2,2021-05-01,2,1.5,0,3,1,5,3.0,Estándar
GM6QVXS6IA,2021-02-15 13:14:00,2021-02-15 13:24:00,Comercio detallista,Óptica,Bogotá  D.C.,1,558000,0,3,3.0,6,2,2021-03-01,0,3.0,2,2,2,3,2.3333333333333335,Estándar
GMFCJGOQ5P,2021-03-12 12:09:00,2021-03-12 12:24:00,Comercio detallista,Ropa / Accesorios,Soacha,1,7383000,2320000,2,2.0,27,3,2021-05-01,15,9.0,0,5,4,5,4.666666666666667,Alto valor
GMG6I43FFD,2021-03-23 16:36:00,2021-03-23 18:26:00,Alimentos y bebidas,Restaurante / Café,Bogotá  D.C.,1,9435165,2472500,2,2.0,192,3,2021-05-01,119,64.0,0,5,5,5,5.0,Alto valor
GMM7NAAMA4,2021-03-09 17:58:00,2021-03-09 18:09:00,Comercio detallista,Otro,Bogotá  D.C.,1,1526657,0,2,2.0,8,3,2021-05-01,5,2.6666666666666665,0,3,3,5,3.6666666666666665,Estándar
GMSTODDB9K,2021-02-05 16:58:00,2021-02-05 17:10:00,Servicios,Medicina / Odontología,Soacha,1,2704000,870000,3,3.0,16,4,2021-05-01,3,4.0,0,4,4,5,4.333333333333333,Alto valor
GMUDSOM20R,2021-03-14 10:06:00,2021-03-14 10:19:00,Alimentos y bebidas,Comida rápida,Bogotá  D.C.,1,2000,0,2,2.0,1,1,2021-03-01,0,1.0,2,1,1,3,1.6666666666666667,Estándar
GMZSGY47A5,2021-03-11 11:44:00,2021-03-11 11:55:00,Comercio detallista,Ropa / Accesorios,Bogotá  D.C.,1,102000,0,2,2.0,2,1,2021-03-01,0,2.0,2,1,1,3,1.6666666666666667,Estándar
GOQF6P1RZ8,2021-02-12 14:03:00,2021-02-12 14:15:00,Alimentos y bebidas,Restaurante / Café,Bogotá  D.C.,1,765000,121000,3,3.0,28,4,2021-05-01,3,7.0,0,2,4,5,3.6666666666666665,Estándar
GP4H4QAIAF,2021-03-24 16:45:00,2021-03-24 17:03:00,Belleza y cuidado personal,Otro,Cajicá,1,882800,200600,2,2.0,19,3,2021-05-01,9,6.333333333333333,0,2,4,5,3.6666666666666665,Estándar
GPEGEY7BX3,2021-03-19 12:54:00,,Alimentos y bebidas,Comida rápida,Bogotá  D.C.,1,0,0,2,,1,1,2021-03-01,0,1.0,2,1,1,3,1.6666666666666667,Estándar
GQ9MRX3QVD,2021-03-19 17:40:00,2021-03-19 17:55:00,Comercio detallista,Auto partes,Bogotá  D.C.,1,160000,74000,2,2.0,7,3,2021-05-01,3,2.3333333333333335,0,1,2,5,2.6666666666666665,Nuevos o bajo desarrollo
GQJRURRJ2Q,2021-03-18 16:16:00,2021-03-18 16:33:00,Alimentos y bebidas,Restaurante / Café,Bogotá  D.C.,1,1867000,575000,2,2.0,39,3,2021-05-01,18,13.0,0,3,5,5,4.333333333333333,Estándar
GQM6OJTQRL,2021-03-17 11:54:00,2021-03-17 12:06:00,Comercio detallista,Tecnología,Cota,1,199500,0,2,2.0,3,1,2021-03-01,0,3.0,2,2,1,3,2.0,Estándar
GR1K4689L0,2021-03-17 09:56:00,2021-03-17 10:31:00,Reparación y limpieza,Reparaciones locativas,Bogotá  D.C.,1,1602060,1600000,2,2.0,1,1,2021-03-01,0,1.0,2,3,1,3,2.3333333333333335,Estándar
GRV74YVKRG,2021-03-18 14:13:00,2021-03-18 14:23:00,Comercio detallista,Ropa / Accesorios,Bogotá  D.C.,1,2968700,523800,2,2.0,27,3,2021-05-01,17,9.0,0,4,4,5,4.333333333333333,Alto valor
GT1UG6IZ89,2021-03-04 07:20:00,2021-03-04 07:32:00,Transporte,Servicio especial,Cali,1,6241000,30000,2,2.0,37,3,2021-05-01,9,12.333333333333334,0,5,5,5,5.0,Alto valor
GTFOQEI03L,2021-02-15 18:32:00,2021-02-28 02:08:00,Alimentos y bebidas,Bar / Club / Discoteca,Medellín,1,4075000,0,3,3.0,6,1,2021-02-01,0,6.0,3,4,2,2,2.6666666666666665,Estándar
GU41PFEEJT,2021-02-06 15:55:00,2021-02-06 16:07:00,Comercio detallista,Insumos,Bogotá  D.C.,1,1214000,1200000,3,3.0,3,2,2021-05-01,1,1.5,0,3,1,5,3.0,Estándar
GUBR3VGWT7,2021-02-26 15:48:00,2021-02-26 16:00:00,Comercio detallista,Elementos de seguridad,Bogotá  D.C.,1,7900000,1430000,3,3.0,17,4,2021-05-01,8,4.25,0,5,4,5,4.666666666666667,Alto valor
GUENFC64SG,2021-03-26 14:34:00,2021-03-26 14:45:00,Comercio detallista,Libros / Papelería,Bogotá  D.C.,1,2570950,654900,2,2.0,20,3,2021-05-01,13,6.666666666666667,0,4,4,5,4.333333333333333,Alto valor
GUU22FSGZV,2021-02-08 10:04:00,2021-02-13 17:27:00,Comercio detallista,Óptica,Bogotá  D.C.,2,5036000,155000,3,3.0,17,4,2021-05-01,3,4.25,0,4,4,5,4.333333333333333,Alto valor
GV4SZK04GY,2021-02-11 14:59:00,2021-02-14 17:24:00,Alimentos y bebidas,Repostería / Panadería,Bogotá  D.C.,1,2548300,328500,3,3.0,126,4,2021-05-01,44,31.5,0,4,5,5,4.666666666666667,Alto valor
GVI5P3YHQN,2021-03-10 15:47:00,2021-03-10 16:06:00,Reparación y limpieza,Moda / Zapatería,Bogotá  D.C.,1,4000,0,2,2.0,2,1,2021-03-01,0,2.0,2,1,1,3,1.6666666666666667,Estándar
GWFOVAH5BW,2021-03-09 12:47:00,2021-03-09 13:02:00,Comercio detallista,Óptica,Bogotá  D.C.,1,451000,200000,2,2.0,3,2,2021-04-01,0,1.5,1,2,1,4,2.3333333333333335,Nuevos o bajo desarrollo
GWGMVNOIZ8,2021-02-04 17:32:00,2021-02-04 17:39:00,Comercio detallista,Óptica,Bogotá  D.C.,1,2000,0,3,3.0,1,1,2021-02-01,0,1.0,3,1,1,2,1.3333333333333333,Baja actividad
GWKC1583G2,2021-03-16 11:52:00,2021-03-16 12:07:00,Belleza y cuidado personal,Distribuidora,Bogotá  D.C.,1,257000,0,2,2.0,2,2,2021-04-01,0,1.0,1,2,1,4,2.3333333333333335,Nuevos o bajo desarrollo
GXBX52P8M5,2021-03-03 12:38:00,2021-03-03 12:48:00,Comercio detallista,Otro,Bogotá  D.C.,1,4513870,669000,2,2.0,17,3,2021-05-01,6,5.666666666666667,0,4,4,5,4.333333333333333,Alto valor
GY22CAR5ZU,2021-03-11 13:35:00,2021-03-11 13:49:00,Comercio detallista,Otro,Bogotá  D.C.,1,8060000,1292000,2,2.0,35,3,2021-05-01,13,11.666666666666666,0,5,5,5,5.0,Alto valor
GYA3N8LHZH,2021-02-24 16:01:00,2021-02-24 16:17:00,Servicios,Otro,Bogotá  D.C.,1,1877000,235000,3,3.0,5,3,2021-05-01,3,1.6666666666666667,0,3,2,5,3.3333333333333335,Estándar
GZHIG48X2X,2021-02-16 14:02:00,2021-02-16 14:15:00,Belleza y cuidado personal,Distribuidora,Soacha,1,2881900,566400,3,3.0,46,4,2021-05-01,11,11.5,0,4,5,5,4.666666666666667,Alto valor
GZOJ20HLAC,2021-03-08 13:22:00,2021-03-08 13:36:00,Servicios,Medicina / Odontología,Bogotá  D.C.,1,3615500,597500,2,2.0,14,3,2021-05-01,1,4.666666666666667,0,4,3,5,4.0,Estándar
H0WD2LRW9T,2021-02-22 14:03:00,2021-02-22 14:18:00,Comercio detallista,Ropa / Accesorios,Bogotá  D.C.,1,7201520,1895000,3,3.0,19,4,2021-05-01,7,4.75,0,5,4,5,4.666666666666667,Alto valor
H1DACLN48E,2020-12-11 14:34:00,2020-12-11 14:46:00,Servicios,Medicina / Odontología,Bogotá  D.C.,1,17274415,542645,5,5.0,100,6,2021-05-01,8,16.666666666666668,0,5,5,5,5.0,Alto valor
H1LGHS0CWN,2021-03-29 15:17:00,2021-03-29 15:29:00,Servicios,Diseño / Fotografía,Bogotá  D.C.,1,14000,0,2,2.0,2,2,2021-04-01,0,1.0,1,1,1,4,2.0,Nuevos o bajo desarrollo
H1LPY12BJR,2021-03-09 16:41:00,2021-03-09 16:56:00,Servicios,Otro,Bogotá  D.C.,1,1884000,492000,2,2.0,24,3,2021-05-01,7,8.0,0,3,4,5,4.0,Estándar
H1QHUT37HH,2021-03-18 14:58:00,2021-03-18 15:11:00,Comercio detallista,Venta de bicicletas y accesorios,Bogotá  D.C.,1,1000,0,2,2.0,1,1,2021-03-01,0,1.0,2,1,1,3,1.6666666666666667,Estándar
H2566LYR3K,2020-12-20 11:53:00,2020-12-20 12:07:00,Comercio detallista,Ropa / Accesorios,Bogotá  D.C.,1,3734900,0,5,5.0,29,5,2021-04-01,0,5.8,1,4,4,4,4.0,Alto valor
H2FLQ2PVRM,2021-02-23 19:40:00,2021-02-23 19:47:00,Comercio detallista,Electrodomésticos,Bogotá  D.C.,1,2000,0,3,3.0,3,2,2021-03-01,0,1.5,2,1,1,3,1.6666666666666667,Estándar
H31AYY9IIV,2021-03-19 11:44:00,2021-03-19 11:54:00,Reparación y limpieza,Automotriz y autopartes,Cali,1,4525000,680000,2,2.0,17,3,2021-05-01,7,5.666666666666667,0,4,4,5,4.333333333333333,Alto valor
H479Q8KS25,2021-03-23 19:18:00,2021-03-23 19:25:00,Turismo y entretenimiento,Eventos / Festivales,Cajicá,1,71400,0,2,2.0,5,3,2021-05-01,1,1.6666666666666667,0,1,2,5,2.6666666666666665,Nuevos o bajo desarrollo
H48W2VWKQD,2021-03-08 15:54:00,2021-03-08 16:00:00,Servicios,Otro,Bogotá  D.C.,1,4007000,192000,2,2.0,30,3,2021-05-01,9,10.0,0,4,5,5,4.666666666666667,Alto valor
H4Q7FPNBNY,2021-02-12 13:18:00,2021-02-12 16:18:00,Alimentos y bebidas,Licores,Bogotá  D.C.,1,15734800,1759700,3,3.0,39,3,2021-05-01,19,13.0,0,5,5,5,5.0,Alto valor
H5W393LR81,2021-02-21 10:16:00,2021-02-21 10:24:00,Transporte,Taxi,Cali,1,1000,0,3,3.0,1,1,2021-02-01,0,1.0,3,1,1,2,1.3333333333333333,Baja actividad
H6INB91Y0C,2021-02-15 15:51:00,2021-02-15 16:03:00,Comercio detallista,Materiales de construcción,Bogotá  D.C.,1,8509435,222000,3,3.0,15,4,2021-05-01,4,3.75,0,5,4,5,4.666666666666667,Alto valor
H7RX6QQX50,2021-03-10 16:26:00,2021-03-10 16:35:00,Comercio detallista,Otro,Fusagasugá,1,257000,0,2,2.0,3,2,2021-04-01,0,1.5,1,2,1,4,2.3333333333333335,Nuevos o bajo desarrollo
H7WJQ6P8NP,2021-03-23 11:57:00,2021-03-23 12:22:00,Comercio detallista,Tecnología,Bogotá  D.C.,1,89000,0,2,2.0,4,3,2021-05-01,1,1.3333333333333333,0,1,2,5,2.6666666666666665,Nuevos o bajo desarrollo
H82UVARGMB,2021-03-26 16:24:00,2021-03-26 16:42:00,Alimentos y bebidas,Restaurante / Café,Bogotá  D.C.,1,1000,0,2,2.0,1,1,2021-03-01,0,1.0,2,1,1,3,1.6666666666666667,Estándar
H8C6CF4PWB,2021-02-11 13:13:00,2021-02-11 13:23:00,Comercio detallista,Ropa / Accesorios,Soacha,1,8886200,1614500,3,3.0,103,4,2021-05-01,47,25.75,0,5,5,5,5.0,Alto valor
H8KHKYKBF2,2021-03-06 18:32:00,2021-03-06 18:45:00,Comercio detallista,Tecnología,Bogotá  D.C.,1,1056700,110200,2,2.0,19,3,2021-05-01,9,6.333333333333333,0,3,4,5,4.0,Estándar
H8MCDS6T0A,2021-03-11 14:01:00,2021-03-11 14:09:00,Comercio detallista,Óptica,Bogotá  D.C.,1,1713000,400000,2,2.0,7,3,2021-05-01,1,2.3333333333333335,0,3,2,5,3.3333333333333335,Estándar
H8MMIR0P9N,2021-03-09 10:29:00,2021-03-09 10:51:00,Comercio detallista,Óptica,Bogotá  D.C.,1,88000,0,2,2.0,2,1,2021-03-01,0,2.0,2,1,1,3,1.6666666666666667,Estándar
H94V7PP1W2,2021-03-06 12:21:00,2021-03-06 12:36:00,Comercio detallista,Auto partes,Bogotá  D.C.,1,506200,42000,2,2.0,8,2,2021-05-01,3,4.0,0,2,3,5,3.3333333333333335,Estándar
H9C68PLPLU,2021-02-11 12:51:00,2021-02-11 13:04:00,Comercio detallista,Ropa / Accesorios,Bogotá  D.C.,1,2186000,510000,3,3.0,27,4,2021-05-01,8,6.75,0,3,4,5,4.0,Estándar
H9WCAB13MI,2021-02-26 17:18:00,2021-02-26 17:38:00,Servicios,Otro,Bogotá  D.C.,1,9686600,2003600,3,3.0,9,3,2021-04-01,0,3.0,1,5,3,4,4.0,Estándar
HA63CG2U5G,2021-03-11 13:18:00,2021-03-11 13:32:00,Comercio detallista,Venta de bicicletas y accesorios,Bogotá  D.C.,1,1514500,0,2,2.0,12,3,2021-05-01,2,4.0,0,3,3,5,3.6666666666666665,Estándar
HAKPE76DEQ,2021-03-24 16:47:00,2021-03-24 16:58:00,Comercio detallista,Insumos,Bogotá  D.C.,1,461750,300000,2,2.0,4,3,2021-05-01,1,1.3333333333333333,0,2,2,5,3.0,Nuevos o bajo desarrollo
HAMCKB196C,2021-03-18 11:01:00,2021-03-18 11:16:00,Comercio detallista,Elementos del hogar,Bogotá  D.C.,1,2713000,285000,2,2.0,27,3,2021-05-01,9,9.0,0,4,4,5,4.333333333333333,Alto valor
HAQAPS8CAZ,2021-03-09 17:17:00,2021-03-09 17:31:00,Comercio detallista,Muebles / Decoración,Bogotá  D.C.,1,2139500,517500,2,2.0,5,2,2021-05-01,1,2.5,0,3,2,5,3.3333333333333335,Estándar
HAS890D6AF,2021-03-24 12:09:00,2021-03-24 12:20:00,Comercio detallista,Óptica,Bogotá  D.C.,1,3267300,1287200,2,2.0,10,3,2021-05-01,4,3.3333333333333335,0,4,3,5,4.0,Estándar
HBB87EEZ6I,2021-03-24 09:22:00,2021-03-24 09:38:00,Transporte,Servicio especial,Bogotá  D.C.,1,27000,0,2,2.0,2,2,2021-04-01,0,1.0,1,1,1,4,2.0,Nuevos o bajo desarrollo
HBM6EWDP4O,2021-03-10 11:31:00,2021-03-10 11:45:00,Belleza y cuidado personal,Distribuidora,Fusagasugá,1,363500,0,2,2.0,2,1,2021-03-01,0,2.0,2,2,1,3,2.0,Estándar
HBWSDZ2Q2J,2021-03-05 16:30:00,2021-03-05 16:43:00,Alimentos y bebidas,Comida rápida,Fusagasugá,1,2000,0,2,2.0,1,1,2021-03-01,0,1.0,2,1,1,3,1.6666666666666667,Estándar
HBYR7OAAYP,2021-03-25 13:54:00,2021-03-25 14:05:00,Comercio detallista,Otro,Bogotá  D.C.,1,18523000,5957000,2,2.0,27,3,2021-05-01,14,9.0,0,5,4,5,4.666666666666667,Alto valor
HBZBV98N6H,2021-03-18 18:03:00,2021-03-18 18:23:00,Comercio detallista,Elementos de seguridad,Bogotá  D.C.,1,5032100,712600,2,2.0,29,3,2021-05-01,6,9.666666666666666,0,4,4,5,4.333333333333333,Alto valor
HCIZJKZZKQ,2021-03-23 10:18:00,2021-03-23 10:58:00,Servicios,Medicina / Odontología,Bogotá  D.C.,1,485000,0,2,2.0,2,2,2021-04-01,0,1.0,1,2,1,4,2.3333333333333335,Nuevos o bajo desarrollo
HCOJD776WE,2021-03-24 15:30:00,2021-03-24 15:52:00,Alimentos y bebidas,Abarrotes / Mercado,Bogotá  D.C.,1,1699400,367500,2,2.0,34,3,2021-05-01,21,11.333333333333334,0,3,5,5,4.333333333333333,Estándar
HDLZQGFJJ8,2020-12-06 16:17:00,2020-12-06 16:33:00,Servicios,Otro,Bogotá  D.C.,1,132000,0,5,5.0,2,2,2021-05-01,1,1.0,0,1,1,5,2.3333333333333335,Nuevos o bajo desarrollo
HDNH4B5RZC,2021-03-23 11:21:00,2021-03-23 11:32:00,Comercio detallista,Ropa / Accesorios,Bogotá  D.C.,1,3677000,300000,2,2.0,35,3,2021-05-01,22,11.666666666666666,0,4,5,5,4.666666666666667,Alto valor
HDXABWIGWD,2021-03-03 17:48:00,2021-03-03 17:58:00,Comercio detallista,Óptica,Bogotá  D.C.,1,2662000,0,2,2.0,8,2,2021-05-01,2,4.0,0,4,3,5,4.0,Estándar
HECJU9XL88,2020-12-17 13:05:00,2020-12-17 13:20:00,Comercio detallista,Otro,Bogotá  D.C.,1,4938000,820000,5,5.0,39,6,2021-05-01,9,6.5,0,4,5,5,4.666666666666667,Alto valor
HFY280198B,2021-03-31 15:49:00,2021-03-31 16:04:00,Belleza y cuidado personal,Distribuidora,Bogotá  D.C.,1,858400,0,2,2.0,7,3,2021-05-01,5,2.3333333333333335,0,2,2,5,3.0,Nuevos o bajo desarrollo
HGE1ZF5CAU,2021-03-08 16:39:00,2021-03-08 16:52:00,Comercio detallista,Elementos de seguridad,Bogotá  D.C.,1,6000,0,2,2.0,3,1,2021-03-01,0,3.0,2,1,1,3,1.6666666666666667,Estándar
HGOQTSZ383,2021-03-19 12:02:00,2021-03-19 12:18:00,Transporte,Servicio especial,Bogotá  D.C.,1,1022500,0,2,2.0,7,2,2021-04-01,0,3.5,1,3,2,4,3.0,Estándar
HHIJHP4451,2021-02-04 11:08:00,2021-02-17 16:25:00,Comercio detallista,Auto partes,Bucaramanga,1,1425000,0,3,3.0,1,1,2021-02-01,0,1.0,3,3,1,2,2.0,Estándar
HIHHVO2N0F,2021-02-23 16:07:00,2021-02-23 16:20:00,Comercio detallista,Venta de bicicletas y accesorios,Bogotá  D.C.,1,4000,0,3,3.0,2,1,2021-02-01,0,2.0,3,1,1,2,1.3333333333333333,Baja actividad
HIJMYXF6QM,2021-02-09 13:15:00,2021-02-09 13:34:00,Alimentos y bebidas,Comida rápida,Bogotá  D.C.,1,559400,218700,3,3.0,12,3,2021-05-01,1,4.0,0,2,3,5,3.3333333333333335,Estándar
HIKGX7DMSO,2021-01-22 10:29:00,2021-01-22 10:43:00,Comercio detallista,Mascotas,Bogotá  D.C.,1,607900,47000,4,4.0,17,4,2021-04-01,0,4.25,1,2,4,4,3.3333333333333335,Estándar
HJCH4PGO3G,2021-03-03 18:39:00,2021-03-03 18:50:00,Comercio detallista,Óptica,Bogotá  D.C.,1,3334000,0,2,2.0,9,2,2021-04-01,0,4.5,1,4,3,4,3.6666666666666665,Estándar
HJNHZQ1015,2021-02-22 16:57:00,2021-02-22 17:14:00,Comercio detallista,Elementos de seguridad,Bogotá  D.C.,1,13658800,2936000,3,3.0,54,4,2021-05-01,14,13.5,0,5,5,5,5.0,Alto valor
HJSKT043XM,2021-02-15 14:03:00,2021-02-15 14:34:00,Comercio detallista,Óptica,Bogotá  D.C.,1,1404000,580000,3,3.0,6,3,2021-05-01,2,2.0,0,3,2,5,3.3333333333333335,Estándar
HLLHE9J7GX,2021-01-22 12:11:00,2021-01-22 12:22:00,Comercio detallista,Tecnología,Bogotá  D.C.,1,214000,0,4,4.0,3,2,2021-02-01,0,1.5,3,2,1,2,1.6666666666666667,Baja actividad
HLQXUYLL2W,2021-03-19 16:21:00,2021-03-19 16:30:00,Comercio detallista,Óptica,Villapinzón,1,494000,0,2,2.0,4,2,2021-04-01,0,2.0,1,2,2,4,2.6666666666666665,Nuevos o bajo desarrollo
HMKCWB5RAB,2021-02-09 09:33:00,2021-02-10 10:47:00,Comercio detallista,Tienda naturista,Cali,1,16775700,3712800,3,3.0,65,4,2021-05-01,19,16.25,0,5,5,5,5.0,Alto valor
HMO95G712J,2021-03-12 16:23:00,2021-03-12 16:33:00,Comercio detallista,Materiales de construcción,Bogotá  D.C.,1,2000,0,2,2.0,1,1,2021-03-01,0,1.0,2,1,1,3,1.6666666666666667,Estándar
HOBYR23RY1,2021-03-02 10:07:00,2021-03-02 21:28:00,Alimentos y bebidas,Restaurante / Café,Nemocón,1,10913000,1849000,2,2.0,87,3,2021-05-01,29,29.0,0,5,5,5,5.0,Alto valor
HOLTC0A1DF,2021-03-24 09:47:00,2021-03-24 09:57:00,Servicios,Medicina / Odontología,Bogotá  D.C.,1,2000,0,2,2.0,1,1,2021-03-01,0,1.0,2,1,1,3,1.6666666666666667,Estándar
HOYFGHMBCO,2021-03-25 10:15:00,2021-03-25 10:46:00,Comercio detallista,Óptica,Bogotá  D.C.,1,2293000,743000,2,2.0,10,3,2021-05-01,3,3.3333333333333335,0,3,3,5,3.6666666666666665,Estándar
HP35FNIOZD,2021-03-15 19:50:00,2021-03-15 20:11:00,Comercio detallista,Auto partes,Cali,1,721459,0,2,2.0,14,2,2021-04-01,0,7.0,1,2,3,4,3.0,Estándar
HPDGBUZVPQ,2021-03-29 12:10:00,2021-03-29 12:29:00,Comercio detallista,Tecnología,Bogotá  D.C.,1,3476000,1570000,2,2.0,4,2,2021-05-01,3,2.0,0,4,2,5,3.6666666666666665,Estándar
HQ4K6MYSNL,2020-12-17 13:11:00,2020-12-17 13:38:00,Comercio detallista,Artesanías,Nuquí,1,2000,0,5,5.0,1,1,2020-12-01,0,1.0,5,1,1,1,1.0,Baja actividad
HQWXQE3WZ4,2021-03-27 13:23:00,2021-03-27 13:42:00,Comercio detallista,Tecnología,Bogotá  D.C.,1,107060,0,2,2.0,2,2,2021-04-01,0,1.0,1,1,1,4,2.0,Nuevos o bajo desarrollo
HRNWSEBPDB,2021-01-25 16:03:00,2021-01-25 16:20:00,Comercio detallista,Óptica,Bogotá  D.C.,1,4732000,710000,4,4.0,14,4,2021-05-01,4,3.5,0,4,3,5,4.0,Estándar
HRW0HSBGZL,2021-03-02 18:13:00,2021-03-02 18:24:00,Comercio detallista,Venta de vehículos usados,Bogotá  D.C.,1,93000,0,2,2.0,3,2,2021-04-01,0,1.5,1,1,1,4,2.0,Nuevos o bajo desarrollo
HSBGLHAGH5,2021-03-26 09:33:00,2021-03-26 09:48:00,Educación,Otro,Bogotá  D.C.,1,1451825,477225,2,2.0,10,3,2021-05-01,6,3.3333333333333335,0,3,3,5,3.6666666666666665,Estándar
HSCA5ZMD0S,2021-03-06 16:36:00,2021-03-06 16:46:00,Servicios,Tecnología y software,Cartagena de Indias,1,1302000,0,2,2.0,4,2,2021-04-01,0,2.0,1,3,2,4,3.0,Estándar
HSGWJ6JWHQ,2021-03-11 15:13:00,2021-03-11 15:24:00,Turismo y entretenimiento,Entretenimiento,Bogotá  D.C.,1,3092000,480000,2,2.0,17,3,2021-05-01,4,5.666666666666667,0,4,4,5,4.333333333333333,Alto valor
HSQK3AGU81,2021-03-15 18:06:00,2021-03-15 18:20:00,Belleza y cuidado personal,Distribuidora,Bogotá  D.C.,1,2000,0,2,2.0,1,1,2021-03-01,0,1.0,2,1,1,3,1.6666666666666667,Estándar
HSYYBFZ0MS,2021-03-23 12:12:00,2021-03-23 12:20:00,Comercio detallista,Materiales de construcción,Bogotá  D.C.,1,6106194,310300,2,2.0,20,3,2021-05-01,5,6.666666666666667,0,4,4,5,4.333333333333333,Alto valor
HT814H4MP5,2021-03-24 10:48:00,2021-03-24 11:12:00,Servicios,Otro,Bogotá  D.C.,1,2901100,556600,2,2.0,18,3,2021-05-01,10,6.0,0,4,4,5,4.333333333333333,Alto valor
HTCQJJWYDW,2020-12-17 12:55:00,2020-12-17 13:14:00,Comercio detallista,Otro,Bogotá  D.C.,1,5550200,0,5,5.0,62,5,2021-05-01,3,12.4,0,4,5,5,4.666666666666667,Alto valor
HTF8SN9O7L,2021-03-08 13:08:00,2021-03-08 13:31:00,Reparación y limpieza,Automotriz y autopartes,Bogotá  D.C.,1,252000,0,2,2.0,2,1,2021-03-01,0,2.0,2,2,1,3,2.0,Estándar
HU0UBZP618,2021-02-03 16:29:00,2021-02-03 16:39:00,Comercio detallista,Auto partes,Bogotá  D.C.,1,5787500,3881000,3,3.0,14,3,2021-05-01,9,4.666666666666667,0,4,3,5,4.0,Estándar
HU1ILS4JRE,2020-12-23 19:45:00,2020-12-23 19:53:00,Servicios,Veterinaria,Bogotá  D.C.,1,16076020,1342000,5,5.0,184,6,2021-05-01,27,30.666666666666668,0,5,5,5,5.0,Alto valor
HV5AQ6MPPI,2021-03-30 17:38:00,2021-03-30 17:48:00,Servicios,Otro,Bogotá  D.C.,1,762600,0,2,2.0,3,2,2021-04-01,0,1.5,1,2,1,4,2.3333333333333335,Nuevos o bajo desarrollo
HVITWVW9WR,2021-03-11 12:41:00,2021-03-24 12:44:00,Comercio detallista,Ropa / Accesorios,Bogotá  D.C.,1,431000,430000,2,2.0,2,2,2021-05-01,1,1.0,0,2,1,5,2.6666666666666665,Nuevos o bajo desarrollo
HVJUSRVV0L,2021-02-22 16:00:00,2021-02-22 16:15:00,Comercio detallista,Elementos de seguridad,Bogotá  D.C.,1,1799000,485000,3,3.0,12,4,2021-05-01,3,3.0,0,3,3,5,3.6666666666666665,Estándar
HVOSDSXBSF,2021-02-16 14:14:00,2021-02-16 14:25:00,Alimentos y bebidas,Abarrotes / Mercado,Bogotá  D.C.,2,301050,0,3,3.0,21,2,2021-03-01,0,10.5,2,2,4,3,3.0,Estándar
HVWU0XSHUW,2021-03-12 15:07:00,2021-03-12 15:20:00,Comercio detallista,Ropa / Accesorios,Bogotá  D.C.,1,2133000,40000,2,2.0,14,2,2021-05-01,5,7.0,0,3,3,5,3.6666666666666665,Estándar
HW22Q1UK3K,2021-03-11 13:28:00,2021-03-11 13:37:00,Comercio detallista,Tecnología,Bogotá  D.C.,1,10250000,2581000,2,2.0,15,3,2021-05-01,2,5.0,0,5,4,5,4.666666666666667,Alto valor
HWF1ASSNE8,2021-01-25 14:58:00,2021-01-25 15:06:00,Comercio detallista,Óptica,Bogotá  D.C.,1,636700,516000,4,4.0,6,3,2021-03-01,0,2.0,2,2,2,3,2.3333333333333335,Estándar
HWHW7PRC54,2021-01-30 10:29:00,2021-01-30 10:39:00,Servicios,Otro,Bogotá  D.C.,1,982000,0,4,4.0,2,2,2021-02-01,0,1.0,3,3,1,2,2.0,Estándar
HXH54F6U4I,2021-03-03 17:21:00,2021-03-03 17:32:00,Comercio detallista,Elementos de seguridad,Bogotá  D.C.,1,3253000,330000,2,2.0,12,2,2021-05-01,2,6.0,0,4,3,5,4.0,Estándar
HXI0IIR4FH,2021-03-19 14:43:00,2021-03-19 14:54:00,Servicios,Veterinaria,Bogotá  D.C.,1,3034600,0,2,2.0,41,3,2021-05-01,12,13.666666666666666,0,4,5,5,4.666666666666667,Alto valor
HY5CY95C58,2021-02-28 12:11:00,2021-02-28 12:23:00,Belleza y cuidado personal,Salón de belleza,Bogotá  D.C.,1,252000,0,3,3.0,8,4,2021-05-01,3,2.0,0,2,3,5,3.3333333333333335,Estándar
HYE8AWJPKY,2021-03-24 17:21:00,2021-03-24 17:39:00,Alimentos y bebidas,Comida rápida,Bogotá  D.C.,1,11127100,1111300,2,2.0,358,3,2021-05-01,185,119.33333333333333,0,5,5,5,5.0,Alto valor
HYI51UM0Q0,2021-03-30 11:13:00,2021-03-30 11:36:00,Alimentos y bebidas,Comida rápida,Bogotá  D.C.,1,3807100,758400,2,2.0,163,3,2021-05-01,99,54.333333333333336,0,4,5,5,4.666666666666667,Alto valor
HYVYRLM6N2,2021-01-21 12:33:00,2021-01-21 13:00:00,Reparación y limpieza,Automotriz y autopartes,Bogotá  D.C.,1,11258365,486000,4,4.0,70,5,2021-05-01,3,14.0,0,5,5,5,5.0,Alto valor
HYXD3E3XZA,2021-02-06 15:54:00,2021-02-08 13:15:00,Comercio detallista,Tienda de deportes,Bogotá  D.C.,1,9520500,0,3,3.0,14,3,2021-05-01,2,4.666666666666667,0,5,3,5,4.333333333333333,Estándar
HYYNP4V5BN,2021-03-06 17:30:00,2021-03-06 17:41:00,Servicios,Medicina / Odontología,Bogotá  D.C.,1,1227600,805600,2,2.0,2,2,2021-05-01,1,1.0,0,3,1,5,3.0,Estándar
HZ8NEPAK16,2021-03-26 10:56:00,2021-03-26 11:10:00,Comercio detallista,Ropa / Accesorios,Fusagasugá,1,15666000,3347900,2,2.0,135,3,2021-05-01,58,45.0,0,5,5,5,5.0,Alto valor
I029NL3QMH,2021-02-18 16:16:00,2021-02-19 10:55:00,Comercio detallista,Tienda de deportes,Bogotá  D.C.,1,21219000,5003000,3,3.0,145,4,2021-05-01,69,36.25,0,5,5,5,5.0,Alto valor
I06KMDOQ4V,2021-03-09 10:50:00,2021-03-09 13:36:00,Comercio detallista,Óptica,Bogotá  D.C.,1,14108550,1266000,2,2.0,49,3,2021-05-01,24,16.333333333333332,0,5,5,5,5.0,Alto valor
I06YDZ157S,2021-03-16 13:05:00,2021-03-16 13:15:00,Comercio detallista,Tecnología,El Rosal,1,947900,177000,2,2.0,8,3,2021-05-01,1,2.6666666666666665,0,2,3,5,3.3333333333333335,Estándar
I0BKZZ2TZ0,2021-03-08 15:33:00,2021-03-08 15:51:00,Belleza y cuidado personal,Distribuidora,Bogotá  D.C.,1,781000,174500,2,2.0,16,3,2021-05-01,8,5.333333333333333,0,2,4,5,3.6666666666666665,Estándar
I0LHWE3MX1,2021-02-09 16:28:00,2021-02-09 16:37:00,Comercio detallista,Muebles / Decoración,Bogotá  D.C.,1,3000,0,3,3.0,2,1,2021-02-01,0,2.0,3,1,1,2,1.3333333333333333,Baja actividad
I0U7Q5C8FH,2021-02-24 14:47:00,2021-02-24 15:00:00,Comercio detallista,Ropa / Accesorios,Bogotá  D.C.,1,6449000,118000,3,3.0,20,4,2021-05-01,4,5.0,0,5,4,5,4.666666666666667,Alto valor
I13A7CA5S8,2021-03-11 20:26:00,2021-05-10 19:48:00,Alimentos y bebidas,Comida rápida,Fomeque,1,3000,0,2,0.0,2,2,2021-05-01,1,1.0,0,1,1,5,2.3333333333333335,Nuevos o bajo desarrollo
I1AEF37MBJ,2021-02-11 13:51:00,2021-02-11 14:01:00,Comercio detallista,Óptica,Bogotá  D.C.,1,1554000,0,3,3.0,7,4,2021-05-01,1,1.75,0,3,2,5,3.3333333333333335,Estándar
I1FR85H2MO,2021-01-22 15:13:00,2021-01-22 15:26:00,Comercio detallista,Otro,Bogotá  D.C.,1,2121947,133107,4,4.0,45,5,2021-05-01,11,9.0,0,3,5,5,4.333333333333333,Estándar
I1HE0BCXFO,2021-03-12 15:43:00,2021-03-12 15:56:00,Comercio detallista,Insumos,Bogotá  D.C.,1,246000,0,2,2.0,2,1,2021-03-01,0,2.0,2,2,1,3,2.0,Estándar
I21QIL3WZV,2021-03-16 12:53:00,2021-03-16 13:15:00,Comercio detallista,Óptica,Bogotá  D.C.,1,663000,0,2,2.0,5,2,2021-04-01,0,2.5,1,2,2,4,2.6666666666666665,Nuevos o bajo desarrollo
I2TRHKQDXO,2021-03-19 16:42:00,2021-03-19 16:51:00,Comercio detallista,Otro,Ibagué,1,462000,0,2,2.0,5,2,2021-05-01,1,2.5,0,2,2,5,3.0,Nuevos o bajo desarrollo
I2WP56YMFF,2021-03-24 13:18:00,2021-03-24 13:29:00,Comercio detallista,Óptica,Cajicá,1,17859000,3800000,2,2.0,51,3,2021-05-01,22,17.0,0,5,5,5,5.0,Alto valor
I41OBTJM9Z,2021-02-05 18:26:00,2021-02-05 18:39:00,Comercio detallista,Óptica,Bogotá  D.C.,1,2000,0,3,3.0,1,1,2021-02-01,0,1.0,3,1,1,2,1.3333333333333333,Baja actividad
I47ZLYL99H,2021-02-05 21:41:00,2021-02-05 22:02:00,Alimentos y bebidas,Comida rápida,Bogotá  D.C.,1,2000,0,3,3.0,1,1,2021-02-01,0,1.0,3,1,1,2,1.3333333333333333,Baja actividad
I4FYQ8ORW4,2021-03-29 15:10:00,2021-03-29 15:30:00,Comercio detallista,Ropa / Accesorios,Bogotá  D.C.,1,4000,0,2,2.0,2,1,2021-03-01,0,2.0,2,1,1,3,1.6666666666666667,Estándar
I4MAQ7P6ZP,2021-03-25 14:37:00,2021-03-26 11:03:00,Servicios,Medicina / Odontología,Bogotá  D.C.,1,2717000,0,2,2.0,18,3,2021-05-01,2,6.0,0,4,4,5,4.333333333333333,Alto valor
I4MKPP8LRB,2021-02-24 13:46:00,2021-02-24 14:11:00,Servicios,Otro,Bogotá  D.C.,1,1514000,248000,3,3.0,7,4,2021-05-01,2,1.75,0,3,2,5,3.3333333333333335,Estándar
I51UATSL7J,2021-02-10 11:27:00,2021-02-10 11:40:00,Reparación y limpieza,Reparaciones locativas,Soacha,1,3140000,1000000,3,3.0,2,2,2021-03-01,0,1.0,2,4,1,3,2.6666666666666665,Estándar
I5JDQ4XNKZ,2021-03-09 12:55:00,2021-03-09 13:27:00,Comercio detallista,Materiales de construcción,Bogotá  D.C.,1,13637300,1132500,2,2.0,19,3,2021-05-01,6,6.333333333333333,0,5,4,5,4.666666666666667,Alto valor
I5JQY4NUEC,2021-03-03 16:33:00,2021-03-03 16:44:00,Servicios,Otro,Soacha,1,396590,394590,2,2.0,1,1,2021-03-01,0,1.0,2,2,1,3,2.0,Estándar
I5QJP7UJIQ,2021-01-18 11:45:00,2021-01-18 11:55:00,Comercio detallista,Ropa / Accesorios,Bogotá  D.C.,1,5695000,1336000,4,4.0,26,5,2021-05-01,3,5.2,0,4,4,5,4.333333333333333,Alto valor
I5XKWE6C8M,2021-03-14 15:02:00,2021-03-14 15:17:00,Comercio detallista,Ropa / Accesorios,Bogotá  D.C.,1,41800,0,2,2.0,2,1,2021-03-01,0,2.0,2,1,1,3,1.6666666666666667,Estándar
I5XVOZFE0R,2021-02-02 15:34:00,2021-02-02 15:50:00,Alimentos y bebidas,Bar / Club / Discoteca,Soacha,1,2969840,801400,3,3.0,39,4,2021-05-01,10,9.75,0,4,5,5,4.666666666666667,Alto valor
I60XH1KL18,2021-03-23 13:35:00,2021-03-23 13:41:00,Comercio detallista,Ropa / Accesorios,Bogotá  D.C.,1,3466000,1138000,2,2.0,33,3,2021-05-01,13,11.0,0,4,5,5,4.666666666666667,Alto valor
I6UNFTD52G,2021-03-16 15:32:00,2021-03-16 15:46:00,Comercio detallista,Venta de bicicletas y accesorios,Bogotá  D.C.,1,8706000,4220000,2,2.0,11,3,2021-05-01,6,3.6666666666666665,0,5,3,5,4.333333333333333,Estándar
I8NP9MIYTI,2021-03-11 14:34:00,2021-03-11 14:52:00,Comercio detallista,Insumos,Bogotá  D.C.,1,5174800,655400,2,2.0,60,3,2021-05-01,28,20.0,0,4,5,5,4.666666666666667,Alto valor
I8YJAXIQFN,2021-03-03 13:37:00,2021-03-03 13:54:00,Belleza y cuidado personal,Centro de tatuajes,Bogotá  D.C.,1,2883700,78000,2,2.0,18,3,2021-05-01,7,6.0,0,4,4,5,4.333333333333333,Alto valor
I94DS4S439,2021-03-29 12:29:00,2021-03-29 13:43:00,Comercio detallista,Ropa / Accesorios,Bogotá  D.C.,1,2447000,437000,2,2.0,16,3,2021-05-01,12,5.333333333333333,0,3,4,5,4.0,Estándar
I9W2UUZQQ3,2021-03-01 12:58:00,2021-03-01 13:22:00,Belleza y cuidado personal,Distribuidora,Bogotá  D.C.,1,4000,0,2,2.0,2,1,2021-03-01,0,2.0,2,1,1,3,1.6666666666666667,Estándar
I9WDEDO31P,2021-03-19 08:53:00,2021-03-19 09:16:00,Comercio detallista,Juguetería / Piñatería,Madrid,1,7989000,1264800,2,2.0,80,3,2021-05-01,38,26.666666666666668,0,5,5,5,5.0,Alto valor
IA03B7X1W7,2020-12-16 17:53:00,2020-12-16 18:10:00,Comercio detallista,Óptica,Bogotá  D.C.,1,238000,0,5,5.0,3,2,2021-01-01,0,1.5,4,2,1,1,1.3333333333333333,Baja actividad
IA8Y2Z4Q3O,2021-02-09 00:13:00,2021-02-09 16:41:00,Servicios,Otro,Bogotá  D.C.,1,2000,0,3,3.0,1,1,2021-02-01,0,1.0,3,1,1,2,1.3333333333333333,Baja actividad
IALSUP65Y6,2021-02-01 18:18:00,2021-02-01 18:28:00,Comercio detallista,Óptica,Soacha,1,5109888,1244000,3,3.0,13,3,2021-05-01,6,4.333333333333333,0,4,3,5,4.0,Estándar
ICEZJ3GYVE,2021-03-17 13:41:00,2021-03-17 13:50:00,Servicios,Veterinaria,Bogotá  D.C.,1,13223870,1938750,2,2.0,64,3,2021-05-01,33,21.333333333333332,0,5,5,5,5.0,Alto valor
ICHCT1VH7E,2021-03-10 13:14:00,2021-03-10 13:27:00,Comercio detallista,Tecnología,Bogotá  D.C.,1,7490000,0,2,2.0,4,3,2021-05-01,1,1.3333333333333333,0,5,2,5,4.0,Estándar
ICMPLJLYQ0,2021-01-30 14:21:00,2021-01-30 14:38:00,Comercio detallista,Elementos del hogar,Bogotá  D.C.,1,13013650,3355200,4,4.0,14,5,2021-05-01,3,2.8,0,5,3,5,4.333333333333333,Estándar
ICTII577VU,2021-03-03 15:12:00,2021-03-03 15:28:00,Comercio detallista,Maquinaria,Bogotá  D.C.,1,1134300,752300,2,2.0,3,2,2021-05-01,1,1.5,0,3,1,5,3.0,Estándar
IEP6EX5JFT,2021-03-05 16:06:00,2021-03-05 16:21:00,Comercio detallista,Mascotas,Bogotá  D.C.,1,12800,0,2,2.0,2,1,2021-03-01,0,2.0,2,1,1,3,1.6666666666666667,Estándar
IES1LWJZXM,2021-03-11 11:58:00,2021-03-11 12:18:00,Servicios,Diseño / Fotografía,Bogotá  D.C.,1,107500,0,2,2.0,7,2,2021-05-01,6,3.5,0,1,2,5,2.6666666666666665,Nuevos o bajo desarrollo
IFEW2GTT4I,2021-03-03 16:26:00,2021-03-03 16:44:00,Servicios,Tecnología y software,Cali,1,1000,0,2,2.0,1,1,2021-03-01,0,1.0,2,1,1,3,1.6666666666666667,Estándar
IFFBVASF3T,2021-02-24 15:22:00,2021-02-24 15:49:00,Comercio detallista,Electrodomésticos,Facatativá,1,899955,0,3,3.0,6,4,2021-05-01,1,1.5,0,2,2,5,3.0,Nuevos o bajo desarrollo
IFRHH1XUVJ,2021-03-19 13:19:00,2021-03-19 13:49:00,Comercio detallista,Joyería,Bogotá  D.C.,1,3132000,420000,2,2.0,5,3,2021-05-01,1,1.6666666666666667,0,4,2,5,3.6666666666666665,Estándar
IFVH0BOIOA,2021-03-08 14:13:00,2021-03-08 14:29:00,Alimentos y bebidas,Restaurante / Café,Bogotá  D.C.,1,4000,0,2,2.0,2,2,2021-05-01,1,1.0,0,1,1,5,2.3333333333333335,Nuevos o bajo desarrollo
IH26IQEVMA,2021-01-04 16:52:00,2021-01-04 17:06:00,Alimentos y bebidas,Restaurante / Café,Bogotá  D.C.,1,12000,0,4,4.0,2,1,2021-01-01,0,2.0,4,1,1,1,1.0,Baja actividad
IH3RPDB0DZ,2021-03-25 11:42:00,2021-03-25 14:44:00,Belleza y cuidado personal,Centro de tatuajes,Bogotá  D.C.,1,2000,0,2,2.0,1,1,2021-03-01,0,1.0,2,1,1,3,1.6666666666666667,Estándar
IHKVRAAXCM,2021-03-09 10:54:00,2021-03-09 11:05:00,Comercio detallista,Revendedor,Bogotá  D.C.,1,1108500,0,2,2.0,7,2,2021-04-01,0,3.5,1,3,2,4,3.0,Estándar
IHMO9VY1LA,2021-03-23 09:49:00,2021-03-23 10:06:00,Turismo y entretenimiento,Agencia de Viajes,Bogotá  D.C.,1,24274000,0,2,2.0,23,2,2021-04-01,0,11.5,1,5,4,4,4.333333333333333,Alto valor
IJJ03BYINX,2021-03-11 15:16:00,2021-03-11 15:23:00,Comercio detallista,Elementos de seguridad,Bogotá  D.C.,1,8284688,3181888,2,2.0,26,3,2021-05-01,13,8.666666666666666,0,5,4,5,4.666666666666667,Alto valor
IKG7J3UC26,2021-03-23 12:12:00,2021-03-23 12:31:00,Comercio detallista,Ropa / Accesorios,Bogotá  D.C.,1,3652000,206000,2,2.0,14,3,2021-05-01,8,4.666666666666667,0,4,3,5,4.0,Estándar
IKP51W5G7O,2021-03-24 17:13:00,2021-03-24 17:21:00,Servicios,Medicina / Odontología,Bogotá  D.C.,1,1615888,554888,2,2.0,6,2,2021-04-01,0,3.0,1,3,2,4,3.0,Estándar
IL1YC2YEAA,2021-02-03 16:08:00,2021-02-03 16:37:00,Comercio detallista,Óptica,Bogotá  D.C.,1,5612000,340000,3,3.0,30,4,2021-05-01,6,7.5,0,4,5,5,4.666666666666667,Alto valor
IL2H1OMJF3,2021-03-23 17:58:00,2021-03-23 18:10:00,Comercio detallista,Ropa / Accesorios,Jamundí,1,4185000,660500,2,2.0,41,3,2021-05-01,24,13.666666666666666,0,4,5,5,4.666666666666667,Alto valor
ILDKP48TO3,2021-03-26 18:46:00,2021-03-26 18:53:00,Alimentos y bebidas,Restaurante / Café,Bogotá  D.C.,1,570700,568700,2,2.0,1,1,2021-03-01,0,1.0,2,2,1,3,2.0,Estándar
IM4OJENR20,2021-01-18 12:57:00,2021-01-18 13:11:00,Belleza y cuidado personal,Salón de belleza,Bogotá  D.C.,1,10122000,1206000,4,4.0,170,5,2021-05-01,29,34.0,0,5,5,5,5.0,Alto valor
IN2EQLOW1U,2021-03-16 11:23:00,2021-03-16 11:34:00,Comercio detallista,Joyería,El Rosal,1,564000,0,2,2.0,11,2,2021-04-01,0,5.5,1,2,3,4,3.0,Estándar
IN82SWD0FF,2021-03-10 14:56:00,2021-03-10 15:16:00,Alimentos y bebidas,Otro,Sibaté,1,329400,0,2,2.0,19,3,2021-05-01,3,6.333333333333333,0,2,4,5,3.6666666666666665,Estándar
IOV1OT47SX,2021-03-18 10:54:00,2021-03-18 11:19:00,Comercio detallista,Ropa / Accesorios,Bogotá  D.C.,1,4177000,1240000,2,2.0,41,3,2021-05-01,16,13.666666666666666,0,4,5,5,4.666666666666667,Alto valor
IPMDI2JW1W,2021-02-24 13:11:00,2021-02-24 13:31:00,Comercio detallista,Óptica,Bogotá  D.C.,1,2000,0,3,3.0,1,1,2021-02-01,0,1.0,3,1,1,2,1.3333333333333333,Baja actividad
IPRZKJWTUT,2021-03-10 14:09:00,2021-03-10 14:22:00,Servicios,Veterinaria,Bogotá  D.C.,1,2552250,193000,2,2.0,22,3,2021-05-01,5,7.333333333333333,0,4,4,5,4.333333333333333,Alto valor
IQTQDOO9SW,2020-12-09 09:56:00,2020-12-09 10:26:00,Alimentos y bebidas,Abarrotes / Mercado,Bogotá  D.C.,1,3669750,366300,5,5.0,120,6,2021-05-01,34,20.0,0,4,5,5,4.666666666666667,Alto valor
IREWY2G7KT,2021-03-09 17:50:00,2021-03-11 15:05:00,Belleza y cuidado personal,Otro,Cajicá,1,681000,160000,2,2.0,3,2,2021-05-01,1,1.5,0,2,1,5,2.6666666666666665,Nuevos o bajo desarrollo
IRFXVG3YU8,2021-03-25 15:17:00,2021-03-29 15:39:00,Transporte,Servicio especial,Bogotá  D.C.,1,227000,0,2,2.0,5,3,2021-05-01,1,1.6666666666666667,0,2,2,5,3.0,Nuevos o bajo desarrollo
IRJDTF9GYC,2021-03-18 12:31:00,2021-03-18 12:52:00,Comercio detallista,Ropa / Accesorios,Bogotá  D.C.,1,4277000,818000,2,2.0,59,3,2021-05-01,30,19.666666666666668,0,4,5,5,4.666666666666667,Alto valor
IRML226ZRA,2021-03-03 15:42:00,2021-03-03 15:51:00,Comercio detallista,Materiales de construcción,Bogotá  D.C.,1,2000,0,2,2.0,1,1,2021-03-01,0,1.0,2,1,1,3,1.6666666666666667,Estándar
IS2YIVAKIK,2021-01-26 18:08:00,2021-01-26 18:23:00,Servicios,Medicina / Odontología,Bogotá  D.C.,1,9010600,1100000,4,4.0,21,4,2021-05-01,6,5.25,0,5,4,5,4.666666666666667,Alto valor
IS8XFIGWY2,2021-03-24 13:27:00,2021-03-24 13:37:00,Comercio detallista,Tienda naturista,Bogotá  D.C.,1,2000,0,2,2.0,1,1,2021-03-01,0,1.0,2,1,1,3,1.6666666666666667,Estándar
ISWAIP1G2P,2021-03-29 11:51:00,2021-03-29 12:03:00,Comercio detallista,Ropa / Accesorios,Bogotá  D.C.,1,1392000,288000,2,2.0,26,3,2021-05-01,18,8.666666666666666,0,3,4,5,4.0,Estándar
ITW2E08JLP,2021-03-24 18:11:00,2021-03-24 18:22:00,Comercio detallista,Tecnología,Bogotá  D.C.,1,2787250,414250,2,2.0,28,3,2021-05-01,14,9.333333333333334,0,4,4,5,4.333333333333333,Alto valor
IU5A1UXSTF,2021-02-09 13:20:00,2021-02-09 13:33:00,Comercio detallista,Óptica,Bogotá  D.C.,1,5139000,330000,3,3.0,17,3,2021-04-01,0,5.666666666666667,1,4,4,4,4.0,Alto valor
IU8JTQOKMP,2020-12-18 13:59:00,2020-12-18 14:18:00,Reparación y limpieza,Otro,Bogotá  D.C.,1,220000,204000,5,5.0,2,2,2021-01-01,0,1.0,4,2,1,1,1.3333333333333333,Baja actividad
IUVXU3N85E,2021-01-06 10:34:00,2021-01-06 10:54:00,Comercio detallista,Ropa / Accesorios,Bogotá  D.C.,1,11099600,1470000,4,4.0,54,5,2021-05-01,14,10.8,0,5,5,5,5.0,Alto valor
IV356BCBI6,2021-03-04 09:33:00,2021-03-04 09:47:00,Transporte,Taxi,Cali,1,89000,21800,2,2.0,4,2,2021-04-01,0,2.0,1,1,2,4,2.3333333333333335,Nuevos o bajo desarrollo
IV8X553BBW,2021-02-02 14:09:00,2021-02-02 14:21:00,Comercio detallista,Elementos del hogar,Soacha,1,9312000,1350000,3,3.0,16,4,2021-05-01,5,4.0,0,5,4,5,4.666666666666667,Alto valor
IVE861CDNZ,2021-01-15 12:18:00,2021-01-15 12:32:00,Comercio detallista,Óptica,Bogotá  D.C.,1,5452000,550000,4,4.0,15,5,2021-05-01,3,3.0,0,4,4,5,4.333333333333333,Alto valor
IVR9LQXVYT,2021-02-23 13:33:00,2021-02-23 13:49:00,Comercio detallista,Óptica,Bogotá  D.C.,1,9078000,0,3,3.0,23,2,2021-03-01,0,11.5,2,5,4,3,4.0,Estándar
IVSDHVV8NK,2021-02-15 12:58:00,2021-02-15 13:06:00,Comercio detallista,Óptica,Bogotá  D.C.,1,1717000,0,3,3.0,6,3,2021-04-01,0,2.0,1,3,2,4,3.0,Estándar
IVVNAU5FIK,2021-02-12 11:23:00,2021-02-12 11:32:00,Transporte,Domicilios,Fusagasugá,1,286200,282000,3,3.0,3,2,2021-03-01,0,1.5,2,2,1,3,2.0,Estándar
IXO6CSTOU4,2021-03-05 17:26:00,2021-03-05 17:43:00,Comercio detallista,Ropa / Accesorios,Bogotá  D.C.,1,645000,0,2,2.0,5,2,2021-05-01,2,2.5,0,2,2,5,3.0,Nuevos o bajo desarrollo
IYA63KKHB5,2021-01-13 12:27:00,2021-01-13 12:44:00,Comercio detallista,Óptica,Bogotá  D.C.,1,16021000,0,4,4.0,45,5,2021-05-01,5,9.0,0,5,5,5,5.0,Alto valor
IYFQQP5R8Z,2021-03-17 13:52:00,2021-03-17 13:58:00,Comercio detallista,Óptica,Bogotá  D.C.,1,4562000,2590000,2,2.0,7,3,2021-05-01,1,2.3333333333333335,0,4,2,5,3.6666666666666665,Estándar
IYI5OS7BXH,2021-03-23 14:37:00,2021-03-23 14:44:00,Comercio detallista,Óptica,Bogotá  D.C.,1,6656000,2464000,2,2.0,19,3,2021-05-01,14,6.333333333333333,0,5,4,5,4.666666666666667,Alto valor
IYNRK5E59K,2021-01-15 13:16:00,2021-01-15 13:27:00,Belleza y cuidado personal,Spa,Bogotá  D.C.,1,10500000,0,4,4.0,24,5,2021-05-01,7,4.8,0,5,4,5,4.666666666666667,Alto valor
IYW3KM2DAT,2021-03-12 12:11:00,2021-03-12 12:21:00,Comercio detallista,Elementos de seguridad,Bogotá  D.C.,1,2951000,170000,2,2.0,24,3,2021-05-01,5,8.0,0,4,4,5,4.333333333333333,Alto valor
IZ1KMQTGJ0,2021-03-15 13:58:00,2021-03-15 14:34:00,Comercio detallista,Tecnología,Bogotá  D.C.,1,45098000,13430000,2,2.0,17,2,2021-05-01,10,8.5,0,5,4,5,4.666666666666667,Alto valor
IZ4JUOD7LL,2021-03-26 12:56:00,2021-03-26 13:09:00,Comercio detallista,Óptica,Bogotá  D.C.,1,25693000,6510000,2,2.0,43,3,2021-05-01,16,14.333333333333334,0,5,5,5,5.0,Alto valor
IZIEU1HATI,2021-03-19 14:51:00,2021-03-19 15:04:00,Comercio detallista,Auto partes,Zipaquirá,1,567000,217000,2,2.0,3,3,2021-05-01,1,1.0,0,2,1,5,2.6666666666666665,Nuevos o bajo desarrollo
J1MCLCTW2W,2021-03-18 10:01:00,2021-03-18 10:24:00,Comercio detallista,Otro,Bogotá  D.C.,1,12070150,4583750,2,2.0,67,3,2021-05-01,25,22.333333333333332,0,5,5,5,5.0,Alto valor
J2JLNECYEC,2021-03-26 12:46:00,2021-03-26 12:58:00,Comercio detallista,Venta de bicicletas y accesorios,Bogotá  D.C.,1,6473600,999100,2,2.0,11,3,2021-05-01,3,3.6666666666666665,0,5,3,5,4.333333333333333,Estándar
J2P49649RA,2021-03-16 15:32:00,2021-03-16 15:42:00,Comercio detallista,Ropa / Accesorios,Bogotá  D.C.,1,8858000,144000,2,2.0,7,2,2021-05-01,3,3.5,0,5,2,5,4.0,Estándar
J2VXVHQGSS,2021-03-10 16:30:00,2021-03-10 16:48:00,Turismo y entretenimiento,Entretenimiento,Bogotá  D.C.,1,3562000,310000,2,2.0,18,3,2021-05-01,7,6.0,0,4,4,5,4.333333333333333,Alto valor
J2ZOT956YF,2021-03-30 13:36:00,2021-03-30 14:07:00,Comercio detallista,Materiales de construcción,Bogotá  D.C.,1,1000,0,2,2.0,1,1,2021-03-01,0,1.0,2,1,1,3,1.6666666666666667,Estándar
J36KQMI071,2021-02-19 16:18:00,2021-02-19 16:26:00,Comercio detallista,Muebles / Decoración,Bogotá  D.C.,1,6455000,2800000,3,3.0,7,4,2021-05-01,2,1.75,0,5,2,5,4.0,Estándar
J38BAS24TT,2021-03-23 16:34:00,2021-03-23 17:07:00,Alimentos y bebidas,Otro,Bogotá  D.C.,1,2459250,657100,2,2.0,48,3,2021-05-01,20,16.0,0,3,5,5,4.333333333333333,Estándar
J3H2JWM9JQ,2021-01-25 14:49:00,2021-01-25 15:02:00,Comercio detallista,Óptica,Bogotá  D.C.,1,33413000,3325000,4,4.0,110,5,2021-05-01,18,22.0,0,5,5,5,5.0,Alto valor
J3I2LWGGNO,2021-03-10 12:34:00,2021-03-10 12:51:00,Comercio detallista,Venta de bicicletas y accesorios,Bogotá  D.C.,1,725000,56000,2,2.0,8,3,2021-05-01,3,2.6666666666666665,0,2,3,5,3.3333333333333335,Estándar
J42P0WW7B6,2021-03-16 13:34:00,2021-03-16 13:40:00,Comercio detallista,Muebles / Decoración,Bogotá  D.C.,1,8665000,2050000,2,2.0,20,3,2021-05-01,6,6.666666666666667,0,5,4,5,4.666666666666667,Alto valor
J4XTO62PZ9,2021-03-18 16:39:00,2021-03-18 17:01:00,Comercio detallista,Tecnología,Bogotá  D.C.,1,1054100,677200,2,2.0,7,2,2021-05-01,6,3.5,0,3,2,5,3.3333333333333335,Estándar
J5DMNH5HWZ,2021-03-26 10:53:00,2021-03-26 11:05:00,Alimentos y bebidas,Restaurante / Café,Bogotá  D.C.,1,136555,18375,2,2.0,7,3,2021-05-01,1,2.3333333333333335,0,1,2,5,2.6666666666666665,Nuevos o bajo desarrollo
J5PGZONYEL,2021-03-11 11:57:00,2021-03-11 12:06:00,Comercio detallista,Tecnología,Soacha,1,3129350,110000,2,2.0,11,3,2021-05-01,3,3.6666666666666665,0,4,3,5,4.0,Estándar
J5SEA4P4VF,2021-03-16 09:51:00,2021-03-16 10:08:00,Comercio detallista,Auto partes,Bogotá  D.C.,1,431800,0,2,2.0,5,3,2021-05-01,2,1.6666666666666667,0,2,2,5,3.0,Nuevos o bajo desarrollo
J5UDDQ6SYG,2021-02-04 08:12:00,2021-02-04 14:58:00,Comercio detallista,Floristería,Bogotá  D.C.,1,1291970,23920,3,3.0,26,3,2021-05-01,15,8.666666666666666,0,3,4,5,4.0,Estándar
J5WXNCVHUY,2020-12-14 17:36:00,2020-12-14 17:50:00,Servicios,Otro,Bogotá  D.C.,1,6597150,1056900,5,5.0,138,6,2021-05-01,40,23.0,0,5,5,5,5.0,Alto valor
J6BDSPHM6E,2021-03-19 12:24:00,2021-03-19 12:43:00,Comercio detallista,Tecnología,Chía,1,571000,245000,2,2.0,8,3,2021-05-01,3,2.6666666666666665,0,2,3,5,3.3333333333333335,Estándar
J6GREB8FEJ,2021-03-25 11:14:00,2021-03-25 11:45:00,Servicios,Medicina / Odontología,Cali,1,656000,78000,2,2.0,7,2,2021-05-01,4,3.5,0,2,2,5,3.0,Nuevos o bajo desarrollo
J6HDLZZEJL,2020-12-11 15:22:00,2020-12-11 15:38:00,Servicios,Otro,Bogotá  D.C.,1,2000,0,5,5.0,1,1,2020-12-01,0,1.0,5,1,1,1,1.0,Baja actividad
J73CG80B3Q,2021-03-25 12:23:00,2021-03-25 12:43:00,Comercio detallista,Ropa / Accesorios,Bogotá  D.C.,1,3285000,867000,2,2.0,32,3,2021-05-01,16,10.666666666666666,0,4,5,5,4.666666666666667,Alto valor
J73OSQBU8H,2021-03-05 12:18:00,2021-03-05 12:36:00,Servicios,Otro,Bogotá  D.C.,1,20000,0,2,2.0,5,2,2021-04-01,0,2.5,1,1,2,4,2.3333333333333335,Nuevos o bajo desarrollo
J7FBVIK2M5,2021-03-17 09:20:00,2021-03-17 09:30:00,Servicios,Otro,Bogotá  D.C.,1,2219000,164000,2,2.0,22,2,2021-05-01,21,11.0,0,3,4,5,4.0,Estándar
J7K0P5S76A,2021-01-22 12:41:00,2021-01-22 13:01:00,Alimentos y bebidas,Licores,Acacías,1,4500,0,4,4.0,1,1,2021-01-01,0,1.0,4,1,1,1,1.0,Baja actividad
J83Z8VO8GH,2021-03-29 11:25:00,2021-03-29 11:36:00,Comercio detallista,Ropa / Accesorios,Soacha,1,2000,0,2,2.0,1,1,2021-03-01,0,1.0,2,1,1,3,1.6666666666666667,Estándar
J8DEC04OIX,2021-03-13 09:29:00,2021-03-13 09:39:00,Comercio detallista,Auto partes,Bogotá  D.C.,1,7265000,2112000,2,2.0,24,3,2021-05-01,12,8.0,0,5,4,5,4.666666666666667,Alto valor
J8NOYHN588,2021-03-25 15:30:00,2021-03-25 15:37:00,Comercio detallista,Tecnología,Bogotá  D.C.,1,1000,0,2,2.0,1,1,2021-03-01,0,1.0,2,1,1,3,1.6666666666666667,Estándar
J8P0A950PG,2021-03-08 12:05:00,2021-03-08 14:55:00,Reparación y limpieza,Reparaciones locativas,Bogotá  D.C.,1,2000,0,2,2.0,1,1,2021-03-01,0,1.0,2,1,1,3,1.6666666666666667,Estándar
J90BJQA2JH,2021-03-23 11:18:00,2021-03-31 16:57:00,Comercio detallista,Venta de bicicletas y accesorios,Bogotá  D.C.,1,9679800,940500,2,2.0,34,3,2021-05-01,22,11.333333333333334,0,5,5,5,5.0,Alto valor
J91X1FYO7G,2021-03-10 12:46:00,2021-03-10 13:18:00,Alimentos y bebidas,Abarrotes / Mercado,Bogotá  D.C.,1,298400,95000,2,2.0,8,3,2021-05-01,3,2.6666666666666665,0,2,3,5,3.3333333333333335,Estándar
JA9O1RAKRZ,2021-02-25 14:07:00,2021-02-25 14:29:00,Reparación y limpieza,Automotriz y autopartes,Bogotá  D.C.,1,2789000,270000,3,3.0,8,4,2021-05-01,3,2.0,0,4,3,5,4.0,Estándar
JB0H16P7WL,2021-03-04 14:50:00,2021-03-04 15:04:00,Comercio detallista,Auto partes,Bogotá  D.C.,1,7576100,200000,2,2.0,15,3,2021-05-01,4,5.0,0,5,4,5,4.666666666666667,Alto valor
JB7QWVVIB9,2021-03-15 17:42:00,2021-03-15 17:56:00,Comercio detallista,Elementos del hogar,Madrid,1,3357000,0,2,2.0,4,2,2021-04-01,0,2.0,1,4,2,4,3.3333333333333335,Estándar
JB81ZDAMYT,2021-02-03 16:01:00,2021-02-03 16:12:00,Reparación y limpieza,Otro,Bogotá  D.C.,1,3157000,398000,3,3.0,30,4,2021-05-01,7,7.5,0,4,5,5,4.666666666666667,Alto valor
JBBR2FXANF,2021-02-22 18:12:00,2021-02-22 18:25:00,Comercio detallista,Materiales de construcción,Bogotá  D.C.,1,873150,120000,3,3.0,10,4,2021-05-01,4,2.5,0,2,3,5,3.3333333333333335,Estándar
JBIQYRJEK8,2021-02-15 16:34:00,2021-02-15 16:51:00,Reparación y limpieza,Automotriz y autopartes,Soacha,1,5106025,766450,3,3.0,38,4,2021-05-01,13,9.5,0,4,5,5,4.666666666666667,Alto valor
JBO5C1S9MK,2021-01-12 19:57:00,2021-01-16 12:59:00,Belleza y cuidado personal,Otro,Barranquilla,1,1363000,0,4,4.0,6,2,2021-03-01,0,3.0,2,3,2,3,2.6666666666666665,Estándar
JCPT06XW01,2021-02-05 13:15:00,2021-02-05 13:30:00,Servicios,Otro,Bogotá  D.C.,1,567400,0,3,3.0,8,3,2021-04-01,0,2.6666666666666665,1,2,3,4,3.0,Estándar
JDMBXPTU2D,2021-03-25 12:41:00,2021-03-25 12:51:00,Servicios,Tecnología y software,Bogotá  D.C.,1,1462050,791050,2,2.0,10,3,2021-05-01,6,3.3333333333333335,0,3,3,5,3.6666666666666665,Estándar
JDNEZB0EBX,2021-03-04 17:41:00,2021-03-04 17:51:00,Alimentos y bebidas,Abarrotes / Mercado,Bogotá  D.C.,1,423100,53000,2,2.0,7,3,2021-05-01,2,2.3333333333333335,0,2,2,5,3.0,Nuevos o bajo desarrollo
JE2DLX5YSD,2021-02-01 14:31:00,2021-02-01 14:48:00,Comercio detallista,Materiales de construcción,Bogotá  D.C.,1,1173000,0,3,3.0,3,1,2021-02-01,0,3.0,3,3,1,2,2.0,Estándar
JE8HN1B6LD,2020-12-16 10:43:00,2020-12-16 10:54:00,Alimentos y bebidas,Bar / Club / Discoteca,Bogotá  D.C.,1,185000,0,5,5.0,5,1,2020-12-01,0,5.0,5,2,2,1,1.6666666666666667,Baja actividad
JFGTSL4OB0,2021-03-24 13:17:00,2021-03-24 13:34:00,Belleza y cuidado personal,Distribuidora,Bogotá  D.C.,1,128000,0,2,2.0,2,2,2021-05-01,1,1.0,0,1,1,5,2.3333333333333335,Nuevos o bajo desarrollo
JFKIAXVDPX,2021-02-03 16:39:00,2021-02-03 18:03:00,Comercio detallista,Muebles / Decoración,Bogotá  D.C.,1,4488200,0,3,3.0,5,2,2021-04-01,0,2.5,1,4,2,4,3.3333333333333335,Estándar
JG9JC23CCK,2021-02-11 13:40:00,2021-02-11 13:51:00,Comercio detallista,Insumos,Bogotá  D.C.,1,1848200,590800,3,3.0,7,4,2021-05-01,1,1.75,0,3,2,5,3.3333333333333335,Estándar
JHHS1OH6HJ,2021-03-30 18:08:00,2021-03-30 18:27:00,Comercio detallista,Perfumería,Bogotá  D.C.,1,1857840,418050,2,2.0,23,3,2021-05-01,16,7.666666666666667,0,3,4,5,4.0,Estándar
JI0NZQAWK8,2021-03-03 15:02:00,2021-03-03 15:29:00,Servicios,Otro,Soacha,1,2469800,1382500,2,2.0,12,3,2021-05-01,4,4.0,0,3,3,5,3.6666666666666665,Estándar
JIEJ5WGDTI,2020-12-21 10:06:00,2020-12-21 11:07:00,Alimentos y bebidas,Otro,Bogotá  D.C.,1,22319174,1855997,5,5.0,472,6,2021-05-01,93,78.66666666666667,0,5,5,5,5.0,Alto valor
JILWUNOO9H,2021-03-16 16:00:00,2021-03-16 16:31:00,Servicios,Medicina / Odontología,El Rosal,1,1605000,182000,2,2.0,12,3,2021-05-01,4,4.0,0,3,3,5,3.6666666666666665,Estándar
JJ0QV7N1C8,2021-03-06 20:03:00,2021-03-06 20:21:00,Servicios,Tecnología y software,Bogotá  D.C.,1,2000,0,2,2.0,1,1,2021-03-01,0,1.0,2,1,1,3,1.6666666666666667,Estándar
JJK8JB1XYR,2021-03-23 13:09:00,2021-03-23 13:19:00,Comercio detallista,Ropa / Accesorios,Bogotá  D.C.,1,1864000,462000,2,2.0,17,3,2021-05-01,12,5.666666666666667,0,3,4,5,4.0,Estándar
JJYHJEZ1BF,2021-01-15 16:36:00,2021-01-15 16:56:00,Comercio detallista,Óptica,Bogotá  D.C.,1,3956000,0,4,4.0,13,3,2021-03-01,0,4.333333333333333,2,4,3,3,3.3333333333333335,Estándar
JKJRQ4OOKT,2021-02-24 14:56:00,2021-02-24 15:10:00,Comercio detallista,Óptica,Bogotá  D.C.,1,4000,0,3,3.0,2,1,2021-02-01,0,2.0,3,1,1,2,1.3333333333333333,Baja actividad
JKOEP711X2,2021-03-06 13:48:00,2021-03-06 14:01:00,Alimentos y bebidas,Otro,Bogotá  D.C.,1,4000,0,2,2.0,2,2,2021-04-01,0,1.0,1,1,1,4,2.0,Nuevos o bajo desarrollo
JN5H8FYLTC,2021-03-10 14:36:00,2021-03-10 14:52:00,Comercio detallista,Ropa / Accesorios,Bogotá  D.C.,1,312000,153000,2,2.0,4,2,2021-05-01,3,2.0,0,2,2,5,3.0,Nuevos o bajo desarrollo
JN7DVCIIYU,2021-02-02 11:49:00,2021-02-02 12:06:00,Comercio detallista,Mascotas,Soacha,1,2240400,467900,3,3.0,48,4,2021-05-01,13,12.0,0,3,5,5,4.333333333333333,Estándar
JNJ3568J0K,2021-03-12 09:07:00,2021-03-12 09:53:00,Comercio detallista,Artesanías,Bogotá  D.C.,1,2000,0,2,2.0,2,1,2021-03-01,0,2.0,2,1,1,3,1.6666666666666667,Estándar
JNR6SGGBMN,2021-01-29 16:22:00,2021-01-29 16:46:00,Servicios,Medicina / Odontología,Bogotá  D.C.,1,555700,0,4,4.0,6,2,2021-03-01,0,3.0,2,2,2,3,2.3333333333333335,Estándar
JNUFSNFLK9,2020-12-16 11:04:00,2020-12-16 11:20:00,Comercio detallista,Tecnología,Bogotá  D.C.,1,180750,0,5,5.0,9,3,2021-03-01,0,3.0,2,2,3,3,2.6666666666666665,Estándar
JO3X2Y1PAK,2020-09-29 11:18:00,2021-03-18 16:48:00,Servicios,Tecnología y software,Bogotá  D.C.,1,997550,420000,8,2.0,6,3,2021-05-01,1,2.0,0,3,2,5,3.3333333333333335,Estándar
JO6MGINDMG,2021-02-09 14:15:00,2021-02-09 14:25:00,Comercio detallista,Óptica,Bogotá  D.C.,1,3582000,250000,3,3.0,14,3,2021-04-01,0,4.666666666666667,1,4,3,4,3.6666666666666665,Estándar
JP2PV42JCT,2020-12-15 13:26:00,2020-12-15 13:34:00,Servicios,Veterinaria,Bogotá  D.C.,1,2827000,0,5,5.0,4,3,2021-02-01,0,1.3333333333333333,3,4,2,2,2.6666666666666665,Estándar
JPMBYKFZ7A,2021-03-02 11:53:00,2021-03-02 12:02:00,Servicios,Otro,Soacha,1,4000,0,2,2.0,2,1,2021-03-01,0,2.0,2,1,1,3,1.6666666666666667,Estándar
JPXRIID53M,2021-03-24 15:26:00,2021-03-24 15:33:00,Comercio detallista,Auto partes,Bogotá  D.C.,1,6319000,0,2,2.0,8,3,2021-05-01,2,2.6666666666666665,0,5,3,5,4.333333333333333,Estándar
JQ8V0FF4GD,2021-01-29 13:50:00,2021-01-29 14:06:00,Belleza y cuidado personal,Salón de belleza,Bogotá  D.C.,1,4115900,614900,4,4.0,31,5,2021-05-01,2,6.2,0,4,5,5,4.666666666666667,Alto valor
JR5JM35QPP,2021-03-15 12:51:00,2021-03-20 12:48:00,Reparación y limpieza,Automotriz y autopartes,Bogotá  D.C.,1,8364000,913000,2,2.0,17,3,2021-05-01,8,5.666666666666667,0,5,4,5,4.666666666666667,Alto valor
JR7DNNZ0D0,2021-03-09 15:23:00,2021-03-09 15:42:00,Comercio detallista,Óptica,Bogotá  D.C.,1,323000,150000,2,2.0,3,1,2021-03-01,0,3.0,2,2,1,3,2.0,Estándar
JREV4I4WDN,2021-03-27 12:54:00,2021-03-27 13:08:00,Alimentos y bebidas,Abarrotes / Mercado,Bogotá  D.C.,2,443622,132700,2,2.0,25,3,2021-05-01,9,8.333333333333334,0,2,4,5,3.6666666666666665,Estándar
JREVA8ZGTS,2021-03-17 19:30:00,2021-03-17 19:41:00,Comercio detallista,Tecnología,Bogotá  D.C.,1,1487000,464000,2,2.0,5,3,2021-05-01,2,1.6666666666666667,0,3,2,5,3.3333333333333335,Estándar
JRUW2LWBOE,2021-03-17 12:32:00,2021-03-17 12:42:00,Alimentos y bebidas,Comida rápida,Villa de San Diego de Ubate,1,936885,290750,2,2.0,19,3,2021-05-01,10,6.333333333333333,0,2,4,5,3.6666666666666665,Estándar
JSFB113FFJ,2021-03-30 17:14:00,2021-03-30 17:25:00,Comercio detallista,Ropa / Accesorios,Bogotá  D.C.,1,1865000,520000,2,2.0,14,3,2021-05-01,10,4.666666666666667,0,3,3,5,3.6666666666666665,Estándar
JSOJS8M9B7,2021-03-10 18:36:00,2021-03-10 18:46:00,Comercio detallista,Elementos de seguridad,Bogotá  D.C.,1,16542000,4416000,2,2.0,34,3,2021-05-01,13,11.333333333333334,0,5,5,5,5.0,Alto valor
JTUON762YO,2021-03-19 14:02:00,2021-03-19 14:15:00,Comercio detallista,Tecnología,Zipaquirá,1,1534000,130000,2,2.0,6,3,2021-05-01,3,2.0,0,3,2,5,3.3333333333333335,Estándar
JTVC64DMGC,2021-03-26 14:06:00,2021-03-26 14:19:00,Comercio detallista,Ropa / Accesorios,Bogotá  D.C.,1,714000,290000,2,2.0,4,2,2021-04-01,0,2.0,1,2,2,4,2.6666666666666665,Nuevos o bajo desarrollo
JTZEEZD7V3,2020-12-19 15:36:00,2020-12-19 15:48:00,Comercio detallista,Ropa / Accesorios,Bogotá  D.C.,1,13828188,897000,5,5.0,113,6,2021-05-01,18,18.833333333333332,0,5,5,5,5.0,Alto valor
JUFXTGYWHN,2021-01-21 15:23:00,2021-01-21 15:36:00,Comercio detallista,Óptica,Bogotá  D.C.,1,10577000,1380000,4,4.0,41,5,2021-05-01,10,8.2,0,5,5,5,5.0,Alto valor
JUVP8XU35H,2020-12-23 14:42:00,2020-12-23 14:56:00,Comercio detallista,Muebles / Decoración,Bogotá  D.C.,1,8348000,1250000,5,5.0,13,6,2021-05-01,2,2.1666666666666665,0,5,3,5,4.333333333333333,Estándar
JV65KEB33U,2020-12-18 18:27:00,2020-12-18 19:07:00,Alimentos y bebidas,Repostería / Panadería,Melgar,1,77300,0,5,5.0,6,2,2021-01-01,0,3.0,4,1,2,1,1.3333333333333333,Baja actividad
JVJGU8HWVQ,2021-03-17 11:40:00,2021-03-17 11:54:00,Transporte,Servicio especial,Bogotá  D.C.,1,1003000,1000000,2,2.0,3,2,2021-04-01,0,1.5,1,3,1,4,2.6666666666666665,Estándar
JVVADSOGKI,2021-03-02 16:11:00,2021-03-02 16:26:00,Comercio detallista,Otro,Bogotá  D.C.,1,510000,0,2,2.0,8,3,2021-05-01,3,2.6666666666666665,0,2,3,5,3.3333333333333335,Estándar
JVWOITVTQU,2021-03-23 16:49:00,2021-03-23 17:01:00,Reparación y limpieza,Moda / Zapatería,Bogotá  D.C.,1,3244000,1300000,2,2.0,34,3,2021-05-01,24,11.333333333333334,0,4,5,5,4.666666666666667,Alto valor
JW36XTRH10,2020-12-15 14:50:00,2020-12-15 15:16:00,Comercio detallista,Artesanías,Bogotá  D.C.,1,2000,0,5,5.0,1,1,2020-12-01,0,1.0,5,1,1,1,1.0,Baja actividad
JWED5KFL9K,2021-03-13 13:39:00,2021-05-07 14:42:00,Transporte,Taxi,Cali,1,492490,150000,2,0.0,7,2,2021-05-01,6,3.5,0,2,2,5,3.0,Nuevos o bajo desarrollo
JXGU7PA2JI,2020-12-11 13:22:00,2020-12-22 18:37:00,Servicios,Contabilidad / Asesorías,Bogotá  D.C.,1,4196000,2000000,5,5.0,4,4,2021-05-01,1,1.0,0,4,2,5,3.6666666666666665,Estándar
JZAE7DYURO,2021-03-12 10:51:00,2021-03-12 11:04:00,Belleza y cuidado personal,Otro,Bogotá  D.C.,1,1475000,220000,2,2.0,16,3,2021-05-01,6,5.333333333333333,0,3,4,5,4.0,Estándar
K01AUPOLSL,2021-03-25 13:38:00,2021-03-25 13:51:00,Comercio detallista,Otro,Bogotá  D.C.,1,230800,0,2,2.0,2,2,2021-05-01,1,1.0,0,2,1,5,2.6666666666666665,Nuevos o bajo desarrollo
K02U83G0PV,2021-03-10 09:56:00,2021-03-10 10:05:00,Reparación y limpieza,Automotriz y autopartes,Sibaté,1,1037200,0,2,2.0,4,2,2021-04-01,0,2.0,1,3,2,4,3.0,Estándar
K03KFQ8YZZ,2021-03-18 12:52:00,2021-03-18 13:10:00,Alimentos y bebidas,Restaurante / Café,Soacha,1,11939500,2002500,2,2.0,161,3,2021-05-01,98,53.666666666666664,0,5,5,5,5.0,Alto valor
K07ZL39HMO,2021-03-05 15:42:00,2021-03-05 15:48:00,Comercio detallista,Óptica,Bogotá  D.C.,1,2717000,0,2,2.0,11,3,2021-05-01,4,3.6666666666666665,0,4,3,5,4.0,Estándar
K0DL3RQGVW,2021-03-29 16:08:00,2021-03-29 16:21:00,Comercio detallista,Ropa / Accesorios,Bogotá  D.C.,1,13218000,6890000,2,2.0,22,3,2021-05-01,13,7.333333333333333,0,5,4,5,4.666666666666667,Alto valor
K0E1360J3O,2020-08-20 18:57:00,2021-02-12 10:32:00,Belleza y cuidado personal,Distribuidora,Cali,1,701000,0,9,3.0,3,3,2021-04-01,0,1.0,1,2,1,4,2.3333333333333335,Nuevos o bajo desarrollo
K0PVYGVVRX,2020-12-18 11:06:00,2020-12-18 11:25:00,Alimentos y bebidas,Comida rápida,Bogotá  D.C.,1,683100,33700,5,5.0,29,6,2021-05-01,7,4.833333333333333,0,2,4,5,3.6666666666666665,Estándar
K111Z5G1A0,2021-02-11 09:03:00,2021-02-11 09:14:00,Alimentos y bebidas,Restaurante / Café,Bogotá  D.C.,1,355400,25725,3,3.0,24,4,2021-05-01,7,6.0,0,2,4,5,3.6666666666666665,Estándar
K1YLKV4YZV,2021-03-23 13:50:00,2021-03-23 14:15:00,Servicios,Otro,Bogotá  D.C.,1,1062000,0,2,2.0,11,2,2021-05-01,9,5.5,0,3,3,5,3.6666666666666665,Estándar
K2KIJZ1O5G,2021-03-15 13:48:00,2021-03-15 13:57:00,Servicios,Tecnología y software,Bogotá  D.C.,1,4908750,700000,2,2.0,9,3,2021-05-01,2,3.0,0,4,3,5,4.0,Estándar
K2Y0OCD131,2021-03-25 14:51:00,2021-03-25 15:02:00,Reparación y limpieza,Otro,Bogotá  D.C.,1,1278500,192000,2,2.0,6,3,2021-05-01,1,2.0,0,3,2,5,3.3333333333333335,Estándar
K30D6L3CFD,2021-03-17 13:24:00,2021-03-17 13:31:00,Comercio detallista,Óptica,Bogotá  D.C.,1,14927000,3640000,2,2.0,43,3,2021-05-01,21,14.333333333333334,0,5,5,5,5.0,Alto valor
K30V4PZSID,2021-03-16 13:28:00,2021-03-16 21:08:00,Alimentos y bebidas,Comida rápida,Soacha,1,1224700,270300,2,2.0,36,3,2021-05-01,16,12.0,0,3,5,5,4.333333333333333,Estándar
K4NYP4BMQN,2021-03-18 15:08:00,2021-03-18 15:21:00,Comercio detallista,Ropa / Accesorios,Bogotá  D.C.,1,2766400,501800,2,2.0,29,3,2021-05-01,12,9.666666666666666,0,4,4,5,4.333333333333333,Alto valor
K52M1IH48X,2021-03-16 10:59:00,2021-03-16 11:21:00,Comercio detallista,Otro,Bogotá  D.C.,1,540000,249000,2,2.0,4,2,2021-05-01,1,2.0,0,2,2,5,3.0,Nuevos o bajo desarrollo
K55Z57TXEK,2021-03-12 12:27:00,2021-03-12 12:43:00,Reparación y limpieza,Reparaciones locativas,Bogotá  D.C.,1,2000,0,2,2.0,1,1,2021-03-01,0,1.0,2,1,1,3,1.6666666666666667,Estándar
K56KWRHJRH,2021-03-03 14:40:00,2021-03-03 14:56:00,Alimentos y bebidas,Comida rápida,Soacha,1,1639700,620500,2,2.0,18,3,2021-05-01,10,6.0,0,3,4,5,4.0,Estándar
K6CK47KCVE,2021-02-17 19:00:00,2021-02-17 19:13:00,Alimentos y bebidas,Otro,Bogotá  D.C.,1,3500,0,3,3.0,2,1,2021-02-01,0,2.0,3,1,1,2,1.3333333333333333,Baja actividad
K786ZWLLR4,2021-03-09 15:57:00,2021-03-09 16:11:00,Comercio detallista,Ropa / Accesorios,Bogotá  D.C.,1,8696600,878800,2,2.0,32,3,2021-05-01,8,10.666666666666666,0,5,5,5,5.0,Alto valor
K7NLKYK63V,2021-03-16 16:33:00,2021-03-16 16:43:00,Comercio detallista,Materiales de construcción,Bogotá  D.C.,1,19241300,4011800,2,2.0,13,3,2021-05-01,3,4.333333333333333,0,5,3,5,4.333333333333333,Estándar
K81AB3YYWE,2021-02-12 11:35:00,2021-02-12 11:45:00,Alimentos y bebidas,Restaurante / Café,Bogotá  D.C.,3,25478750,2895200,3,3.0,431,4,2021-05-01,29,107.75,0,5,5,5,5.0,Alto valor
K85A2YMIB7,2021-03-27 15:09:00,2021-03-27 15:22:00,Comercio detallista,Ropa / Accesorios,Bogotá  D.C.,1,1149600,400000,2,2.0,5,2,2021-05-01,3,2.5,0,3,2,5,3.3333333333333335,Estándar
K8T65XSD8J,2021-03-06 10:18:00,2021-03-06 10:49:00,Servicios,Otro,Sibaté,1,2174000,240000,2,2.0,7,3,2021-05-01,1,2.3333333333333335,0,3,2,5,3.3333333333333335,Estándar
K8XO4GI3DO,2021-03-03 13:37:00,2021-03-03 13:56:00,Comercio detallista,Materiales de construcción,Bogotá  D.C.,1,3474250,1889600,2,2.0,14,3,2021-05-01,4,4.666666666666667,0,4,3,5,4.0,Estándar
K9I3NPY33E,2021-01-19 11:57:00,2021-01-19 12:18:00,Reparación y limpieza,Reparaciones locativas,Soacha,1,18282000,0,4,4.0,9,4,2021-04-01,0,2.25,1,5,3,4,4.0,Estándar
K9QUG2O46W,2021-03-18 11:46:00,2021-04-15 16:42:00,Comercio detallista,Ropa / Accesorios,Bogotá  D.C.,1,777000,88000,2,1.0,5,3,2021-05-01,3,1.6666666666666667,0,2,2,5,3.0,Nuevos o bajo desarrollo
K9SKSRGDGB,2021-03-05 19:00:00,2021-03-05 19:48:00,Comercio detallista,Tecnología,Bogotá  D.C.,1,2932110,562460,2,2.0,23,3,2021-05-01,7,7.666666666666667,0,4,4,5,4.333333333333333,Alto valor
KAG9YD41V6,2021-03-18 15:58:00,2021-03-18 16:13:00,Comercio detallista,Tecnología,Bogotá  D.C.,1,2679000,588500,2,2.0,12,3,2021-05-01,6,4.0,0,4,3,5,4.0,Estándar
KAPLJ6KNAJ,2021-03-11 10:37:00,2021-03-11 10:47:00,Comercio detallista,Tecnología,Bogotá  D.C.,1,9324800,0,2,2.0,29,1,2021-03-01,0,29.0,2,5,4,3,4.0,Estándar
KB3LE1SCW4,2021-02-11 13:28:00,2021-02-11 15:20:00,Comercio detallista,Muebles / Decoración,Bogotá  D.C.,1,13686900,1351000,3,3.0,25,4,2021-05-01,8,6.25,0,5,4,5,4.666666666666667,Alto valor
KCI2HYN9J5,2021-03-30 16:20:00,2021-03-30 16:36:00,Comercio detallista,Ropa / Accesorios,Bogotá  D.C.,1,3781800,1579000,2,2.0,27,3,2021-05-01,16,9.0,0,4,4,5,4.333333333333333,Alto valor
KCIA63YHIJ,2021-02-27 10:10:00,2021-02-27 10:21:00,Comercio detallista,Materiales de construcción,Bogotá  D.C.,1,2267200,0,3,3.0,11,4,2021-05-01,5,2.75,0,3,3,5,3.6666666666666665,Estándar
KCK6I3IQXT,2021-02-26 13:51:00,2021-02-26 14:04:00,Comercio detallista,Elementos de seguridad,Bogotá  D.C.,1,3675350,1316000,3,3.0,10,4,2021-05-01,2,2.5,0,4,3,5,4.0,Estándar
KCT51IYDMJ,2021-03-08 11:44:00,2021-03-08 12:01:00,Comercio detallista,Mascotas,Bogotá  D.C.,1,1968700,0,2,2.0,10,3,2021-05-01,3,3.3333333333333335,0,3,3,5,3.6666666666666665,Estándar
KDYDAIFAYG,2021-03-06 10:59:00,2021-03-06 11:21:00,Comercio detallista,Otro,Bogotá  D.C.,1,197525,0,2,2.0,7,2,2021-04-01,0,3.5,1,2,2,4,2.6666666666666665,Nuevos o bajo desarrollo
KDYDIIOIKM,2021-02-23 14:07:00,2021-02-23 14:27:00,Comercio detallista,Ropa / Accesorios,Bogotá  D.C.,1,12266000,1512000,3,3.0,112,4,2021-05-01,41,28.0,0,5,5,5,5.0,Alto valor
KFYMLB3CG0,2021-03-11 15:49:00,2021-03-11 15:58:00,Comercio detallista,Juguetería / Piñatería,Bogotá  D.C.,1,991500,250000,2,2.0,9,3,2021-05-01,4,3.0,0,3,3,5,3.6666666666666665,Estándar
KH1JX2FY2U,2020-12-07 15:57:00,2020-12-07 16:09:00,Belleza y cuidado personal,Salón de belleza,Bogotá  D.C.,1,19364500,1285000,5,5.0,208,6,2021-05-01,43,34.666666666666664,0,5,5,5,5.0,Alto valor
KHL083LILA,2021-03-10 20:11:00,2021-03-10 20:22:00,Comercio detallista,Ropa / Accesorios,Bogotá  D.C.,1,829000,306000,2,2.0,7,3,2021-05-01,5,2.3333333333333335,0,2,2,5,3.0,Nuevos o bajo desarrollo
KI0E4BC6GV,2021-02-11 20:01:00,2021-02-12 16:35:00,Comercio detallista,Muebles / Decoración,Bogotá  D.C.,1,10302400,795000,3,3.0,20,4,2021-05-01,2,5.0,0,5,4,5,4.666666666666667,Alto valor
KIOY4ERU5W,2021-03-18 14:50:00,2021-03-18 19:09:00,Belleza y cuidado personal,Estilista independiente,Cali,1,102000,0,2,2.0,4,2,2021-04-01,0,2.0,1,1,2,4,2.3333333333333335,Nuevos o bajo desarrollo
KJ6MXK2O07,2021-03-23 14:37:00,2021-03-23 14:46:00,Belleza y cuidado personal,Centro de tatuajes,Bogotá  D.C.,1,768000,65000,2,2.0,10,2,2021-05-01,8,5.0,0,2,3,5,3.3333333333333335,Estándar
KJ7X85U1F9,2021-03-17 10:43:00,2021-03-17 10:54:00,Comercio detallista,Materiales de construcción,Bogotá  D.C.,1,4522150,2613450,2,2.0,4,3,2021-05-01,1,1.3333333333333333,0,4,2,5,3.6666666666666665,Estándar
KJAS9YALPR,2021-03-17 19:02:00,2021-03-17 19:20:00,Comercio detallista,Tecnología,Bogotá  D.C.,1,6024250,864500,2,2.0,26,3,2021-05-01,12,8.666666666666666,0,4,4,5,4.333333333333333,Alto valor
KJO1ZCS4D4,2021-03-25 13:49:00,2021-03-25 14:10:00,Comercio detallista,Venta de bicicletas y accesorios,Bogotá  D.C.,1,146150,0,2,2.0,4,2,2021-05-01,1,2.0,0,1,2,5,2.6666666666666665,Nuevos o bajo desarrollo
KKAMH1RNRD,2021-02-23 16:02:00,2021-02-23 16:15:00,Comercio detallista,Elementos de seguridad,Bogotá  D.C.,1,1311000,100000,3,3.0,8,3,2021-05-01,1,2.6666666666666665,0,3,3,5,3.6666666666666665,Estándar
KKPMO81DPB,2021-03-12 14:36:00,2021-03-12 14:47:00,Servicios,Tecnología y software,Bogotá  D.C.,1,13901500,831000,2,2.0,22,3,2021-05-01,7,7.333333333333333,0,5,4,5,4.666666666666667,Alto valor
KKT4P04P2K,2021-03-09 09:57:00,2021-03-09 10:15:00,Servicios,Otro,Bogotá  D.C.,1,2011850,1365300,2,2.0,7,3,2021-05-01,3,2.3333333333333335,0,3,2,5,3.3333333333333335,Estándar
KLEKNMKGVI,2021-02-03 10:16:00,2021-02-03 10:38:00,Comercio detallista,Óptica,Bogotá  D.C.,1,2000,0,3,3.0,5,3,2021-04-01,0,1.6666666666666667,1,1,2,4,2.3333333333333335,Nuevos o bajo desarrollo
KMR0YYGB64,2021-03-10 09:30:00,2021-03-10 09:43:00,Servicios,Otro,Bogotá  D.C.,1,2000,0,2,2.0,1,1,2021-03-01,0,1.0,2,1,1,3,1.6666666666666667,Estándar
KN84JSIE1J,2020-12-10 16:38:00,2020-12-10 19:58:00,Belleza y cuidado personal,Salón de belleza,Bogotá  D.C.,1,3338000,469000,5,5.0,46,6,2021-05-01,8,7.666666666666667,0,4,5,5,4.666666666666667,Alto valor
KNYLXA4BYW,2021-03-03 15:39:00,2021-03-03 15:55:00,Reparación y limpieza,Automotriz y autopartes,Bogotá  D.C.,1,22522000,2585000,2,2.0,116,3,2021-05-01,39,38.666666666666664,0,5,5,5,5.0,Alto valor
KO4CM3W6FN,2021-03-25 12:23:00,2021-03-25 12:34:00,Comercio detallista,Tienda de deportes,Cota,1,1783000,610000,2,2.0,15,3,2021-05-01,8,5.0,0,3,4,5,4.0,Estándar
KOIW2YFJHZ,2021-01-25 11:09:00,2021-01-25 11:28:00,Alimentos y bebidas,Comida rápida,Bogotá  D.C.,1,2000,0,4,4.0,1,1,2021-01-01,0,1.0,4,1,1,1,1.0,Baja actividad
KORXKF68CD,2021-02-16 15:19:00,2021-02-16 15:34:00,Alimentos y bebidas,Comida rápida,Bogotá  D.C.,1,3854200,692200,3,3.0,113,4,2021-05-01,35,28.25,0,4,5,5,4.666666666666667,Alto valor
KQJFAPEW9U,2021-03-19 10:55:00,2021-03-19 11:07:00,Comercio detallista,Libros / Papelería,Zipaquirá,1,2000,0,2,2.0,1,1,2021-03-01,0,1.0,2,1,1,3,1.6666666666666667,Estándar
KQMGJKHJE2,2021-03-10 14:46:00,2021-03-10 15:04:00,Comercio detallista,Auto partes,Bogotá  D.C.,1,1266000,0,2,2.0,5,3,2021-05-01,1,1.6666666666666667,0,3,2,5,3.3333333333333335,Estándar
KS7X76LGM4,2020-12-11 12:50:00,2020-12-11 13:01:00,Servicios,Otro,Bogotá  D.C.,1,21889000,2260000,5,5.0,58,6,2021-05-01,12,9.666666666666666,0,5,5,5,5.0,Alto valor
KSF1K2H3H5,2020-11-17 14:13:00,2021-02-17 18:10:00,Servicios,Otro,Bogotá  D.C.,1,103000,0,6,3.0,5,1,2021-02-01,0,5.0,3,1,2,2,1.6666666666666667,Baja actividad
KSG3KGD863,2021-03-18 11:31:00,2021-03-18 11:57:00,Alimentos y bebidas,Comida rápida,Bogotá  D.C.,1,1221100,44700,2,2.0,44,3,2021-05-01,11,14.666666666666666,0,3,5,5,4.333333333333333,Estándar
KSHOFXMFEM,2021-03-26 12:33:00,2021-03-26 12:48:00,Comercio detallista,Óptica,Bogotá  D.C.,1,24572000,5771000,2,2.0,54,3,2021-05-01,39,18.0,0,5,5,5,5.0,Alto valor
KSJ98EATWV,2021-02-20 16:32:00,2021-02-20 16:41:00,Comercio detallista,Óptica,Bogotá  D.C.,1,5366000,650000,3,3.0,15,4,2021-05-01,5,3.75,0,4,4,5,4.333333333333333,Alto valor
KTG8YSX3QN,2021-02-05 13:49:00,2021-02-05 14:05:00,Comercio detallista,Otro,Soacha,1,3304000,120000,3,3.0,30,4,2021-05-01,2,7.5,0,4,5,5,4.666666666666667,Alto valor
KU16Q7Y7MH,2021-03-23 11:05:00,2021-03-23 11:34:00,Comercio detallista,Materiales de construcción,Bogotá  D.C.,1,489500,22000,2,2.0,14,3,2021-05-01,6,4.666666666666667,0,2,3,5,3.3333333333333335,Estándar
KU7R9WIYYV,2020-10-21 18:28:00,2021-01-07 13:32:00,Comercio detallista,Muebles / Decoración,Bogotá  D.C.,1,818000,316000,7,4.0,3,2,2021-04-01,0,1.5,1,2,1,4,2.3333333333333335,Nuevos o bajo desarrollo
KUDH4TKYJQ,2021-03-10 16:41:00,2021-03-10 16:54:00,Comercio detallista,Ropa / Accesorios,Fusagasugá,1,2000,0,2,2.0,1,1,2021-03-01,0,1.0,2,1,1,3,1.6666666666666667,Estándar
KUYCWBEM4Z,2021-03-16 13:14:00,2021-03-16 13:29:00,Servicios,Medicina / Odontología,Soacha,1,1597000,310000,2,2.0,8,3,2021-05-01,5,2.6666666666666665,0,3,3,5,3.6666666666666665,Estándar
KV16V9FYQH,2021-03-11 11:55:00,2021-03-11 12:10:00,Servicios,Veterinaria,Bogotá  D.C.,1,2759400,263600,2,2.0,28,3,2021-05-01,12,9.333333333333334,0,4,4,5,4.333333333333333,Alto valor
KVD4GSV7YO,2021-03-29 13:21:00,2021-03-29 13:42:00,Comercio detallista,Ropa / Accesorios,Bogotá  D.C.,1,2108000,0,2,2.0,11,3,2021-05-01,4,3.6666666666666665,0,3,3,5,3.6666666666666665,Estándar
KVJWHWWEW3,2021-03-24 15:56:00,2021-03-24 16:05:00,Comercio detallista,Venta de bicicletas y accesorios,Bogotá  D.C.,1,11444000,1100000,2,2.0,13,3,2021-05-01,9,4.333333333333333,0,5,3,5,4.333333333333333,Estándar
KVR0NPNC4O,2021-03-16 15:36:00,2021-03-16 15:49:00,Servicios,Medicina / Odontología,Bogotá  D.C.,1,7161000,2400000,2,2.0,5,3,2021-05-01,1,1.6666666666666667,0,5,2,5,4.0,Estándar
KVVETWK4UR,2021-03-08 12:52:00,2021-03-08 13:12:00,Comercio detallista,Ropa / Accesorios,Bogotá  D.C.,1,682000,66000,2,2.0,14,3,2021-05-01,3,4.666666666666667,0,2,3,5,3.3333333333333335,Estándar
KWHGSUXU9E,2021-03-03 14:16:00,2021-03-03 14:33:00,Comercio detallista,Materiales de construcción,Bogotá  D.C.,1,276000,0,2,2.0,2,1,2021-03-01,0,2.0,2,2,1,3,2.0,Estándar
KWMHTOD4PW,2021-03-03 12:28:00,2021-03-03 12:47:00,Servicios,Otro,Bogotá  D.C.,1,984000,0,2,2.0,6,3,2021-05-01,1,2.0,0,3,2,5,3.3333333333333335,Estándar
KXPMR3QB7D,2021-03-23 14:23:00,2021-03-23 14:30:00,Comercio detallista,Ropa / Accesorios,Bogotá  D.C.,1,2330000,763000,2,2.0,32,3,2021-05-01,12,10.666666666666666,0,3,5,5,4.333333333333333,Estándar
KXU2E80V4M,2021-02-17 19:57:00,2021-02-17 20:12:00,Alimentos y bebidas,Restaurante / Café,Bogotá  D.C.,1,2607710,474700,3,3.0,38,4,2021-05-01,13,9.5,0,4,5,5,4.666666666666667,Alto valor
KY0DEYR79L,2021-03-16 12:09:00,2021-03-16 12:24:00,Comercio detallista,Tecnología,El Rosal,1,3460000,1138300,2,2.0,24,3,2021-05-01,10,8.0,0,4,4,5,4.333333333333333,Alto valor
KY7D698SGQ,2021-03-03 15:19:00,2021-03-03 15:40:00,Comercio detallista,Materiales de construcción,Bogotá  D.C.,1,4186706,229000,2,2.0,14,3,2021-05-01,4,4.666666666666667,0,4,3,5,4.0,Estándar
KYQDB3MS9A,2021-03-06 09:53:00,2021-03-06 10:08:00,Servicios,Otro,Bogotá  D.C.,1,16467110,1919100,2,2.0,41,3,2021-05-01,17,13.666666666666666,0,5,5,5,5.0,Alto valor
KZLLL4NV2O,2021-03-26 17:24:00,2021-03-26 17:31:00,Comercio detallista,Ropa / Accesorios,Bogotá  D.C.,1,9531000,1391500,2,2.0,186,3,2021-05-01,100,62.0,0,5,5,5,5.0,Alto valor
KZMEOC8T9L,2021-02-18 13:07:00,2021-02-18 13:14:00,Servicios,Tecnología y software,Soacha,1,6532000,0,3,3.0,15,2,2021-03-01,0,7.5,2,5,4,3,4.0,Estándar
KZXU6HIN8L,2021-03-24 10:20:00,2021-04-07 17:21:00,Comercio detallista,Materiales de construcción,Bogotá  D.C.,1,217900,118200,2,1.0,3,3,2021-05-01,1,1.0,0,2,1,5,2.6666666666666665,Nuevos o bajo desarrollo
L04TE178ZG,2021-03-17 08:49:00,2021-03-17 09:49:00,Alimentos y bebidas,Otro,Bogotá  D.C.,1,226050,0,2,2.0,7,2,2021-04-01,0,3.5,1,2,2,4,2.6666666666666665,Nuevos o bajo desarrollo
L0JPD8Y3A7,2021-02-17 17:29:00,2021-02-17 17:42:00,Servicios,Tecnología y software,Bogotá  D.C.,1,1883250,654000,3,3.0,10,4,2021-05-01,3,2.5,0,3,3,5,3.6666666666666665,Estándar
L16C6E90T6,2021-03-19 17:56:00,2021-03-19 18:06:00,Alimentos y bebidas,Licores,Chía,1,517500,114000,2,2.0,10,3,2021-05-01,6,3.3333333333333335,0,2,3,5,3.3333333333333335,Estándar
L2Q656CHS2,2021-02-16 15:15:00,2021-02-16 15:38:00,Alimentos y bebidas,Restaurante / Café,Bogotá  D.C.,1,557000,249000,3,3.0,17,4,2021-05-01,11,4.25,0,2,4,5,3.6666666666666665,Estándar
L2QDNLRM86,2021-02-16 20:29:00,2021-02-16 20:40:00,Alimentos y bebidas,Abarrotes / Mercado,Bogotá  D.C.,1,3047800,218200,3,3.0,83,4,2021-05-01,22,20.75,0,4,5,5,4.666666666666667,Alto valor
L2R5706PCS,2021-02-10 12:43:00,2021-02-10 13:17:00,Comercio detallista,Auto partes,Bogotá  D.C.,1,9248500,650500,3,3.0,27,4,2021-05-01,8,6.75,0,5,4,5,4.666666666666667,Alto valor
L3ZF9WSECU,2021-03-17 12:31:00,2021-03-17 12:44:00,Comercio detallista,Tecnología,Bogotá  D.C.,1,18530800,3562000,2,2.0,16,3,2021-05-01,5,5.333333333333333,0,5,4,5,4.666666666666667,Alto valor
L40CSRFA7B,2021-03-11 18:48:00,2021-03-11 19:12:00,Alimentos y bebidas,Bar / Club / Discoteca,Bogotá  D.C.,1,1116900,262700,2,2.0,22,3,2021-05-01,2,7.333333333333333,0,3,4,5,4.0,Estándar
L45BZYS1VZ,2021-03-10 10:59:00,2021-03-10 11:07:00,Comercio detallista,Materiales de construcción,Fusagasugá,1,2458000,0,2,2.0,19,3,2021-05-01,6,6.333333333333333,0,3,4,5,4.0,Estándar
L4LUESYD1F,2021-01-22 14:55:00,2021-01-22 15:08:00,Servicios,Otro,Bogotá  D.C.,2,14817000,0,4,4.0,58,5,2021-05-01,3,11.6,0,5,5,5,5.0,Alto valor
L4PWR3QSHG,2021-03-23 16:22:00,2021-03-23 16:42:00,Servicios,Otro,Soacha,1,2130050,455300,2,2.0,13,3,2021-05-01,6,4.333333333333333,0,3,3,5,3.6666666666666665,Estándar
L54P3Q0HAT,2021-01-15 10:22:00,2021-01-15 10:41:00,Reparación y limpieza,Reparaciones locativas,Soacha,1,23758500,2389700,4,4.0,21,5,2021-05-01,6,4.2,0,5,4,5,4.666666666666667,Alto valor
L5NJ3KXKK4,2021-03-17 11:51:00,2021-03-17 12:07:00,Comercio detallista,Ropa / Accesorios,Bogotá  D.C.,1,238115,0,2,2.0,7,3,2021-05-01,1,2.3333333333333335,0,2,2,5,3.0,Nuevos o bajo desarrollo
L5U0CXZN6U,2021-01-22 17:59:00,2021-01-22 18:36:00,Comercio detallista,Óptica,Bogotá  D.C.,1,3507000,0,4,4.0,9,4,2021-05-01,2,2.25,0,4,3,5,4.0,Estándar
L6AEQIZ6R8,2020-12-28 15:29:00,2020-12-28 15:43:00,Comercio detallista,Materiales de construcción,Soacha,1,17573350,2197850,5,5.0,36,6,2021-05-01,7,6.0,0,5,5,5,5.0,Alto valor
L6DA6YL86R,2021-02-24 14:27:00,2021-02-24 14:35:00,Comercio detallista,Óptica,Bogotá  D.C.,1,828000,0,3,3.0,6,4,2021-05-01,2,1.5,0,2,2,5,3.0,Nuevos o bajo desarrollo
L6PPAT758D,2021-03-20 14:48:00,2021-03-20 15:00:00,Comercio detallista,Ropa / Accesorios,Cota,2,1976554,821306,2,2.0,10,3,2021-05-01,5,3.3333333333333335,0,3,3,5,3.6666666666666665,Estándar
L6TEKZSBS4,2021-03-12 13:55:00,2021-03-12 14:06:00,Servicios,Otro,Bogotá  D.C.,1,19694000,4040000,2,2.0,168,3,2021-05-01,87,56.0,0,5,5,5,5.0,Alto valor
L6ZSVWHTD5,2021-02-17 17:26:00,2021-02-17 17:36:00,Comercio detallista,Muebles / Decoración,Bogotá  D.C.,1,2462000,0,3,3.0,4,2,2021-03-01,0,2.0,2,3,2,3,2.6666666666666665,Estándar
L7CF8MAPZF,2021-03-03 12:59:00,2021-03-03 13:13:00,Comercio detallista,Floristería,Bogotá  D.C.,1,2170000,267000,2,2.0,39,3,2021-05-01,14,13.0,0,3,5,5,4.333333333333333,Estándar
L7RHEM71N2,2021-03-02 15:32:00,2021-03-02 15:44:00,Servicios,Otro,Bogotá  D.C.,1,7379525,3077200,2,2.0,20,3,2021-05-01,8,6.666666666666667,0,5,4,5,4.666666666666667,Alto valor
L7UQV3QJ6E,2021-03-16 10:02:00,2021-03-16 10:12:00,Comercio detallista,Auto partes,Bogotá  D.C.,1,4151000,1750000,2,2.0,3,3,2021-05-01,1,1.0,0,4,1,5,3.3333333333333335,Estándar
L86H3259IK,2020-12-28 13:15:00,2020-12-28 13:30:00,Comercio detallista,Óptica,Bogotá  D.C.,1,504000,0,5,5.0,10,2,2021-01-01,0,5.0,4,2,3,1,2.0,Estándar
L9G4N5XDK7,2021-03-09 15:34:00,2021-03-09 15:58:00,Comercio detallista,Tienda de deportes,Bogotá  D.C.,1,1133000,0,2,2.0,9,2,2021-05-01,6,4.5,0,3,3,5,3.6666666666666665,Estándar
LA24YH4QGC,2021-03-27 14:55:00,2021-03-27 15:06:00,Alimentos y bebidas,Abarrotes / Mercado,Cali,1,679290,62000,2,2.0,27,3,2021-05-01,7,9.0,0,2,4,5,3.6666666666666665,Estándar
LA8L8VVQCM,2021-03-17 08:42:00,2021-03-17 08:58:00,Belleza y cuidado personal,Distribuidora,Bogotá  D.C.,1,2000,0,2,2.0,1,1,2021-03-01,0,1.0,2,1,1,3,1.6666666666666667,Estándar
LAVJMTJHLY,2021-03-15 08:01:00,2021-03-15 08:16:00,Servicios,Diseño / Fotografía,Bogotá  D.C.,1,692000,0,2,2.0,9,2,2021-04-01,0,4.5,1,2,3,4,3.0,Estándar
LB1BDZIB23,2021-03-25 15:04:00,2021-03-25 15:13:00,Servicios,Tecnología y software,Bogotá  D.C.,1,2051000,680000,2,2.0,11,3,2021-05-01,6,3.6666666666666665,0,3,3,5,3.6666666666666665,Estándar
LBF0UNWLC9,2021-02-15 14:25:00,2021-02-15 14:35:00,Comercio detallista,Materiales de construcción,Bogotá  D.C.,1,692410,8000,3,3.0,9,3,2021-05-01,2,3.0,0,2,3,5,3.3333333333333335,Estándar
LCN4P7I8T7,2021-03-23 15:31:00,2021-03-23 15:45:00,Comercio detallista,Tecnología,Bogotá  D.C.,1,6000700,608200,2,2.0,27,3,2021-05-01,15,9.0,0,4,4,5,4.333333333333333,Alto valor
LCXVIY9YKI,2021-03-29 17:59:00,2021-03-29 18:07:00,Comercio detallista,Óptica,Bogotá  D.C.,1,954000,0,2,2.0,5,2,2021-04-01,0,2.5,1,2,2,4,2.6666666666666665,Nuevos o bajo desarrollo
LD48A98HYC,2021-03-16 11:06:00,2021-03-16 11:17:00,Servicios,Otro,Cota,1,674000,0,2,2.0,3,2,2021-04-01,0,1.5,1,2,1,4,2.3333333333333335,Nuevos o bajo desarrollo
LD8XETYJO2,2021-03-16 15:13:00,2021-03-16 15:26:00,Comercio detallista,Ropa / Accesorios,Bogotá  D.C.,1,4261800,1247000,2,2.0,29,3,2021-05-01,15,9.666666666666666,0,4,4,5,4.333333333333333,Alto valor
LD9V4B8ZLY,2021-03-15 16:37:00,2021-03-15 16:54:00,Comercio detallista,Auto partes,Bogotá  D.C.,1,6050000,1819000,2,2.0,14,3,2021-05-01,4,4.666666666666667,0,4,3,5,4.0,Estándar
LDRDAYH8QE,2021-02-11 11:35:00,2021-02-11 11:46:00,Comercio detallista,Muebles / Decoración,Bogotá  D.C.,1,19166200,702000,3,3.0,27,4,2021-05-01,10,6.75,0,5,4,5,4.666666666666667,Alto valor
LEDPJDIKHX,2021-03-26 14:51:00,2021-03-26 15:13:00,Comercio detallista,Artesanías,Bogotá  D.C.,1,2000,0,2,2.0,1,1,2021-03-01,0,1.0,2,1,1,3,1.6666666666666667,Estándar
LEDVD7Z6QB,2020-12-15 12:02:00,2021-03-25 09:32:00,Servicios,Veterinaria,Bogotá  D.C.,1,13830072,0,5,2.0,3,2,2021-04-01,0,1.5,1,5,1,4,3.3333333333333335,Estándar
LEWMBNH75B,2021-01-19 17:09:00,2021-01-19 17:27:00,Belleza y cuidado personal,Distribuidora,Bogotá  D.C.,1,1716300,340600,4,4.0,50,5,2021-05-01,13,10.0,0,3,5,5,4.333333333333333,Estándar
LF3NR8C8LZ,2021-02-02 11:40:00,2021-02-02 11:52:00,Belleza y cuidado personal,Estilista independiente,Bogotá  D.C.,1,615000,198000,3,3.0,15,4,2021-05-01,1,3.75,0,2,4,5,3.6666666666666665,Estándar
LFYHGOXGRO,2021-03-25 18:12:00,2021-03-25 18:19:00,Servicios,Tecnología y software,Bogotá  D.C.,1,2559750,200000,2,2.0,14,3,2021-05-01,8,4.666666666666667,0,4,3,5,4.0,Estándar
LHOSSOIH1H,2021-02-15 11:09:00,2021-02-22 18:10:00,Servicios,Medicina / Odontología,Bogotá  D.C.,1,2000,0,3,3.0,1,1,2021-02-01,0,1.0,3,1,1,2,1.3333333333333333,Baja actividad
LHR78JH6HJ,2021-03-16 12:46:00,2021-03-16 12:58:00,Servicios,Veterinaria,Soacha,1,6051900,684100,2,2.0,68,3,2021-05-01,40,22.666666666666668,0,4,5,5,4.666666666666667,Alto valor
LKQGJTVQJR,2021-03-16 14:35:00,2021-03-16 18:07:00,Servicios,Veterinaria,Soacha,1,10293700,3498300,2,2.0,117,3,2021-05-01,54,39.0,0,5,5,5,5.0,Alto valor
LLFKRQPY8W,2021-03-20 15:35:00,2021-03-20 15:54:00,Comercio detallista,Artesanías,Bogotá  D.C.,1,3973000,0,2,2.0,12,3,2021-05-01,2,4.0,0,4,3,5,4.0,Estándar
LLT7ALN789,2021-03-26 12:51:00,2021-03-26 12:57:00,Reparación y limpieza,Automotriz y autopartes,Bogotá  D.C.,1,2050500,453200,2,2.0,12,3,2021-05-01,8,4.0,0,3,3,5,3.6666666666666665,Estándar
LLTXEFN5PT,2021-02-11 13:38:00,2021-02-11 13:47:00,Reparación y limpieza,Automotriz y autopartes,Bogotá  D.C.,1,4000,0,3,3.0,2,1,2021-02-01,0,2.0,3,1,1,2,1.3333333333333333,Baja actividad
LM2DOYFZFQ,2021-02-15 11:39:00,2021-02-15 11:49:00,Comercio detallista,Óptica,Bogotá  D.C.,1,787400,0,3,3.0,4,2,2021-03-01,0,2.0,2,2,2,3,2.3333333333333335,Estándar
LMX2GEGMF2,2021-03-02 13:12:00,2021-03-02 13:19:00,Comercio detallista,Óptica,Bogotá  D.C.,1,873000,0,2,2.0,4,2,2021-05-01,1,2.0,0,2,2,5,3.0,Nuevos o bajo desarrollo
LNC9DV2PJX,2021-03-12 14:12:00,2021-03-12 16:49:00,Comercio detallista,Tecnología,Bogotá  D.C.,1,11347500,250000,2,2.0,18,3,2021-05-01,7,6.0,0,5,4,5,4.666666666666667,Alto valor
LNFCB1HSTX,2021-03-09 14:40:00,2021-03-09 14:50:00,Comercio detallista,Libros / Papelería,Bogotá  D.C.,1,1906000,942000,2,2.0,9,3,2021-05-01,1,3.0,0,3,3,5,3.6666666666666665,Estándar
LNPW8ZJ1VH,2021-03-11 15:31:00,2021-03-11 15:44:00,Comercio detallista,Tecnología,Bogotá  D.C.,1,4350000,291000,2,2.0,21,3,2021-05-01,9,7.0,0,4,4,5,4.333333333333333,Alto valor
LNVAMYXMJV,2020-12-15 15:09:00,2020-12-15 15:19:00,Reparación y limpieza,Automotriz y autopartes,Soacha,1,13727000,0,5,5.0,14,6,2021-05-01,1,2.3333333333333335,0,5,3,5,4.333333333333333,Estándar
LO5O0RZGD9,2021-03-06 08:25:00,2021-03-06 08:42:00,Servicios,Otro,Bogotá  D.C.,1,4667000,1364000,2,2.0,38,3,2021-05-01,17,12.666666666666666,0,4,5,5,4.666666666666667,Alto valor
LO6UK40680,2021-03-08 16:49:00,2021-03-08 17:06:00,Servicios,Tecnología y software,Bogotá  D.C.,1,2120000,0,2,2.0,4,2,2021-04-01,0,2.0,1,3,2,4,3.0,Estándar
LO82SA4FJH,2021-03-09 10:46:00,2021-03-09 10:56:00,Servicios,Medicina / Odontología,Bogotá  D.C.,1,1241000,1239000,2,2.0,1,1,2021-03-01,0,1.0,2,3,1,3,2.3333333333333335,Estándar
LOH0NFQP5O,2021-03-09 11:47:00,2021-03-09 12:06:00,Servicios,Medicina / Odontología,Bogotá  D.C.,1,2051680,84000,2,2.0,3,2,2021-05-01,1,1.5,0,3,1,5,3.0,Estándar
LPV2QOMYBB,2021-03-12 17:42:00,2021-03-12 18:01:00,Comercio detallista,Libros / Papelería,Bogotá  D.C.,1,88000,0,2,2.0,4,2,2021-04-01,0,2.0,1,1,2,4,2.3333333333333335,Nuevos o bajo desarrollo
LQ2D24R9CM,2021-03-04 18:10:00,2021-03-04 18:18:00,Comercio detallista,Óptica,Bogotá  D.C.,1,10763000,400000,2,2.0,25,3,2021-05-01,8,8.333333333333334,0,5,4,5,4.666666666666667,Alto valor
LQ2SDUZGGI,2021-03-29 17:47:00,2021-03-29 18:13:00,Comercio detallista,Ropa / Accesorios,Bogotá  D.C.,1,3758000,926000,2,2.0,52,3,2021-05-01,28,17.333333333333332,0,4,5,5,4.666666666666667,Alto valor
LQYUKPXH4J,2020-12-09 13:17:00,2020-12-09 13:32:00,Belleza y cuidado personal,Distribuidora,Soacha,1,2000,0,5,5.0,1,1,2020-12-01,0,1.0,5,1,1,1,1.0,Baja actividad
LRACMO8SZA,2021-03-08 11:14:00,2021-03-08 11:24:00,Servicios,Logística,Bogotá  D.C.,1,1990700,744700,2,2.0,11,1,2021-03-01,0,11.0,2,3,3,3,3.0,Estándar
LRCSJKCUCB,2021-03-19 12:41:00,2021-03-19 12:46:00,Comercio detallista,Libros / Papelería,Bogotá  D.C.,1,1000,0,2,2.0,1,1,2021-03-01,0,1.0,2,1,1,3,1.6666666666666667,Estándar
LRO5XR2AKA,2021-03-03 16:18:00,2021-03-03 16:37:00,Comercio detallista,Elementos del hogar,Bogotá  D.C.,1,15052200,804100,2,2.0,76,3,2021-05-01,9,25.333333333333332,0,5,5,5,5.0,Alto valor
LRQHNOP7Z0,2021-03-12 13:46:00,2021-03-12 14:11:00,Comercio detallista,Tecnología,Bogotá  D.C.,1,3971843,935550,2,2.0,49,3,2021-05-01,15,16.333333333333332,0,4,5,5,4.666666666666667,Alto valor
LRQW9XDLNP,2021-03-01 14:47:00,2021-03-01 14:52:00,Comercio detallista,Óptica,Bogotá  D.C.,1,5489500,850000,2,2.0,15,3,2021-05-01,8,5.0,0,4,4,5,4.333333333333333,Alto valor
LSTQ755L8C,2021-03-31 15:13:00,2021-03-31 15:27:00,Servicios,Tecnología y software,Bogotá  D.C.,1,999000,0,2,2.0,4,3,2021-05-01,1,1.3333333333333333,0,3,2,5,3.3333333333333335,Estándar
LT2XN1KG9D,2021-03-25 11:04:00,2021-06-12 17:14:00,Comercio detallista,Ropa / Accesorios,Bogotá  D.C.,1,58000,58000,2,-1.0,1,1,2021-03-01,0,1.0,2,1,1,3,1.6666666666666667,Estándar
LTT023WHW4,2021-03-18 11:55:00,2021-03-18 12:31:00,Servicios,Otro,Bogotá  D.C.,1,298000,296000,2,2.0,1,1,2021-03-01,0,1.0,2,2,1,3,2.0,Estándar
LUG21AW7A9,2021-03-16 14:33:00,2021-03-16 15:01:00,Servicios,Medicina / Odontología,Bogotá  D.C.,1,8437000,790000,2,2.0,28,3,2021-05-01,16,9.333333333333334,0,5,4,5,4.666666666666667,Alto valor
LUZKIAWNHC,2021-03-30 14:54:00,2021-03-30 15:05:00,Servicios,Veterinaria,Bogotá  D.C.,1,80400,0,2,2.0,6,3,2021-05-01,1,2.0,0,1,2,5,2.6666666666666665,Nuevos o bajo desarrollo
LV0J1DV42F,2021-03-27 15:21:00,2021-03-27 17:08:00,Servicios,Otro,Bogotá  D.C.,1,3155000,58000,2,2.0,5,3,2021-05-01,1,1.6666666666666667,0,4,2,5,3.6666666666666665,Estándar
LVA6QGYR68,2021-02-12 13:09:00,2021-02-12 13:20:00,Alimentos y bebidas,Restaurante / Café,Bogotá  D.C.,1,7120600,0,3,3.0,122,4,2021-05-01,66,30.5,0,5,5,5,5.0,Alto valor
LVKBK45C0I,2021-03-19 08:44:00,2021-03-19 08:54:00,Comercio detallista,Auto partes,Bogotá  D.C.,1,4000,0,2,2.0,2,1,2021-03-01,0,2.0,2,1,1,3,1.6666666666666667,Estándar
LWEL6V87EE,2021-03-15 17:03:00,2021-03-15 17:21:00,Comercio detallista,Óptica,Bogotá  D.C.,1,9661000,1830000,2,2.0,31,3,2021-05-01,13,10.333333333333334,0,5,5,5,5.0,Alto valor
LWEWEIMQCK,2021-01-15 16:48:00,2021-01-15 17:07:00,Servicios,Tecnología y software,Bogotá  D.C.,1,7930000,3080000,4,4.0,22,5,2021-05-01,3,4.4,0,5,4,5,4.666666666666667,Alto valor
LX14BZ6SA0,2021-03-10 16:38:00,2021-03-10 16:46:00,Comercio detallista,Ropa / Accesorios,Bogotá  D.C.,1,4184000,480000,2,2.0,22,3,2021-05-01,11,7.333333333333333,0,4,4,5,4.333333333333333,Alto valor
LXNVLF5D83,2021-03-06 13:39:00,2021-03-06 13:53:00,Comercio detallista,Tecnología,Bogotá  D.C.,1,325550,122800,2,2.0,6,3,2021-05-01,1,2.0,0,2,2,5,3.0,Nuevos o bajo desarrollo
LXSJ3P1T8O,2021-03-24 16:40:00,2021-03-26 20:26:00,Comercio detallista,Ropa / Accesorios,Cali,1,710000,60000,2,2.0,18,3,2021-05-01,13,6.0,0,2,4,5,3.6666666666666665,Estándar
LY1UVMK8FJ,2021-03-26 14:21:00,2021-03-26 14:33:00,Comercio detallista,Ropa / Accesorios,Bogotá  D.C.,1,163000,146000,2,2.0,3,2,2021-05-01,2,1.5,0,1,1,5,2.3333333333333335,Nuevos o bajo desarrollo
LYBIXD9KKF,2021-03-01 13:54:00,2021-03-01 14:07:00,Comercio detallista,Auto partes,Soacha,1,2686500,473000,2,2.0,10,3,2021-05-01,2,3.3333333333333335,0,4,3,5,4.0,Estándar
LZ89FWJK0M,2020-07-27 17:20:00,2020-12-22 18:45:00,Servicios,Medicina / Odontología,Bogotá  D.C.,1,25877000,1525000,10,5.0,31,6,2021-05-01,3,5.166666666666667,0,5,5,5,5.0,Alto valor
M03LR5DJ36,2021-03-10 10:46:00,2021-03-10 11:02:00,Servicios,Carpintería,Bogotá  D.C.,1,5000,0,2,2.0,4,1,2021-03-01,0,4.0,2,1,2,3,2.0,Estándar
M12WLROQTF,2021-03-23 12:28:00,2021-03-23 13:01:00,Belleza y cuidado personal,Spa,Bogotá  D.C.,1,2000,0,2,2.0,1,1,2021-03-01,0,1.0,2,1,1,3,1.6666666666666667,Estándar
M1IZ72RGWS,2021-03-11 19:28:00,2021-03-11 19:39:00,Servicios,Otro,Bogotá  D.C.,1,801000,0,2,2.0,8,1,2021-03-01,0,8.0,2,2,3,3,2.6666666666666665,Estándar
M1J0PZLEWY,2021-03-16 15:29:00,2021-03-16 15:48:00,Comercio detallista,Ropa / Accesorios,Bogotá  D.C.,1,1266800,443800,2,2.0,9,3,2021-05-01,7,3.0,0,3,3,5,3.6666666666666665,Estándar
M1RO2XZUNY,2021-03-25 12:42:00,2021-03-25 12:53:00,Servicios,Medicina / Odontología,Cali,1,701000,0,2,2.0,2,2,2021-04-01,0,1.0,1,2,1,4,2.3333333333333335,Nuevos o bajo desarrollo
M2FKWED4JU,2021-03-12 11:31:00,2021-03-12 11:44:00,Comercio detallista,Óptica,Bogotá  D.C.,1,1300000,40000,2,2.0,6,2,2021-05-01,2,3.0,0,3,2,5,3.3333333333333335,Estándar
M3FUXEI1AB,2021-02-27 16:32:00,2021-02-27 16:41:00,Comercio detallista,Óptica,Bogotá  D.C.,1,2833000,0,3,3.0,10,4,2021-05-01,4,2.5,0,4,3,5,4.0,Estándar
M3M5SSQNXB,2021-03-17 10:57:00,2021-03-18 10:17:00,Alimentos y bebidas,Comida rápida,Bogotá  D.C.,1,188500,41000,2,2.0,10,3,2021-05-01,4,3.3333333333333335,0,2,3,5,3.3333333333333335,Estándar
M3Z7P9TKSI,2021-02-03 14:47:00,2021-02-03 15:02:00,Comercio detallista,Óptica,Soacha,1,3903000,620000,3,3.0,13,4,2021-05-01,4,3.25,0,4,3,5,4.0,Estándar
M4LEJ2UW3D,2021-03-11 12:02:00,2021-03-11 12:09:00,Comercio detallista,Elementos de seguridad,Tenjo,1,1879000,0,2,2.0,7,3,2021-05-01,2,2.3333333333333335,0,3,2,5,3.3333333333333335,Estándar
M4MHAN3FGL,2021-03-11 10:48:00,2021-03-11 11:13:00,Reparación y limpieza,Otro,Bogotá  D.C.,1,217000,0,2,2.0,3,1,2021-03-01,0,3.0,2,2,1,3,2.0,Estándar
M5HZ7X5U73,2021-02-22 11:43:00,2021-02-22 11:57:00,Comercio detallista,Otro,Bogotá  D.C.,1,7115800,3337800,3,3.0,11,4,2021-05-01,1,2.75,0,5,3,5,4.333333333333333,Estándar
M6DAT66S3X,2020-12-18 14:06:00,2020-12-18 14:26:00,Belleza y cuidado personal,Spa,Bogotá  D.C.,1,12443420,0,5,5.0,15,6,2021-05-01,2,2.5,0,5,4,5,4.666666666666667,Alto valor
M6L291J9AL,2021-03-11 13:44:00,2021-03-11 13:56:00,Comercio detallista,Otro,Bogotá  D.C.,1,1017100,0,2,2.0,8,3,2021-05-01,2,2.6666666666666665,0,3,3,5,3.6666666666666665,Estándar
M6OZBW3KV8,2021-03-15 13:11:00,2021-03-15 16:20:00,Comercio detallista,Óptica,Bogotá  D.C.,1,5785000,1225000,2,2.0,12,3,2021-05-01,4,4.0,0,4,3,5,4.0,Estándar
M6UN6KKMVK,2021-03-30 13:25:00,2021-03-30 13:38:00,Comercio detallista,Electrodomésticos,Bogotá  D.C.,1,1724000,133000,2,2.0,7,3,2021-05-01,5,2.3333333333333335,0,3,2,5,3.3333333333333335,Estándar
M7CPCAKDOW,2021-02-09 14:57:00,2021-02-09 15:13:00,Reparación y limpieza,Moda / Zapatería,Bogotá  D.C.,1,2000,0,3,3.0,1,1,2021-02-01,0,1.0,3,1,1,2,1.3333333333333333,Baja actividad
MA4Q90WWJP,2021-03-03 15:50:00,2021-03-03 15:58:00,Servicios,Otro,Bogotá  D.C.,1,4780000,693000,2,2.0,22,3,2021-05-01,10,7.333333333333333,0,4,4,5,4.333333333333333,Alto valor
MA88HYP2K0,2021-03-11 16:52:00,2021-03-11 17:03:00,Reparación y limpieza,Moda / Zapatería,Bogotá  D.C.,1,185000,0,2,2.0,3,2,2021-05-01,1,1.5,0,2,1,5,2.6666666666666665,Nuevos o bajo desarrollo
MABV7Z1QOS,2021-02-22 11:55:00,2021-02-22 12:08:00,Comercio detallista,Ropa / Accesorios,Bogotá  D.C.,1,18000,0,3,3.0,2,1,2021-02-01,0,2.0,3,1,1,2,1.3333333333333333,Baja actividad
MAN4695RE8,2021-03-18 13:50:00,,Servicios,Tecnología y software,Bogotá  D.C.,1,0,0,2,,1,1,2021-03-01,0,1.0,2,1,1,3,1.6666666666666667,Estándar
MATDNHL7KW,2021-02-10 15:35:00,2021-02-10 15:48:00,Comercio detallista,Óptica,Soacha,1,1402000,60000,3,3.0,7,3,2021-04-01,0,2.3333333333333335,1,3,2,4,3.0,Estándar
MB6DZQNR7S,2021-03-24 15:03:00,2021-03-24 15:34:00,Comercio detallista,Tienda de deportes,Bogotá  D.C.,1,3967750,417000,2,2.0,11,3,2021-05-01,4,3.6666666666666665,0,4,3,5,4.0,Estándar
MB9ZFFD6U9,2021-03-18 14:14:00,2021-03-18 14:30:00,Comercio detallista,Joyería,Soacha,1,1369000,55000,2,2.0,8,2,2021-04-01,0,4.0,1,3,3,4,3.3333333333333335,Estándar
MBAE22ZFET,2021-03-26 15:14:00,2021-03-26 15:29:00,Comercio detallista,Libros / Papelería,Bogotá  D.C.,1,2000,0,2,2.0,2,2,2021-05-01,1,1.0,0,1,1,5,2.3333333333333335,Nuevos o bajo desarrollo
MBAQXWNCA8,2020-12-07 14:07:00,2020-12-07 14:29:00,Alimentos y bebidas,Otro,Bogotá  D.C.,1,1290000,222000,5,5.0,16,6,2021-05-01,6,2.6666666666666665,0,3,4,5,4.0,Estándar
MBAT0CNCX3,2021-03-05 15:06:00,2021-03-05 15:20:00,Comercio detallista,Óptica,Bogotá  D.C.,1,15854000,2682000,2,2.0,27,3,2021-05-01,5,9.0,0,5,4,5,4.666666666666667,Alto valor
MBG4BBS0ZF,2021-02-18 17:42:00,2021-02-18 17:55:00,Turismo y entretenimiento,Entrenador personal,Bogotá  D.C.,1,652000,0,3,3.0,5,3,2021-04-01,0,1.6666666666666667,1,2,2,4,2.6666666666666665,Nuevos o bajo desarrollo
MBGZ788DAW,2021-03-22 10:37:00,2021-03-22 10:59:00,Comercio detallista,Otro,Bogotá  D.C.,1,593000,0,2,2.0,8,3,2021-05-01,1,2.6666666666666665,0,2,3,5,3.3333333333333335,Estándar
MCIHBFIT21,2021-03-11 10:43:00,2021-03-11 10:51:00,Servicios,Veterinaria,Bogotá  D.C.,1,1742800,192300,2,2.0,20,3,2021-05-01,9,6.666666666666667,0,3,4,5,4.0,Estándar
MCTSSCB8GF,2021-03-25 12:31:00,2021-03-25 17:56:00,Alimentos y bebidas,Abarrotes / Mercado,Bogotá  D.C.,1,1079550,302600,2,2.0,31,3,2021-05-01,18,10.333333333333334,0,3,5,5,4.333333333333333,Estándar
MCX49Q2ICS,2021-03-03 16:35:00,2021-03-03 16:46:00,Servicios,Tecnología y software,Bogotá  D.C.,1,1955300,231000,2,2.0,15,3,2021-05-01,10,5.0,0,3,4,5,4.0,Estándar
MDCITTJ051,2021-03-15 16:53:00,2021-03-15 17:10:00,Comercio detallista,Mascotas,Bogotá  D.C.,1,3428700,440100,2,2.0,56,3,2021-05-01,28,18.666666666666668,0,4,5,5,4.666666666666667,Alto valor
MDMUSVHW27,2021-01-20 15:26:00,2021-01-20 15:39:00,Comercio detallista,Óptica,Bogotá  D.C.,1,5382000,0,4,4.0,17,5,2021-05-01,3,3.4,0,4,4,5,4.333333333333333,Alto valor
MDQBI18G0H,2021-03-15 20:03:00,2021-03-18 14:35:00,Servicios,Otro,Bogotá  D.C.,1,3263304,185850,2,2.0,27,3,2021-05-01,11,9.0,0,4,4,5,4.333333333333333,Alto valor
MDQD09KPD8,2021-03-29 11:56:00,2021-03-29 12:12:00,Comercio detallista,Tecnología,Bogotá  D.C.,1,1668000,50000,2,2.0,3,2,2021-05-01,1,1.5,0,3,1,5,3.0,Estándar
MDYXP46Y6D,2021-03-20 12:22:00,2021-03-20 12:32:00,Comercio detallista,Óptica,Zipaquirá,1,601000,0,2,2.0,4,2,2021-04-01,0,2.0,1,2,2,4,2.6666666666666665,Nuevos o bajo desarrollo
MEJ0Y2UWFC,2021-02-23 14:59:00,2021-02-23 15:23:00,Servicios,Otro,Bogotá  D.C.,1,1066450,0,3,3.0,15,3,2021-05-01,2,5.0,0,3,4,5,4.0,Estándar
MF1J9PLAZB,2021-03-10 16:58:00,2021-03-10 17:24:00,Comercio detallista,Juguetería / Piñatería,Bogotá  D.C.,1,103200,8700,2,2.0,6,2,2021-05-01,3,3.0,0,1,2,5,2.6666666666666665,Nuevos o bajo desarrollo
MG0TXIFH2Y,2021-01-30 14:34:00,2021-01-30 14:47:00,Comercio detallista,Materiales de construcción,Bogotá  D.C.,1,862800,14800,4,4.0,12,4,2021-04-01,0,3.0,1,2,3,4,3.0,Estándar
MHA1W68HEF,2021-01-12 14:58:00,2021-01-12 15:11:00,Comercio detallista,Óptica,Bogotá  D.C.,1,1662000,0,4,4.0,6,4,2021-04-01,0,1.5,1,3,2,4,3.0,Estándar
MHTOMTRPXW,2021-02-09 15:14:00,2021-02-09 15:25:00,Comercio detallista,Óptica,Bogotá  D.C.,1,1622000,0,3,3.0,6,3,2021-05-01,3,2.0,0,3,2,5,3.3333333333333335,Estándar
MID8YJ7B2Q,2021-03-18 12:27:00,2021-03-18 12:43:00,Alimentos y bebidas,Repostería / Panadería,Bogotá  D.C.,1,986971,96800,2,2.0,33,3,2021-05-01,12,11.0,0,3,5,5,4.333333333333333,Estándar
MII41Z5CDJ,2021-03-15 16:43:00,2021-03-15 17:08:00,Comercio detallista,Artesanías,Bogotá  D.C.,1,4000,0,2,2.0,7,2,2021-05-01,5,3.5,0,1,2,5,2.6666666666666665,Nuevos o bajo desarrollo
MILUR46FPC,2021-03-29 14:35:00,2021-03-29 14:46:00,Comercio detallista,Materiales de construcción,Bogotá  D.C.,1,1182900,86500,2,2.0,9,3,2021-05-01,2,3.0,0,3,3,5,3.6666666666666665,Estándar
MJHRQNWSIA,2021-03-24 15:53:00,2021-03-24 16:13:00,Comercio detallista,Muebles / Decoración,Cali,1,515000,505000,2,2.0,3,2,2021-04-01,0,1.5,1,2,1,4,2.3333333333333335,Nuevos o bajo desarrollo
MJVN8KHF63,2021-03-24 18:19:00,2021-03-24 18:36:00,Reparación y limpieza,Moda / Zapatería,Bogotá  D.C.,1,1305200,775000,2,2.0,20,2,2021-05-01,10,10.0,0,3,4,5,4.0,Estándar
MK1HU2V9VX,2021-03-19 12:09:00,2021-03-19 12:23:00,Belleza y cuidado personal,Salón de belleza,Bogotá  D.C.,1,267000,22000,2,2.0,7,3,2021-05-01,4,2.3333333333333335,0,2,2,5,3.0,Nuevos o bajo desarrollo
MKGC0PHC6Q,2021-03-09 15:08:00,2021-03-09 15:17:00,Alimentos y bebidas,Bar / Club / Discoteca,Soacha,1,183600,0,2,2.0,3,2,2021-04-01,0,1.5,1,2,1,4,2.3333333333333335,Nuevos o bajo desarrollo
MKT16Z8OOI,2021-03-26 12:03:00,2021-03-26 12:25:00,Comercio detallista,Elementos de seguridad,Bogotá  D.C.,1,552000,208000,2,2.0,5,2,2021-05-01,3,2.5,0,2,2,5,3.0,Nuevos o bajo desarrollo
MLZY5KPHBV,2021-03-27 12:47:00,2021-03-27 13:01:00,Alimentos y bebidas,Restaurante / Café,Bogotá  D.C.,1,608500,257500,2,2.0,10,3,2021-05-01,7,3.3333333333333335,0,2,3,5,3.3333333333333335,Estándar
MMX7SJT98E,2021-03-02 10:55:00,2021-03-02 11:05:00,Comercio detallista,Ropa / Accesorios,Bogotá  D.C.,1,1257000,139000,2,2.0,25,3,2021-05-01,10,8.333333333333334,0,3,4,5,4.0,Estándar
MNHAH41IFF,2021-03-16 19:15:00,2021-03-16 19:32:00,Comercio detallista,Tecnología,Bogotá  D.C.,1,4932000,799800,2,2.0,23,3,2021-05-01,14,7.666666666666667,0,4,4,5,4.333333333333333,Alto valor
MNQC513UIT,2021-02-02 14:40:00,2021-02-02 14:52:00,Comercio detallista,Tienda naturista,Soacha,1,1969000,0,3,3.0,7,3,2021-05-01,2,2.3333333333333335,0,3,2,5,3.3333333333333335,Estándar
MOTBUA1AJN,2021-03-03 16:23:00,2021-03-03 16:35:00,Comercio detallista,Otro,Bogotá  D.C.,1,972000,498000,2,2.0,7,2,2021-05-01,2,3.5,0,2,2,5,3.0,Nuevos o bajo desarrollo
MOXR8NUMH9,2021-03-04 18:31:00,2021-03-04 18:45:00,Comercio detallista,Tecnología,Bogotá  D.C.,1,152000,0,2,2.0,4,3,2021-05-01,1,1.3333333333333333,0,1,2,5,2.6666666666666665,Nuevos o bajo desarrollo
MQIXZ63VDC,2021-02-09 15:04:00,2021-02-09 15:16:00,Comercio detallista,Óptica,Bogotá  D.C.,1,7983000,0,3,3.0,23,3,2021-05-01,1,7.666666666666667,0,5,4,5,4.666666666666667,Alto valor
MQPYBCAV04,2020-12-14 17:33:00,2020-12-14 17:50:00,Comercio detallista,Juguetería / Piñatería,Bogotá  D.C.,1,699400,52000,5,5.0,19,4,2021-05-01,3,4.75,0,2,4,5,3.6666666666666665,Estándar
MRCUN9NU5L,2021-03-04 19:32:00,2021-03-04 19:45:00,Alimentos y bebidas,Abarrotes / Mercado,Bogotá  D.C.,1,2106210,271825,2,2.0,26,3,2021-05-01,1,8.666666666666666,0,3,4,5,4.0,Estándar
MRF5SEXRVL,2021-02-20 11:50:00,2021-02-20 12:33:00,Transporte,Taxi,Cali,1,28000,0,3,3.0,2,1,2021-02-01,0,2.0,3,1,1,2,1.3333333333333333,Baja actividad
MS0J1TKVJ8,2021-01-20 12:12:00,2021-01-20 12:29:00,Comercio detallista,Auto partes,Bogotá  D.C.,1,13723500,0,4,4.0,158,5,2021-05-01,41,31.6,0,5,5,5,5.0,Alto valor
MSPPQDU7FT,2021-01-15 17:00:00,2021-01-15 17:10:00,Comercio detallista,Óptica,Bogotá  D.C.,1,6510700,2602700,4,4.0,17,4,2021-05-01,3,4.25,0,5,4,5,4.666666666666667,Alto valor
MT1NAV81PW,2021-03-16 13:34:00,2021-03-16 13:42:00,Reparación y limpieza,Automotriz y autopartes,Bogotá  D.C.,1,182000,0,2,2.0,3,1,2021-03-01,0,3.0,2,2,1,3,2.0,Estándar
MT2QVRHKL8,2020-12-14 11:36:00,2020-12-14 11:52:00,Alimentos y bebidas,Abarrotes / Mercado,Bogotá  D.C.,1,3734950,205000,5,5.0,73,6,2021-05-01,14,12.166666666666666,0,4,5,5,4.666666666666667,Alto valor
MTRYBW9ZZS,2021-01-05 04:23:00,2021-03-31 18:37:00,Comercio detallista,Artesanías,Bogotá  D.C.,1,1508200,0,4,2.0,12,3,2021-05-01,4,4.0,0,3,3,5,3.6666666666666665,Estándar
MTUHC740X1,2021-03-03 12:51:00,2021-03-03 13:01:00,Comercio detallista,Materiales de construcción,Bogotá  D.C.,1,19539634,6716044,2,2.0,19,3,2021-05-01,2,6.333333333333333,0,5,4,5,4.666666666666667,Alto valor
MUYUXZR6H9,2021-03-08 18:19:00,2021-03-08 18:34:00,Alimentos y bebidas,Licores,Bogotá  D.C.,1,2148800,219000,2,2.0,40,3,2021-05-01,20,13.333333333333334,0,3,5,5,4.333333333333333,Estándar
MVJYKIJZP9,2021-02-16 10:27:00,2021-02-16 12:45:00,Comercio detallista,Óptica,Bogotá  D.C.,1,5337000,625000,3,3.0,11,3,2021-05-01,1,3.6666666666666665,0,4,3,5,4.0,Estándar
MVZZ6ITINJ,2020-12-23 11:23:00,2020-12-23 11:35:00,Servicios,Veterinaria,Bogotá  D.C.,1,3108400,202300,5,5.0,42,6,2021-05-01,11,7.0,0,4,5,5,4.666666666666667,Alto valor
MX1SQKCAPE,2021-01-20 13:24:00,2021-01-20 13:49:00,Reparación y limpieza,Reparaciones locativas,Soacha,1,23894000,3400000,4,4.0,15,4,2021-05-01,1,3.75,0,5,4,5,4.666666666666667,Alto valor
MXP00L514B,2021-03-29 18:18:00,2021-03-29 18:29:00,Comercio detallista,Insumos,Bogotá  D.C.,1,918800,678000,2,2.0,2,2,2021-05-01,1,1.0,0,2,1,5,2.6666666666666665,Nuevos o bajo desarrollo
MXX4Y9TSGF,2021-02-25 09:50:00,,Servicios,Otro,Bogotá  D.C.,1,0,0,3,,2,2,2021-03-01,0,1.0,2,1,1,3,1.6666666666666667,Estándar
MYCIXQO8ST,2021-03-08 17:19:00,2021-03-08 17:31:00,Servicios,Medicina / Odontología,Bogotá  D.C.,1,663500,60000,2,2.0,8,3,2021-05-01,1,2.6666666666666665,0,2,3,5,3.3333333333333335,Estándar
MYJZ3UF0R9,2021-03-19 10:59:00,2021-03-19 11:22:00,Alimentos y bebidas,Abarrotes / Mercado,Bogotá  D.C.,1,684800,163100,2,2.0,28,3,2021-05-01,14,9.333333333333334,0,2,4,5,3.6666666666666665,Estándar
MZ896JX4D8,2021-02-16 12:57:00,2021-02-16 13:08:00,Comercio detallista,Óptica,Bogotá  D.C.,1,1778000,150000,3,3.0,18,4,2021-05-01,3,4.5,0,3,4,5,4.0,Estándar
N04ZQSMO6S,2021-03-23 15:05:00,2021-03-23 15:18:00,Comercio detallista,Materiales de construcción,Bogotá  D.C.,1,2728000,616000,2,2.0,3,3,2021-05-01,1,1.0,0,4,1,5,3.3333333333333335,Estándar
N0M46T3Z15,2021-02-22 15:56:00,2021-02-23 19:21:00,Reparación y limpieza,Automotriz y autopartes,Bogotá  D.C.,1,1118030,143000,3,3.0,8,4,2021-05-01,1,2.0,0,3,3,5,3.6666666666666665,Estándar
N0ZJGQMQNF,2021-03-10 11:36:00,2021-03-10 12:00:00,Alimentos y bebidas,Abarrotes / Mercado,Bogotá  D.C.,1,104000,0,2,2.0,4,2,2021-04-01,0,2.0,1,1,2,4,2.3333333333333335,Nuevos o bajo desarrollo
N1EFMFXFWF,2021-02-06 14:46:00,2021-02-06 14:56:00,Alimentos y bebidas,Bar / Club / Discoteca,Bogotá  D.C.,1,29002000,0,3,3.0,1,1,2021-02-01,0,1.0,3,5,1,2,2.6666666666666665,Estándar
N1LXZQRUJL,2021-03-23 13:25:00,2021-03-23 13:33:00,Comercio detallista,Óptica,Bogotá  D.C.,1,297000,0,2,2.0,10,3,2021-05-01,2,3.3333333333333335,0,2,3,5,3.3333333333333335,Estándar
N1XP9WJDOM,2021-02-04 15:01:00,2021-02-04 15:13:00,Servicios,Otro,Bogotá  D.C.,1,4000,0,3,3.0,2,1,2021-02-01,0,2.0,3,1,1,2,1.3333333333333333,Baja actividad
N2SA4YW9HR,2021-03-18 16:05:00,2021-03-18 16:25:00,Servicios,Veterinaria,Bogotá  D.C.,1,3252275,281900,2,2.0,25,3,2021-05-01,9,8.333333333333334,0,4,4,5,4.333333333333333,Alto valor
N31C5HZ0TA,2021-03-08 09:26:00,2021-03-08 09:38:00,Belleza y cuidado personal,Spa,Bogotá  D.C.,1,479300,0,2,2.0,12,2,2021-04-01,0,6.0,1,2,3,4,3.0,Estándar
N35GIRSG0V,2021-03-08 17:21:00,2021-03-08 17:30:00,Servicios,Otro,Bogotá  D.C.,1,2902500,260000,2,2.0,10,3,2021-05-01,2,3.3333333333333335,0,4,3,5,4.0,Estándar
N3G1Y8W789,2021-03-12 13:32:00,2021-03-12 13:44:00,Servicios,Otro,Bogotá  D.C.,1,49369800,10867000,2,2.0,415,3,2021-05-01,216,138.33333333333334,0,5,5,5,5.0,Alto valor
N3ZM0JOFWJ,2020-12-11 14:56:00,2020-12-11 15:12:00,Reparación y limpieza,Automotriz y autopartes,Bogotá  D.C.,1,13859875,1800000,5,5.0,19,6,2021-05-01,4,3.1666666666666665,0,5,4,5,4.666666666666667,Alto valor
N404HN5ZOI,2021-03-16 17:41:00,2021-03-16 17:51:00,Comercio detallista,Muebles / Decoración,Bogotá  D.C.,1,10691000,4055000,2,2.0,8,2,2021-05-01,2,4.0,0,5,3,5,4.333333333333333,Estándar
N44MBOSHB8,2020-12-02 11:11:00,2021-03-15 15:11:00,Comercio detallista,Ropa / Accesorios,Bogotá  D.C.,1,786000,0,5,2.0,6,3,2021-05-01,2,2.0,0,2,2,5,3.0,Nuevos o bajo desarrollo
N4W0AS3UO8,2021-02-23 14:11:00,2021-02-23 14:22:00,Comercio detallista,Otro,Bogotá  D.C.,1,26127800,4107000,3,3.0,91,4,2021-05-01,23,22.75,0,5,5,5,5.0,Alto valor
N608KWGN3F,2021-01-16 13:36:00,2021-01-16 13:52:00,Reparación y limpieza,Reparaciones locativas,Soacha,1,7762500,2300000,4,4.0,9,4,2021-05-01,2,2.25,0,5,3,5,4.333333333333333,Estándar
N6EOXET40P,2021-03-16 09:06:00,2021-03-16 09:23:00,Reparación y limpieza,Automotriz y autopartes,Soacha,1,3828015,753000,2,2.0,22,3,2021-05-01,7,7.333333333333333,0,4,4,5,4.333333333333333,Alto valor
N6J4NVC9M4,2021-03-11 16:01:00,2021-03-11 16:13:00,Reparación y limpieza,Reparaciones locativas,Bogotá  D.C.,1,13955100,77400,2,2.0,22,3,2021-05-01,7,7.333333333333333,0,5,4,5,4.666666666666667,Alto valor
N6L2L682AM,2020-12-22 12:18:00,2020-12-22 12:36:00,Reparación y limpieza,Automotriz y autopartes,Bogotá  D.C.,1,2000,0,5,5.0,1,1,2020-12-01,0,1.0,5,1,1,1,1.0,Baja actividad
N6UIQA504G,2021-03-19 20:12:00,2021-03-19 20:34:00,Comercio detallista,Tecnología,Bogotá  D.C.,1,798000,476000,2,2.0,9,2,2021-04-01,0,4.5,1,2,3,4,3.0,Estándar
N6WZU49VAK,2021-03-26 20:13:00,2021-03-26 20:30:00,Comercio detallista,Óptica,Bogotá  D.C.,1,3335000,0,2,2.0,7,3,2021-05-01,1,2.3333333333333335,0,4,2,5,3.6666666666666665,Estándar
N6YTX2K3FS,2021-01-30 12:43:00,2021-01-30 12:54:00,Comercio detallista,Óptica,Bogotá  D.C.,1,2064000,0,4,4.0,13,3,2021-03-01,0,4.333333333333333,2,3,3,3,3.0,Estándar
N7FTL6L4AW,2021-03-16 11:58:00,2021-03-16 12:15:00,Comercio detallista,Tecnología,El Rosal,1,6600430,0,2,2.0,20,3,2021-05-01,13,6.666666666666667,0,5,4,5,4.666666666666667,Alto valor
N7RRLLHXAA,2021-02-19 18:01:00,2021-02-27 14:58:00,Belleza y cuidado personal,Salón de belleza,Bogotá  D.C.,1,103000,0,3,3.0,1,1,2021-02-01,0,1.0,3,1,1,2,1.3333333333333333,Baja actividad
N7SGMZWH5W,2021-03-09 21:32:00,2021-03-29 19:39:00,Alimentos y bebidas,Licores,Choachí,1,861025,408000,2,2.0,8,3,2021-05-01,3,2.6666666666666665,0,2,3,5,3.3333333333333335,Estándar
N8PE0TF8B3,2021-03-24 11:24:00,2021-03-24 11:38:00,Servicios,Otro,Bogotá  D.C.,1,2374100,329600,2,2.0,9,3,2021-05-01,1,3.0,0,3,3,5,3.6666666666666665,Estándar
N8ZFCDTI13,2021-03-16 17:10:00,2021-03-16 17:28:00,Comercio detallista,Óptica,Bogotá  D.C.,1,7909000,815000,2,2.0,19,3,2021-05-01,9,6.333333333333333,0,5,4,5,4.666666666666667,Alto valor
N97HUV9GU4,2021-03-06 13:05:00,2021-03-06 13:12:00,Comercio detallista,Electrodomésticos,Bogotá  D.C.,1,1000,0,2,2.0,1,1,2021-03-01,0,1.0,2,1,1,3,1.6666666666666667,Estándar
N9B2RPJXMT,2021-03-24 09:45:00,2021-03-24 09:58:00,Transporte,Servicio especial,Bogotá  D.C.,1,7000,1000,2,2.0,5,3,2021-05-01,1,1.6666666666666667,0,1,2,5,2.6666666666666665,Nuevos o bajo desarrollo
N9P7TD2J70,2021-03-10 10:05:00,2021-03-10 10:25:00,Reparación y limpieza,Reparaciones locativas,Fusagasugá,2,8814500,570000,2,2.0,11,3,2021-05-01,5,3.6666666666666665,0,5,3,5,4.333333333333333,Estándar
N9QIOERYT9,2021-02-26 14:16:00,2021-02-26 14:27:00,Comercio detallista,Auto partes,Bogotá  D.C.,1,10785800,1569000,3,3.0,93,4,2021-05-01,20,23.25,0,5,5,5,5.0,Alto valor
NAQNKNBIGG,2021-02-04 15:01:00,2021-02-04 15:24:00,Comercio detallista,Ropa / Accesorios,Soacha,1,2000,0,3,3.0,1,1,2021-02-01,0,1.0,3,1,1,2,1.3333333333333333,Baja actividad
NBX81FR2HU,2021-03-10 12:07:00,2021-03-10 12:21:00,Comercio detallista,Tecnología,Bogotá  D.C.,1,1906950,463000,2,2.0,23,3,2021-05-01,9,7.666666666666667,0,3,4,5,4.0,Estándar
NCAGAOD6WX,2021-03-20 09:16:00,2021-03-20 09:34:00,Belleza y cuidado personal,Distribuidora,Bogotá  D.C.,1,12000,10000,2,2.0,1,1,2021-03-01,0,1.0,2,1,1,3,1.6666666666666667,Estándar
NCCEQTC04R,2021-03-20 16:08:00,2021-03-20 16:26:00,Belleza y cuidado personal,Otro,Bogotá  D.C.,1,5282000,2100000,2,2.0,6,3,2021-05-01,3,2.0,0,4,2,5,3.6666666666666665,Estándar
ND1ENHC0KM,2021-03-24 16:26:00,2021-03-24 16:34:00,Alimentos y bebidas,Restaurante / Café,Bogotá  D.C.,1,40500,16000,2,2.0,5,2,2021-05-01,3,2.5,0,1,2,5,2.6666666666666665,Nuevos o bajo desarrollo
NDHAAPXRNV,2020-12-21 17:25:00,2020-12-21 17:41:00,Servicios,Veterinaria,Chía,1,2000,0,5,5.0,1,1,2020-12-01,0,1.0,5,1,1,1,1.0,Baja actividad
NEAMOVE39C,2021-03-29 12:48:00,2021-03-29 13:13:00,Reparación y limpieza,Automotriz y autopartes,Bogotá  D.C.,1,875000,0,2,2.0,4,2,2021-05-01,3,2.0,0,2,2,5,3.0,Nuevos o bajo desarrollo
NEARIBNJZG,2021-03-25 11:59:00,2021-03-25 12:08:00,Comercio detallista,Muebles / Decoración,Bogotá  D.C.,1,2000,0,2,2.0,1,1,2021-03-01,0,1.0,2,1,1,3,1.6666666666666667,Estándar
NEIYA69TIY,2021-02-15 16:37:00,2021-02-15 16:47:00,Comercio detallista,Otro,Bogotá  D.C.,1,2690500,304500,3,3.0,20,4,2021-05-01,4,5.0,0,4,4,5,4.333333333333333,Alto valor
NEQ9DTJ777,2021-03-15 12:53:00,2021-03-15 13:06:00,Comercio detallista,Óptica,Bogotá  D.C.,1,524000,0,2,2.0,3,2,2021-05-01,1,1.5,0,2,1,5,2.6666666666666665,Nuevos o bajo desarrollo
NFMTYV8WBQ,2021-02-17 12:22:00,2021-02-17 12:31:00,Belleza y cuidado personal,Otro,Bogotá  D.C.,1,2000,0,3,3.0,1,1,2021-02-01,0,1.0,3,1,1,2,1.3333333333333333,Baja actividad
NFVSLAFT73,2021-03-08 14:03:00,2021-03-08 14:17:00,Comercio detallista,Elementos de seguridad,Bogotá  D.C.,1,3854200,184000,2,2.0,17,3,2021-05-01,5,5.666666666666667,0,4,4,5,4.333333333333333,Alto valor
NG1HSXTIWA,2021-03-29 16:38:00,2021-03-29 17:05:00,Comercio detallista,Farmacia,Bogotá  D.C.,1,1387800,318400,2,2.0,21,3,2021-05-01,7,7.0,0,3,4,5,4.0,Estándar
NGAQ4W1AME,2021-03-16 16:17:00,2021-03-16 16:27:00,Comercio detallista,Ropa / Accesorios,Soacha,1,12000,0,2,2.0,1,1,2021-03-01,0,1.0,2,1,1,3,1.6666666666666667,Estándar
NGGRF71F9C,2021-03-26 15:11:00,2021-03-26 15:21:00,Comercio detallista,Venta de bicicletas y accesorios,Bogotá  D.C.,1,5474000,638000,2,2.0,8,3,2021-05-01,4,2.6666666666666665,0,4,3,5,4.0,Estándar
NGNYLEU476,2020-12-29 19:37:00,2020-12-29 19:51:00,Comercio detallista,Juguetería / Piñatería,Bogotá  D.C.,1,138000,0,5,5.0,3,2,2021-02-01,0,1.5,3,1,1,2,1.3333333333333333,Baja actividad
NGSGMDOWB1,2020-12-07 16:22:00,2020-12-07 16:44:00,Servicios,Veterinaria,Bogotá  D.C.,1,430000,180000,5,5.0,6,3,2021-04-01,0,2.0,1,2,2,4,2.6666666666666665,Nuevos o bajo desarrollo
NH03J6I9RH,2021-02-22 14:19:00,2021-02-22 14:31:00,Comercio detallista,Auto partes,Bogotá  D.C.,1,8989500,1119500,3,3.0,12,4,2021-05-01,2,3.0,0,5,3,5,4.333333333333333,Estándar
NHC4IP9H70,2021-03-16 16:02:00,2021-03-16 16:10:00,Comercio detallista,Ropa / Accesorios,Bogotá  D.C.,1,37000,0,2,2.0,3,2,2021-04-01,0,1.5,1,1,1,4,2.0,Nuevos o bajo desarrollo
NHON1OIGF4,2021-01-27 13:40:00,2021-01-27 17:05:00,Comercio detallista,Muebles / Decoración,Bogotá  D.C.,1,46572524,12860000,4,4.0,70,5,2021-05-01,20,14.0,0,5,5,5,5.0,Alto valor
NIUT5ZZUPT,2021-03-17 17:24:00,2021-03-17 17:42:00,Servicios,Medicina / Odontología,Bogotá  D.C.,1,2000,0,2,2.0,1,1,2021-03-01,0,1.0,2,1,1,3,1.6666666666666667,Estándar
NIWLOJXBJJ,2021-03-25 09:40:00,2021-03-25 11:50:00,Servicios,Tecnología y software,Bogotá  D.C.,1,1041000,380000,2,2.0,5,2,2021-05-01,2,2.5,0,3,2,5,3.3333333333333335,Estándar
NJCE0BHTLI,2021-03-29 12:46:00,2021-03-29 12:55:00,Comercio detallista,Tienda de deportes,Bogotá  D.C.,1,2956000,1214000,2,2.0,11,3,2021-05-01,7,3.6666666666666665,0,4,3,5,4.0,Estándar
NJYDUHVEP2,2021-03-25 18:39:00,2021-03-25 18:57:00,Comercio detallista,Tecnología,Bogotá  D.C.,1,2413850,0,2,2.0,13,3,2021-05-01,4,4.333333333333333,0,3,3,5,3.6666666666666665,Estándar
NJZB3CCY2T,2021-03-05 14:40:00,2021-03-05 14:49:00,Comercio detallista,Óptica,Bogotá  D.C.,1,5212000,1070000,2,2.0,11,3,2021-05-01,1,3.6666666666666665,0,4,3,5,4.0,Estándar
NK4QK0ET15,2021-03-25 14:09:00,2021-03-25 14:34:00,Servicios,Medicina / Odontología,Bogotá  D.C.,1,7720000,2618000,2,2.0,21,3,2021-05-01,7,7.0,0,5,4,5,4.666666666666667,Alto valor
NKOF8KEQQI,2021-03-04 15:56:00,2021-03-04 16:04:00,Servicios,Otro,Bogotá  D.C.,1,765000,531000,2,2.0,4,1,2021-03-01,0,4.0,2,2,2,3,2.3333333333333335,Estándar
NKV7GV7BEL,2021-03-15 16:41:00,2021-03-15 16:54:00,Comercio detallista,Auto partes,Bogotá  D.C.,1,1952000,0,2,2.0,5,2,2021-04-01,0,2.5,1,3,2,4,3.0,Estándar
NLB22AXCTJ,2021-01-15 15:44:00,2021-01-15 15:56:00,Comercio detallista,Óptica,Bogotá  D.C.,1,20913000,2775000,4,4.0,69,5,2021-05-01,10,13.8,0,5,5,5,5.0,Alto valor
NLS9X2N5UB,2021-03-02 17:09:00,2021-03-02 17:25:00,Belleza y cuidado personal,Salón de belleza,Funza,1,533000,0,2,2.0,6,2,2021-04-01,0,3.0,1,2,2,4,2.6666666666666665,Nuevos o bajo desarrollo
NM5ILTMM7K,2021-02-22 17:43:00,2021-03-02 14:52:00,Alimentos y bebidas,Restaurante / Café,Pasto,1,49127150,8378500,3,2.0,324,3,2021-05-01,129,108.0,0,5,5,5,5.0,Alto valor
NMJJKOS27I,2021-03-19 12:58:00,2021-03-19 13:10:00,Belleza y cuidado personal,Salón de belleza,Bogotá  D.C.,1,2000,0,2,2.0,1,1,2021-03-01,0,1.0,2,1,1,3,1.6666666666666667,Estándar
NMKD6JY5GJ,2021-03-09 13:01:00,2021-03-09 13:12:00,Comercio detallista,Materiales de construcción,Bogotá  D.C.,1,21508011,1797000,2,2.0,16,3,2021-05-01,3,5.333333333333333,0,5,4,5,4.666666666666667,Alto valor
NMY7YZPPTD,2021-03-18 17:56:00,2021-03-18 18:11:00,Reparación y limpieza,Automotriz y autopartes,Bogotá  D.C.,1,875000,0,2,2.0,11,3,2021-05-01,6,3.6666666666666665,0,2,3,5,3.3333333333333335,Estándar
NNDMK03GZ9,2021-02-04 09:52:00,2021-02-04 10:07:00,Reparación y limpieza,Reparaciones locativas,Soacha,1,2000,0,3,3.0,1,1,2021-02-01,0,1.0,3,1,1,2,1.3333333333333333,Baja actividad
NNS6KMWD7K,2021-03-12 11:09:00,2021-03-12 11:24:00,Reparación y limpieza,Automotriz y autopartes,Bogotá  D.C.,1,2688000,200000,2,2.0,11,3,2021-05-01,2,3.6666666666666665,0,4,3,5,4.0,Estándar
NRGM093MBH,2020-12-11 15:49:00,2020-12-11 16:00:00,Reparación y limpieza,Automotriz y autopartes,Bogotá  D.C.,1,192000,0,5,5.0,4,3,2021-04-01,0,1.3333333333333333,1,2,2,4,2.6666666666666665,Nuevos o bajo desarrollo
NRGOCCZLW3,2020-12-15 09:40:00,2020-12-19 12:43:00,Belleza y cuidado personal,Salón de belleza,Bogotá  D.C.,1,600000,0,5,5.0,7,6,2021-05-01,1,1.1666666666666667,0,2,2,5,3.0,Nuevos o bajo desarrollo
NRH0495W52,2020-12-09 15:03:00,2020-12-09 15:25:00,Servicios,Tecnología y software,Bogotá  D.C.,1,9352000,1313000,5,5.0,37,6,2021-05-01,7,6.166666666666667,0,5,5,5,5.0,Alto valor
NRWCAPVBVP,2021-03-18 14:29:00,2021-03-18 14:41:00,Comercio detallista,Elementos del hogar,Bogotá  D.C.,1,943600,434000,2,2.0,10,3,2021-05-01,3,3.3333333333333335,0,2,3,5,3.3333333333333335,Estándar
NS48WBTDXL,2021-03-27 16:20:00,2021-03-27 16:43:00,Comercio detallista,Elementos de seguridad,Bogotá  D.C.,1,3907800,1146800,2,2.0,9,3,2021-05-01,2,3.0,0,4,3,5,4.0,Estándar
NSTOLC0OEC,2021-03-25 14:51:00,2021-03-25 15:10:00,Alimentos y bebidas,Comida rápida,Bogotá  D.C.,1,9161000,1458600,2,2.0,182,3,2021-05-01,84,60.666666666666664,0,5,5,5,5.0,Alto valor
NT7EFI86OD,2020-12-18 11:33:00,2020-12-18 11:45:00,Comercio detallista,Otro,Chía,1,8999492,199800,5,5.0,65,6,2021-05-01,11,10.833333333333334,0,5,5,5,5.0,Alto valor
NTRXRTKXJ1,2021-02-17 17:10:00,2021-02-17 17:26:00,Alimentos y bebidas,Comida rápida,Bogotá  D.C.,1,1251000,201000,3,3.0,30,4,2021-05-01,14,7.5,0,3,5,5,4.333333333333333,Estándar
NU4CR9LGLK,2021-03-19 16:30:00,2021-03-24 11:47:00,Belleza y cuidado personal,Centro de tatuajes,Bogotá  D.C.,1,1035000,115000,2,2.0,9,3,2021-05-01,3,3.0,0,3,3,5,3.6666666666666665,Estándar
NUBCQ989OW,2021-03-24 15:50:00,2021-03-24 16:02:00,Belleza y cuidado personal,Salón de belleza,Bogotá  D.C.,1,325000,0,2,2.0,4,3,2021-05-01,2,1.3333333333333333,0,2,2,5,3.0,Nuevos o bajo desarrollo
NUFKTKF0GA,2021-03-18 14:49:00,2021-03-18 14:59:00,Comercio detallista,Otro,Girardot,1,116800,59900,2,2.0,2,2,2021-04-01,0,1.0,1,1,1,4,2.0,Nuevos o bajo desarrollo
NUJWKHKGH6,2021-03-09 15:56:00,2021-03-09 16:08:00,Alimentos y bebidas,Licores,Bogotá  D.C.,1,139200,0,2,2.0,8,2,2021-04-01,0,4.0,1,1,3,4,2.6666666666666665,Estándar
NUUZV6L6W4,2021-03-17 12:33:00,2021-03-17 12:46:00,Servicios,Otro,Bogotá  D.C.,1,11312100,898000,2,2.0,46,3,2021-05-01,25,15.333333333333334,0,5,5,5,5.0,Alto valor
NVHV4M1LOQ,2021-03-17 10:55:00,2021-03-17 11:12:00,Comercio detallista,Mascotas,Bogotá  D.C.,1,1484200,609000,2,2.0,5,3,2021-05-01,3,1.6666666666666667,0,3,2,5,3.3333333333333335,Estándar
NW5FQIRGHD,2021-03-18 16:53:00,2021-03-18 17:05:00,Servicios,Tecnología y software,Girardot,1,10864000,771000,2,2.0,67,3,2021-05-01,22,22.333333333333332,0,5,5,5,5.0,Alto valor
NWPWS3QWJA,2021-03-24 15:42:00,2021-03-24 16:33:00,Comercio detallista,Ropa / Accesorios,Bogotá  D.C.,1,2267000,850000,2,2.0,9,3,2021-05-01,6,3.0,0,3,3,5,3.6666666666666665,Estándar
NY7STF2UTM,2021-02-22 14:26:00,2021-02-22 14:39:00,Comercio detallista,Elementos de seguridad,Bogotá  D.C.,1,18951790,5908000,3,3.0,49,4,2021-05-01,10,12.25,0,5,5,5,5.0,Alto valor
NYI1BNMAX9,2021-01-29 16:39:00,2021-01-29 16:54:00,Comercio detallista,Óptica,Bogotá  D.C.,1,5017000,180000,4,4.0,14,5,2021-05-01,2,2.8,0,4,3,5,4.0,Estándar
NYL1FHNVR5,2021-03-24 17:19:00,2021-03-24 17:29:00,Comercio detallista,Insumos,Bogotá  D.C.,1,1202000,0,2,2.0,5,2,2021-04-01,0,2.5,1,3,2,4,3.0,Estándar
NYZ4GZ9CXN,2020-12-17 13:45:00,2020-12-17 13:56:00,Comercio detallista,Ropa / Accesorios,Bogotá  D.C.,1,7276000,0,5,5.0,66,5,2021-04-01,0,13.2,1,5,5,4,4.666666666666667,Alto valor
O07JKD6LG8,2020-12-28 12:51:00,2020-12-28 13:03:00,Comercio detallista,Óptica,Bogotá  D.C.,1,5022000,0,5,5.0,16,6,2021-05-01,1,2.6666666666666665,0,4,4,5,4.333333333333333,Alto valor
O0EA4JUASZ,2021-03-20 14:34:00,2021-03-20 14:47:00,Turismo y entretenimiento,Turismo,Choachí,2,8385200,2135000,2,2.0,59,3,2021-05-01,13,19.666666666666668,0,5,5,5,5.0,Alto valor
O0SLIQ11XR,2021-03-12 18:44:00,2021-03-12 18:54:00,Comercio detallista,Ropa / Accesorios,Bogotá  D.C.,1,3975000,189000,2,2.0,19,3,2021-05-01,6,6.333333333333333,0,4,4,5,4.333333333333333,Alto valor
O1QO74NJS6,2021-03-23 11:14:00,2021-03-23 11:26:00,Comercio detallista,Materiales de construcción,Bogotá  D.C.,1,3443500,1100000,2,2.0,3,2,2021-04-01,0,1.5,1,4,1,4,3.0,Estándar
O1XSWMJLLM,2021-03-10 16:52:00,2021-03-10 17:00:00,Comercio detallista,Elementos de seguridad,Bogotá  D.C.,1,7380900,3433500,2,2.0,28,3,2021-05-01,14,9.333333333333334,0,5,4,5,4.666666666666667,Alto valor
O25MKTV0SE,2021-03-06 14:59:00,2021-03-06 15:09:00,Reparación y limpieza,Moda / Zapatería,Bogotá  D.C.,1,12000,0,2,2.0,2,2,2021-05-01,1,1.0,0,1,1,5,2.3333333333333335,Nuevos o bajo desarrollo
O37KRTROOO,2021-03-18 14:23:00,2021-03-18 14:36:00,Comercio detallista,Venta de vehículos usados,Bogotá  D.C.,1,15014000,4125000,2,2.0,9,3,2021-05-01,1,3.0,0,5,3,5,4.333333333333333,Estándar
O3ARPVHZRA,2021-03-24 11:21:00,2021-03-24 11:49:00,Comercio detallista,Ropa / Accesorios,Soacha,1,3601000,1068000,2,2.0,42,3,2021-05-01,18,14.0,0,4,5,5,4.666666666666667,Alto valor
O3DBLQSRTL,2021-03-10 15:29:00,2021-03-10 15:40:00,Servicios,Otro,Bogotá  D.C.,1,2652800,0,2,2.0,5,3,2021-05-01,2,1.6666666666666667,0,4,2,5,3.6666666666666665,Estándar
O3TS8V4CFH,2021-03-30 10:31:00,2021-03-30 10:46:00,Comercio detallista,Tecnología,Bogotá  D.C.,1,505000,461000,2,2.0,2,2,2021-04-01,0,1.0,1,2,1,4,2.3333333333333335,Nuevos o bajo desarrollo
O3ZU4QZZC3,2021-03-09 13:52:00,2021-03-09 14:04:00,Belleza y cuidado personal,Salón de belleza,Bogotá  D.C.,1,2000,0,2,2.0,1,1,2021-03-01,0,1.0,2,1,1,3,1.6666666666666667,Estándar
O47A4L1QNN,2021-03-04 15:48:00,2021-03-04 15:58:00,Comercio detallista,Elementos de seguridad,Bogotá  D.C.,1,320720,66000,2,2.0,2,2,2021-04-01,0,1.0,1,2,1,4,2.3333333333333335,Nuevos o bajo desarrollo
O4LLLHJKZB,2021-01-21 09:20:00,2021-01-21 09:31:00,Alimentos y bebidas,Bar / Club / Discoteca,Bogotá  D.C.,2,2000,0,4,4.0,1,1,2021-01-01,0,1.0,4,1,1,1,1.0,Baja actividad
O6DOYQGP7S,2021-03-03 10:39:00,2021-03-03 10:52:00,Servicios,Otro,Chía,1,3688500,0,2,2.0,5,2,2021-05-01,1,2.5,0,4,2,5,3.6666666666666665,Estándar
O6KXYSELLV,2020-12-17 16:04:00,2020-12-17 16:24:00,Servicios,Otro,Bogotá  D.C.,1,2000,0,5,5.0,1,1,2020-12-01,0,1.0,5,1,1,1,1.0,Baja actividad
O6X47SKRK3,2020-12-30 17:57:00,2020-12-30 18:12:00,Servicios,Contabilidad / Asesorías,Cali,1,2000,0,5,5.0,1,1,2020-12-01,0,1.0,5,1,1,1,1.0,Baja actividad
O6YMX0AOLL,2021-03-19 15:13:00,2021-03-19 15:22:00,Comercio detallista,Óptica,Bogotá  D.C.,1,13073000,1000000,2,2.0,17,3,2021-05-01,11,5.666666666666667,0,5,4,5,4.666666666666667,Alto valor
O7KUL973QG,2021-03-11 11:40:00,2021-03-11 11:51:00,Servicios,Medicina / Odontología,Bogotá  D.C.,1,1714600,409600,2,2.0,51,3,2021-05-01,27,17.0,0,3,5,5,4.333333333333333,Estándar
O7SYQXUG1A,2021-02-17 16:03:00,2021-02-17 16:14:00,Servicios,Otro,Bogotá  D.C.,1,1704200,0,3,3.0,9,2,2021-05-01,3,4.5,0,3,3,5,3.6666666666666665,Estándar
O8C5448LJ6,2021-03-03 14:38:00,2021-03-03 14:53:00,Comercio detallista,Venta de vehículos usados,Cali,1,27056915,2760000,2,2.0,13,3,2021-05-01,6,4.333333333333333,0,5,3,5,4.333333333333333,Estándar
O8YQXXV3AB,2021-02-09 22:16:00,2021-02-13 18:23:00,Belleza y cuidado personal,Salón de belleza,Bogotá  D.C.,1,244900,12000,3,3.0,12,4,2021-05-01,1,3.0,0,2,3,5,3.3333333333333335,Estándar
O90JTXO18H,2021-03-17 11:42:00,2021-03-18 12:16:00,Comercio detallista,Muebles / Decoración,Bogotá  D.C.,1,2762500,662500,2,2.0,5,3,2021-05-01,2,1.6666666666666667,0,4,2,5,3.6666666666666665,Estándar
O92UJR5QKT,2021-03-16 16:52:00,2021-03-16 17:07:00,Comercio detallista,Tecnología,Bogotá  D.C.,1,1473900,0,2,2.0,5,2,2021-04-01,0,2.5,1,3,2,4,3.0,Estándar
O9EHVSNAET,2021-03-19 11:49:00,2021-03-19 12:05:00,Alimentos y bebidas,Otro,Zipaquirá,1,536100,38000,2,2.0,14,3,2021-05-01,9,4.666666666666667,0,2,3,5,3.3333333333333335,Estándar
O9W0QEL67V,2021-03-18 11:37:00,2021-03-18 11:51:00,Alimentos y bebidas,Comida rápida,Bogotá  D.C.,1,981900,144600,2,2.0,45,3,2021-05-01,14,15.0,0,3,5,5,4.333333333333333,Estándar
OA1ELFZBE1,2021-03-13 15:32:00,2021-03-13 15:41:00,Servicios,Contabilidad / Asesorías,Bogotá  D.C.,1,2000,0,2,2.0,1,1,2021-03-01,0,1.0,2,1,1,3,1.6666666666666667,Estándar
OA1HLVRPXD,2021-03-11 10:24:00,2021-03-11 10:37:00,Comercio detallista,Electrodomésticos,Bogotá  D.C.,1,10104000,165000,2,2.0,9,3,2021-05-01,2,3.0,0,5,3,5,4.333333333333333,Estándar
OA8B071HAG,2021-03-06 13:56:00,2021-03-06 14:33:00,Comercio detallista,Materiales de construcción,Bogotá  D.C.,1,4000,0,2,2.0,2,2,2021-04-01,0,1.0,1,1,1,4,2.0,Nuevos o bajo desarrollo
OAD1TP9MG4,2021-02-02 15:03:00,2021-02-02 19:01:00,Alimentos y bebidas,Comida rápida,Bogotá  D.C.,1,2409987,183900,3,3.0,82,4,2021-05-01,24,20.5,0,3,5,5,4.333333333333333,Estándar
OC29LRET3H,2021-03-23 16:51:00,2021-03-23 16:58:00,Belleza y cuidado personal,Spa,Bogotá  D.C.,1,129750,57750,2,2.0,3,3,2021-05-01,1,1.0,0,1,1,5,2.3333333333333335,Nuevos o bajo desarrollo
OCFXG10CL7,2021-03-03 13:35:00,2021-03-03 13:45:00,Reparación y limpieza,Moda / Zapatería,Bogotá  D.C.,1,1379000,616000,2,2.0,8,2,2021-05-01,6,4.0,0,3,3,5,3.6666666666666665,Estándar
OCO5C2OWJ6,2021-03-05 16:51:00,2021-03-05 17:00:00,Comercio detallista,Óptica,Bogotá  D.C.,1,5942000,1365000,2,2.0,14,3,2021-05-01,8,4.666666666666667,0,4,3,5,4.0,Estándar
OCQ0VV8WTD,2021-03-06 11:42:00,2021-03-06 11:52:00,Alimentos y bebidas,Licores,Bogotá  D.C.,1,1000,0,2,2.0,1,1,2021-03-01,0,1.0,2,1,1,3,1.6666666666666667,Estándar
OCUNU8M3SX,2021-02-24 11:49:00,2021-02-24 12:08:00,Comercio detallista,Óptica,Bogotá  D.C.,1,1075000,0,3,3.0,5,3,2021-05-01,1,1.6666666666666667,0,3,2,5,3.3333333333333335,Estándar
ODWWG0U3WW,2021-02-21 10:05:00,2021-02-21 10:19:00,Alimentos y bebidas,Abarrotes / Mercado,Bogotá  D.C.,1,3165195,333500,3,3.0,67,4,2021-05-01,24,16.75,0,4,5,5,4.666666666666667,Alto valor
OEESVXSSA5,2020-12-28 12:09:00,2020-12-30 13:20:00,Comercio detallista,Auto partes,Soacha,1,6720600,1376300,5,5.0,20,6,2021-05-01,4,3.3333333333333335,0,5,4,5,4.666666666666667,Alto valor
OEOXMH2IKT,2021-03-24 15:34:00,2021-03-24 15:56:00,Belleza y cuidado personal,Estilista independiente,Bogotá  D.C.,1,138000,40000,2,2.0,2,1,2021-03-01,0,2.0,2,1,1,3,1.6666666666666667,Estándar
OES54WE450,2021-03-26 13:01:00,2021-03-26 13:18:00,Servicios,Tecnología y software,Bogotá  D.C.,1,1955300,430500,2,2.0,3,2,2021-05-01,2,1.5,0,3,1,5,3.0,Estándar
OEWXDB3588,2021-03-25 15:25:00,2021-03-25 15:39:00,Belleza y cuidado personal,Otro,Cota,1,1284000,460000,2,2.0,14,3,2021-05-01,6,4.666666666666667,0,3,3,5,3.6666666666666665,Estándar
OFUFQ3VJ1G,2021-03-18 15:25:00,2021-03-18 15:52:00,Reparación y limpieza,Automotriz y autopartes,Bogotá  D.C.,1,14859000,3780000,2,2.0,108,3,2021-05-01,55,36.0,0,5,5,5,5.0,Alto valor
OFYC8HBPH8,2021-03-15 14:37:00,2021-03-15 14:50:00,Comercio detallista,Ropa / Accesorios,Bogotá  D.C.,2,1469500,668500,2,2.0,7,2,2021-05-01,1,3.5,0,3,2,5,3.3333333333333335,Estándar
OGD0GXXZ5G,2021-03-26 15:02:00,2021-03-26 15:11:00,Comercio detallista,Auto partes,Bogotá  D.C.,1,4312000,460000,2,2.0,11,3,2021-05-01,3,3.6666666666666665,0,4,3,5,4.0,Estándar
OGD3XFY8XQ,2021-03-16 12:07:00,2021-03-16 12:18:00,Comercio detallista,Tecnología,Bogotá  D.C.,1,8335000,2515000,2,2.0,25,3,2021-05-01,15,8.333333333333334,0,5,4,5,4.666666666666667,Alto valor
OGGX6WAG93,2021-03-24 17:52:00,2021-03-24 17:59:00,Alimentos y bebidas,Bar / Club / Discoteca,Choachí,1,1401000,0,2,2.0,8,2,2021-04-01,0,4.0,1,3,3,4,3.3333333333333335,Estándar
OH51J4P9JI,2021-03-01 15:58:00,2021-03-01 16:08:00,Alimentos y bebidas,Comida rápida,Bogotá  D.C.,1,368900,0,2,2.0,10,3,2021-05-01,4,3.3333333333333335,0,2,3,5,3.3333333333333335,Estándar
OH7HW4CY54,2021-03-16 18:26:00,2021-03-16 18:37:00,Comercio detallista,Tecnología,San Martín,1,2639000,343000,2,2.0,15,3,2021-05-01,7,5.0,0,4,4,5,4.333333333333333,Alto valor
OIISU5NXZS,2021-03-15 12:51:00,2021-03-15 13:02:00,Comercio detallista,Ropa / Accesorios,Bogotá  D.C.,1,1796000,0,2,2.0,13,3,2021-05-01,2,4.333333333333333,0,3,3,5,3.6666666666666665,Estándar
OJ4SOGEAOO,2021-03-05 17:49:00,2021-03-05 17:59:00,Servicios,Otro,Bogotá  D.C.,1,189476,0,2,2.0,15,3,2021-05-01,4,5.0,0,2,4,5,3.6666666666666665,Estándar
OJZRKQ3GRA,2021-03-30 16:20:00,2021-03-30 16:33:00,Reparación y limpieza,Reparaciones locativas,Bogotá  D.C.,1,3402000,0,2,2.0,2,2,2021-04-01,0,1.0,1,4,1,4,3.0,Estándar
OK890QBDTT,2021-02-16 11:34:00,2021-02-16 12:39:00,Alimentos y bebidas,Abarrotes / Mercado,Bogotá  D.C.,1,1873000,0,3,3.0,6,3,2021-05-01,1,2.0,0,3,2,5,3.3333333333333335,Estándar
OLBFYMQQS5,2021-03-15 14:21:00,2021-03-15 14:31:00,Alimentos y bebidas,Comida rápida,Bogotá  D.C.,1,374300,0,2,2.0,14,3,2021-05-01,5,4.666666666666667,0,2,3,5,3.3333333333333335,Estándar
OLHJY08MO2,2021-03-24 15:41:00,2021-03-24 15:52:00,Comercio detallista,Ropa / Accesorios,Bogotá  D.C.,1,530000,75000,2,2.0,3,2,2021-04-01,0,1.5,1,2,1,4,2.3333333333333335,Nuevos o bajo desarrollo
OLK2DDBAZA,2021-02-17 12:35:00,2021-02-17 12:49:00,Alimentos y bebidas,Licores,Soacha,1,1543715,58300,3,3.0,17,4,2021-05-01,11,4.25,0,3,4,5,4.0,Estándar
OLY5YPIHC9,2021-03-23 12:53:00,2021-03-23 13:11:00,Comercio detallista,Ropa / Accesorios,Bogotá  D.C.,1,2811000,631000,2,2.0,20,3,2021-05-01,11,6.666666666666667,0,4,4,5,4.333333333333333,Alto valor
OLZ1DMCVWE,2021-03-18 12:05:00,2021-03-18 12:16:00,Comercio detallista,Ropa / Accesorios,Bogotá  D.C.,1,1723000,403500,2,2.0,23,3,2021-05-01,12,7.666666666666667,0,3,4,5,4.0,Estándar
OME88Q9REM,2021-03-18 15:33:00,2021-03-18 15:51:00,Comercio detallista,Revendedor,Bogotá  D.C.,1,19348500,2563800,2,2.0,545,3,2021-05-01,199,181.66666666666666,0,5,5,5,5.0,Alto valor
OMGFBY7NX5,2020-11-30 14:07:00,2021-03-10 08:26:00,Servicios,Otro,Bogotá  D.C.,1,2000,0,6,2.0,1,1,2021-03-01,0,1.0,2,1,1,3,1.6666666666666667,Estándar
OMWE0C7JND,2021-03-18 12:30:00,2021-03-18 12:37:00,Comercio detallista,Tecnología,Fusagasugá,1,652000,135000,2,2.0,2,2,2021-05-01,1,1.0,0,2,1,5,2.6666666666666665,Nuevos o bajo desarrollo
ONEYH2Q6JR,2021-03-17 13:04:00,2021-03-17 13:16:00,Servicios,Medicina / Odontología,Cali,1,6611000,260000,2,2.0,14,3,2021-05-01,1,4.666666666666667,0,5,3,5,4.333333333333333,Estándar
ONMZVIWZJE,2021-03-18 18:12:00,2021-03-18 18:26:00,Alimentos y bebidas,Bar / Club / Discoteca,Bogotá  D.C.,1,2000,0,2,2.0,1,1,2021-03-01,0,1.0,2,1,1,3,1.6666666666666667,Estándar
OOSOWVQXHW,2020-12-11 14:28:00,2020-12-11 14:46:00,Comercio detallista,Óptica,Bogotá  D.C.,1,2763000,0,5,5.0,17,6,2021-05-01,1,2.8333333333333335,0,4,4,5,4.333333333333333,Alto valor
OOURGWD2RY,2020-12-28 15:44:00,2020-12-28 15:56:00,Belleza y cuidado personal,Otro,Bogotá  D.C.,1,4779000,200000,5,5.0,17,4,2021-05-01,7,4.25,0,4,4,5,4.333333333333333,Alto valor
OOX9AE8YJP,2021-03-17 19:28:00,2021-03-17 19:36:00,Alimentos y bebidas,Comida rápida,Bogotá  D.C.,1,584500,59700,2,2.0,37,3,2021-05-01,12,12.333333333333334,0,2,5,5,4.0,Estándar
OPEDD4HA7S,2021-03-10 19:50:00,2021-03-10 20:00:00,Alimentos y bebidas,Restaurante / Café,Bogotá  D.C.,1,3530530,261340,2,2.0,53,3,2021-05-01,9,17.666666666666668,0,4,5,5,4.666666666666667,Alto valor
OPHREE1GZU,2021-03-06 11:19:00,2021-03-06 11:49:00,Servicios,Otro,Bogotá  D.C.,1,3421000,0,2,2.0,16,2,2021-05-01,5,8.0,0,4,4,5,4.333333333333333,Alto valor
OPRTZKDHPJ,2021-01-26 15:08:00,2021-01-26 15:18:00,Servicios,Otro,Bogotá  D.C.,1,18630400,2563000,4,4.0,106,5,2021-05-01,16,21.2,0,5,5,5,5.0,Alto valor
OPY6I6H6ET,2021-03-03 16:09:00,2021-03-03 16:23:00,Comercio detallista,Auto partes,Bogotá  D.C.,1,890150,701400,2,2.0,4,1,2021-03-01,0,4.0,2,2,2,3,2.3333333333333335,Estándar
OQ7X4IB6HP,2021-03-12 11:05:00,2021-03-12 11:17:00,Alimentos y bebidas,Bar / Club / Discoteca,Bogotá  D.C.,1,29225000,7122000,2,2.0,126,3,2021-05-01,39,42.0,0,5,5,5,5.0,Alto valor
OQR4547R1J,2021-01-28 14:05:00,2021-01-28 14:20:00,Belleza y cuidado personal,Salón de belleza,Bogotá  D.C.,1,10816800,1281500,4,4.0,152,5,2021-05-01,53,30.4,0,5,5,5,5.0,Alto valor
OQTH8H23KN,2021-03-23 15:12:00,2021-03-23 15:25:00,Comercio detallista,Ropa / Accesorios,Bogotá  D.C.,1,2468000,445000,2,2.0,22,3,2021-05-01,15,7.333333333333333,0,3,4,5,4.0,Estándar
ORULV5H0DM,2021-03-29 17:23:00,2021-03-29 17:34:00,Comercio detallista,Auto partes,Bogotá  D.C.,1,9115000,2099000,2,2.0,10,3,2021-05-01,4,3.3333333333333335,0,5,3,5,4.333333333333333,Estándar
ORXFNZSDFJ,2021-03-06 17:26:00,2021-03-06 17:36:00,Belleza y cuidado personal,Salón de belleza,Soacha,1,382000,0,2,2.0,5,3,2021-05-01,1,1.6666666666666667,0,2,2,5,3.0,Nuevos o bajo desarrollo
OSGULN8EU9,2020-12-11 12:56:00,2020-12-11 13:11:00,Comercio detallista,Insumos,Bogotá  D.C.,2,29829002,2282250,5,5.0,102,6,2021-05-01,17,17.0,0,5,5,5,5.0,Alto valor
OSH2V43P4G,2021-03-17 10:36:00,2021-03-17 10:53:00,Alimentos y bebidas,Bar / Club / Discoteca,Bogotá  D.C.,1,2000,0,2,2.0,1,1,2021-03-01,0,1.0,2,1,1,3,1.6666666666666667,Estándar
OSHAAMQCU5,2021-03-20 11:53:00,2021-03-20 12:26:00,Servicios,Medicina / Odontología,Bogotá  D.C.,1,1503000,390000,2,2.0,20,3,2021-05-01,12,6.666666666666667,0,3,4,5,4.0,Estándar
OSVZ00MKEQ,2021-03-18 11:16:00,2021-03-18 11:25:00,Comercio detallista,Elementos del hogar,Soacha,1,487000,47000,2,2.0,12,3,2021-05-01,9,4.0,0,2,3,5,3.3333333333333335,Estándar
OTUB7OZYQW,2021-03-26 13:18:00,2021-03-26 13:30:00,Servicios,Tecnología y software,Bogotá  D.C.,1,2940000,850000,2,2.0,2,2,2021-05-01,1,1.0,0,4,1,5,3.3333333333333335,Estándar
OTZZDFAN4G,2021-03-17 10:51:00,2021-03-17 10:59:00,Servicios,Veterinaria,Bogotá  D.C.,1,587200,76500,2,2.0,12,3,2021-05-01,8,4.0,0,2,3,5,3.3333333333333335,Estándar
OUFJW3VS0I,2021-02-15 19:42:00,2021-02-16 10:34:00,Comercio detallista,Tecnología,Bogotá  D.C.,1,2000,0,3,3.0,1,1,2021-02-01,0,1.0,3,1,1,2,1.3333333333333333,Baja actividad
OV0XFNLB5P,2021-03-08 12:04:00,2021-03-08 12:28:00,Comercio detallista,Ropa / Accesorios,Bogotá  D.C.,1,1999000,110000,2,2.0,19,3,2021-05-01,4,6.333333333333333,0,3,4,5,4.0,Estándar
OV66FKU2VK,2021-03-03 18:03:00,2021-03-03 19:05:00,Servicios,Otro,Bogotá  D.C.,1,763900,207900,2,2.0,5,2,2021-04-01,0,2.5,1,2,2,4,2.6666666666666665,Nuevos o bajo desarrollo
OW40VU0OIR,2021-03-23 18:43:00,2021-03-23 18:53:00,Comercio detallista,Venta de vehículos usados,Bogotá  D.C.,1,271300,75000,2,2.0,6,3,2021-05-01,1,2.0,0,2,2,5,3.0,Nuevos o bajo desarrollo
OWV43W7GBN,2021-03-02 15:17:00,2021-03-02 15:24:00,Servicios,Otro,Bogotá  D.C.,1,2000,0,2,2.0,1,1,2021-03-01,0,1.0,2,1,1,3,1.6666666666666667,Estándar
OX40EXBN55,2021-03-11 10:15:00,2021-03-11 10:29:00,Comercio detallista,Elementos del hogar,Bogotá  D.C.,1,1366000,0,2,2.0,5,1,2021-03-01,0,5.0,2,3,2,3,2.6666666666666665,Estándar
OXZSFCLKFF,2021-02-03 12:36:00,2021-02-03 12:47:00,Comercio detallista,Óptica,Bogotá  D.C.,1,1827000,0,3,3.0,7,3,2021-05-01,2,2.3333333333333335,0,3,2,5,3.3333333333333335,Estándar
OYUSST5ZVX,2021-03-29 12:59:00,2021-03-29 13:09:00,Comercio detallista,Óptica,Bogotá  D.C.,1,8035000,1370000,2,2.0,23,3,2021-05-01,18,7.666666666666667,0,5,4,5,4.666666666666667,Alto valor
OZ3FX0SDM1,2020-12-09 15:56:00,2020-12-09 16:06:00,Comercio detallista,Ropa / Accesorios,Bogotá  D.C.,1,644150,0,5,5.0,6,3,2021-04-01,0,2.0,1,2,2,4,2.6666666666666665,Nuevos o bajo desarrollo
P09Z1VUIOW,2021-03-25 16:03:00,2021-03-25 16:11:00,Alimentos y bebidas,Abarrotes / Mercado,Bogotá  D.C.,1,10500,0,2,2.0,2,2,2021-04-01,0,1.0,1,1,1,4,2.0,Nuevos o bajo desarrollo
P0U6MJQ6RO,2021-02-08 14:57:00,2021-02-08 15:14:00,Alimentos y bebidas,Comida rápida,Bogotá  D.C.,1,1912700,421100,3,3.0,50,4,2021-05-01,26,12.5,0,3,5,5,4.333333333333333,Estándar
P0YXPYELBW,2021-03-11 15:27:00,2021-03-11 15:41:00,Alimentos y bebidas,Restaurante / Café,Soacha,1,4404730,982990,2,2.0,124,3,2021-05-01,71,41.333333333333336,0,4,5,5,4.666666666666667,Alto valor
P14TOD1MKI,2021-03-11 13:58:00,2021-03-11 16:35:00,Comercio detallista,Óptica,Bogotá  D.C.,1,3012000,2081000,2,2.0,4,2,2021-04-01,0,2.0,1,4,2,4,3.3333333333333335,Estándar
P1FQ3IDD5Z,2021-02-19 17:56:00,2021-02-19 18:05:00,Reparación y limpieza,Reparaciones locativas,Soacha,1,3778400,0,3,3.0,7,4,2021-05-01,2,1.75,0,4,2,5,3.6666666666666665,Estándar
P1WVC8D4LK,2021-01-29 18:33:00,2021-01-29 18:49:00,Belleza y cuidado personal,Spa,Bogotá  D.C.,1,11261625,198875,4,4.0,35,5,2021-05-01,11,7.0,0,5,5,5,5.0,Alto valor
P1WVLS7KFZ,2021-02-17 14:32:00,2021-02-17 14:41:00,Comercio detallista,Óptica,Bogotá  D.C.,1,2000,0,3,3.0,1,1,2021-02-01,0,1.0,3,1,1,2,1.3333333333333333,Baja actividad
P2B72DOP9C,2020-12-21 14:40:00,2020-12-21 15:05:00,Comercio detallista,Óptica,Bogotá  D.C.,1,13165000,1123000,5,5.0,54,6,2021-05-01,17,9.0,0,5,5,5,5.0,Alto valor
P35HBZTGRZ,2021-03-08 10:19:00,2021-03-08 10:26:00,Alimentos y bebidas,Abarrotes / Mercado,Bogotá  D.C.,1,2632100,396000,2,2.0,92,3,2021-05-01,45,30.666666666666668,0,4,5,5,4.666666666666667,Alto valor
P3IBA0K31S,2020-08-26 20:48:00,2021-02-17 11:38:00,Servicios,Contabilidad / Asesorías,Cali,1,451000,450000,9,3.0,2,1,2021-02-01,0,2.0,3,2,1,2,1.6666666666666667,Baja actividad
P3NNYEFP0J,2021-03-15 16:38:00,2021-03-15 16:51:00,Turismo y entretenimiento,Agencia de Viajes,Soacha,1,2080,0,2,2.0,2,1,2021-03-01,0,2.0,2,1,1,3,1.6666666666666667,Estándar
P3XTQDNE3B,2021-02-15 10:43:00,2021-02-15 10:56:00,Belleza y cuidado personal,Centro de tatuajes,Bogotá  D.C.,1,3097000,560000,3,3.0,8,3,2021-05-01,3,2.6666666666666665,0,4,3,5,4.0,Estándar
P426WJ2PAP,2021-03-18 13:48:00,2021-03-18 14:15:00,Comercio detallista,Ropa / Accesorios,Bogotá  D.C.,1,442000,0,2,2.0,5,2,2021-05-01,3,2.5,0,2,2,5,3.0,Nuevos o bajo desarrollo
P44JAXD78D,2021-03-08 11:15:00,2021-03-08 11:28:00,Servicios,Diseño / Fotografía,Bogotá  D.C.,1,157580,0,2,2.0,4,1,2021-03-01,0,4.0,2,1,2,3,2.0,Estándar
P4F3IJ0JSO,2021-03-14 16:36:00,2021-03-14 16:55:00,Comercio detallista,Tecnología,Bogotá  D.C.,1,2000,0,2,2.0,1,1,2021-03-01,0,1.0,2,1,1,3,1.6666666666666667,Estándar
P4F4LRZICT,2021-02-13 09:58:00,2021-02-13 10:09:00,Comercio detallista,Auto partes,Bogotá  D.C.,1,20229200,3508150,3,3.0,164,4,2021-05-01,56,41.0,0,5,5,5,5.0,Alto valor
P4IXW0LKFI,2021-03-30 09:59:00,2021-03-30 10:13:00,Servicios,Otro,Bogotá  D.C.,1,1413000,0,2,2.0,6,2,2021-04-01,0,3.0,1,3,2,4,3.0,Estándar
P5G8JMPE06,2021-01-20 17:29:00,2021-01-20 17:45:00,Reparación y limpieza,Automotriz y autopartes,Soacha,1,28124550,3057500,4,4.0,159,5,2021-05-01,31,31.8,0,5,5,5,5.0,Alto valor
P5QCWKOH60,2021-03-11 13:25:00,2021-03-11 13:35:00,Comercio detallista,Elementos de seguridad,Bogotá  D.C.,1,72000,70000,2,2.0,1,1,2021-03-01,0,1.0,2,1,1,3,1.6666666666666667,Estándar
P6SSK76LJS,2021-03-29 15:23:00,2021-03-29 15:33:00,Comercio detallista,Ropa / Accesorios,Bogotá  D.C.,1,2000,0,2,2.0,1,1,2021-03-01,0,1.0,2,1,1,3,1.6666666666666667,Estándar
P726X8NMV7,2021-03-06 11:24:00,2021-03-06 11:55:00,Reparación y limpieza,Automotriz y autopartes,Soacha,1,2000,0,2,2.0,1,1,2021-03-01,0,1.0,2,1,1,3,1.6666666666666667,Estándar
P7XM503ZCS,2021-03-24 17:00:00,2021-03-24 17:13:00,Belleza y cuidado personal,Spa,Cota,1,132000,0,2,2.0,2,2,2021-05-01,1,1.0,0,1,1,5,2.3333333333333335,Nuevos o bajo desarrollo
P8IWNDTIJZ,2021-03-10 11:42:00,2021-03-10 12:25:00,Servicios,Carpintería,Fusagasugá,1,3097100,0,2,2.0,26,3,2021-05-01,9,8.666666666666666,0,4,4,5,4.333333333333333,Alto valor
PA1R3DUSZK,2021-03-16 11:58:00,2021-03-16 12:11:00,Comercio detallista,Ropa / Accesorios,Bogotá  D.C.,1,2156175,512000,2,2.0,22,3,2021-05-01,6,7.333333333333333,0,3,4,5,4.0,Estándar
PAFLWUILLV,2021-03-10 17:39:00,2021-03-10 18:02:00,Comercio detallista,Auto partes,Bogotá  D.C.,1,74277300,1362000,2,2.0,47,3,2021-05-01,23,15.666666666666666,0,5,5,5,5.0,Alto valor
PAMG6FOY8C,2021-03-30 13:30:00,2021-03-30 13:40:00,Servicios,Otro,Bogotá  D.C.,1,521450,64500,2,2.0,6,3,2021-05-01,2,2.0,0,2,2,5,3.0,Nuevos o bajo desarrollo
PB1OH4SNNM,2021-01-14 11:49:00,2021-01-14 13:38:00,Comercio detallista,Materiales de construcción,Soacha,1,34481460,4178080,4,4.0,44,5,2021-05-01,9,8.8,0,5,5,5,5.0,Alto valor
PBLR3T4VR8,2021-02-15 16:31:00,2021-02-15 17:57:00,Belleza y cuidado personal,Salón de belleza,Bogotá  D.C.,1,529000,40000,3,3.0,12,4,2021-05-01,4,3.0,0,2,3,5,3.3333333333333335,Estándar
PC5FF2KAB5,2021-03-30 15:51:00,2021-03-30 16:02:00,Comercio detallista,Ropa / Accesorios,Bogotá  D.C.,1,6161000,1229000,2,2.0,48,3,2021-05-01,30,16.0,0,4,5,5,4.666666666666667,Alto valor
PCGRMQRCMO,2021-01-12 13:13:00,2021-01-12 14:00:00,Comercio detallista,Óptica,Bogotá  D.C.,1,302000,0,4,4.0,2,2,2021-02-01,0,1.0,3,2,1,2,1.6666666666666667,Baja actividad
PCTR7DLAKF,2021-03-05 12:13:00,2021-03-05 12:21:00,Comercio detallista,Joyería,Madrid,1,2341000,780000,2,2.0,19,3,2021-05-01,9,6.333333333333333,0,3,4,5,4.0,Estándar
PCUQ0QERHN,2020-12-16 17:10:00,2020-12-16 17:31:00,Alimentos y bebidas,Abarrotes / Mercado,Bogotá  D.C.,1,3439047,1490650,5,5.0,70,6,2021-05-01,20,11.666666666666666,0,4,5,5,4.666666666666667,Alto valor
PCW4ZDE95S,2021-02-05 12:00:00,2021-02-05 12:32:00,Comercio detallista,Óptica,Soacha,1,962000,0,3,3.0,4,2,2021-03-01,0,2.0,2,2,2,3,2.3333333333333335,Estándar
PF8AQUZCQM,2021-03-23 17:12:00,2021-03-23 17:23:00,Comercio detallista,Ropa / Accesorios,Bogotá  D.C.,1,3000,0,2,2.0,2,1,2021-03-01,0,2.0,2,1,1,3,1.6666666666666667,Estándar
PFKDQSOS26,2021-02-09 14:41:00,2021-02-09 14:57:00,Comercio detallista,Óptica,Bogotá  D.C.,1,2000,0,3,3.0,1,1,2021-02-01,0,1.0,3,1,1,2,1.3333333333333333,Baja actividad
PFPGV95OX0,2021-03-16 17:55:00,2021-03-16 18:08:00,Servicios,Medicina / Odontología,Bogotá  D.C.,1,437000,0,2,2.0,4,3,2021-05-01,1,1.3333333333333333,0,2,2,5,3.0,Nuevos o bajo desarrollo
PG1TCMZAA4,2021-03-12 11:48:00,2021-03-12 12:04:00,Servicios,Tecnología y software,Bogotá  D.C.,1,4000,0,2,2.0,1,1,2021-03-01,0,1.0,2,1,1,3,1.6666666666666667,Estándar
PG7KHT20L6,2021-03-12 14:04:00,2021-03-12 14:13:00,Comercio detallista,Auto partes,Bogotá  D.C.,1,9301050,1724250,2,2.0,46,3,2021-05-01,18,15.333333333333334,0,5,5,5,5.0,Alto valor
PGFVFXQHVY,2021-01-25 15:32:00,2021-01-25 15:41:00,Comercio detallista,Óptica,Bogotá  D.C.,1,13516000,2065000,4,4.0,48,5,2021-05-01,7,9.6,0,5,5,5,5.0,Alto valor
PH7A42Q1PP,2021-03-19 15:34:00,2021-03-19 15:44:00,Comercio detallista,Libros / Papelería,Bogotá  D.C.,1,692100,17600,2,2.0,15,3,2021-05-01,5,5.0,0,2,4,5,3.6666666666666665,Estándar
PHDMKQKZ54,2021-03-09 11:29:00,2021-03-09 11:38:00,Comercio detallista,Ropa / Accesorios,Bogotá  D.C.,1,800500,75000,2,2.0,13,3,2021-05-01,6,4.333333333333333,0,2,3,5,3.3333333333333335,Estándar
PIN5AF3N8Q,2021-03-19 15:45:00,2021-03-19 15:55:00,Comercio detallista,Óptica,Bogotá  D.C.,1,422000,0,2,2.0,3,1,2021-03-01,0,3.0,2,2,1,3,2.0,Estándar
PIZS8Y1MJN,2021-03-11 12:47:00,2021-03-11 13:01:00,Servicios,Tecnología y software,Bogotá  D.C.,1,2768100,130000,2,2.0,10,3,2021-05-01,4,3.3333333333333335,0,4,3,5,4.0,Estándar
PJADMY82EO,2021-03-24 16:41:00,2021-03-24 16:49:00,Comercio detallista,Tecnología,Bogotá  D.C.,1,1006650,0,2,2.0,6,3,2021-05-01,4,2.0,0,3,2,5,3.3333333333333335,Estándar
PJZJE5E0SH,2021-03-17 20:04:00,2021-03-24 22:25:00,Servicios,Contabilidad / Asesorías,Fusagasugá,1,1000,0,2,2.0,1,1,2021-03-01,0,1.0,2,1,1,3,1.6666666666666667,Estándar
PKIAAV6YCT,2021-01-04 17:55:00,2021-01-04 18:14:00,Comercio detallista,Tienda de deportes,Bogotá  D.C.,1,11578000,1255000,4,4.0,58,5,2021-05-01,17,11.6,0,5,5,5,5.0,Alto valor
PKNIF2Y4H8,2021-03-17 19:12:00,2021-03-17 19:24:00,Comercio detallista,Tecnología,Bogotá  D.C.,1,1152500,0,2,2.0,14,3,2021-05-01,7,4.666666666666667,0,3,3,5,3.6666666666666665,Estándar
PLTWVQNSC9,2020-08-10 10:40:00,2021-02-12 15:12:00,Comercio detallista,Ropa / Accesorios,Cali,1,17149550,1536000,9,3.0,83,4,2021-05-01,10,20.75,0,5,5,5,5.0,Alto valor
PLZ9975GGM,2021-03-16 15:30:00,2021-03-16 15:50:00,Servicios,Tecnología y software,Cota,1,880500,0,2,2.0,12,3,2021-05-01,4,4.0,0,2,3,5,3.3333333333333335,Estándar
PMHAS6OO9B,2021-02-25 16:00:00,2021-02-25 16:15:00,Comercio detallista,Auto partes,Bogotá  D.C.,1,13506000,3415000,3,3.0,35,4,2021-05-01,12,8.75,0,5,5,5,5.0,Alto valor
PMMBG341BM,2021-03-11 12:19:00,2021-03-11 12:31:00,Comercio detallista,Auto partes,Chía,1,2502000,500000,2,2.0,3,2,2021-05-01,2,1.5,0,3,1,5,3.0,Estándar
PMPJC73B23,2021-03-16 15:09:00,2021-03-16 15:33:00,Alimentos y bebidas,Abarrotes / Mercado,Jamundí,1,1521800,0,2,2.0,31,3,2021-05-01,17,10.333333333333334,0,3,5,5,4.333333333333333,Estándar
PMXSU7Q3TR,2021-03-19 14:27:00,2021-03-19 14:42:00,Comercio detallista,Tecnología,Bogotá  D.C.,1,32440500,6432000,2,2.0,87,3,2021-05-01,38,29.0,0,5,5,5,5.0,Alto valor
PN1AKFJRP2,2021-02-25 12:01:00,2021-02-25 12:10:00,Servicios,Otro,Fusagasugá,1,1161000,190000,3,3.0,11,4,2021-05-01,2,2.75,0,3,3,5,3.6666666666666665,Estándar
PNU9GYETJH,2021-01-30 07:23:00,2021-01-30 07:37:00,Servicios,Medicina / Odontología,Bogotá  D.C.,1,1502000,0,4,4.0,2,2,2021-02-01,0,1.0,3,3,1,2,2.0,Estándar
POS0GNGGID,2021-02-09 11:30:00,2021-02-09 11:49:00,Belleza y cuidado personal,Salón de belleza,Soacha,1,765400,549150,3,3.0,4,2,2021-04-01,0,2.0,1,2,2,4,2.6666666666666665,Nuevos o bajo desarrollo
POTP2U7L6P,2021-03-23 12:13:00,2021-03-23 12:43:00,Comercio detallista,Tecnología,Girardot,1,537975,0,2,2.0,5,2,2021-04-01,0,2.5,1,2,2,4,2.6666666666666665,Nuevos o bajo desarrollo
PP1TMU655I,2021-03-19 11:06:00,2021-03-19 11:15:00,Comercio detallista,Elementos del hogar,Cota,1,8942500,818600,2,2.0,51,3,2021-05-01,33,17.0,0,5,5,5,5.0,Alto valor
PQGB12IK5K,2021-03-26 17:13:00,2021-03-26 17:20:00,Comercio detallista,Ropa / Accesorios,Sibaté,1,162000,0,2,2.0,2,2,2021-05-01,1,1.0,0,1,1,5,2.3333333333333335,Nuevos o bajo desarrollo
PQLI2TK7BO,2021-03-05 17:35:00,2021-03-05 17:49:00,Reparación y limpieza,Otro,Bogotá  D.C.,1,2000,0,2,2.0,1,1,2021-03-01,0,1.0,2,1,1,3,1.6666666666666667,Estándar
PQTG3D71QQ,2021-02-12 11:44:00,2021-02-12 17:48:00,Belleza y cuidado personal,Centro de tatuajes,Bogotá  D.C.,1,170000,0,3,3.0,2,2,2021-05-01,1,1.0,0,2,1,5,2.6666666666666665,Nuevos o bajo desarrollo
PR83548KP8,2021-02-19 15:45:00,2021-02-19 15:55:00,Comercio detallista,Otro,Bogotá  D.C.,1,7369480,1509000,3,3.0,26,4,2021-05-01,6,6.5,0,5,4,5,4.666666666666667,Alto valor
PS3MNNHB27,2020-12-17 11:58:00,2020-12-17 12:24:00,Servicios,Tecnología y software,Bogotá  D.C.,1,4400050,0,5,5.0,12,3,2021-02-01,0,4.0,3,4,3,2,3.0,En riesgo
PSQK5PZZC4,2020-12-11 16:44:00,2020-12-11 17:03:00,Servicios,Otro,Soacha,1,101000,0,5,5.0,2,2,2021-01-01,0,1.0,4,1,1,1,1.0,Baja actividad
PT3LXMMPCH,2021-03-11 09:34:00,2021-03-11 09:48:00,Belleza y cuidado personal,Salón de belleza,Bogotá  D.C.,1,3203000,170000,2,2.0,50,3,2021-05-01,18,16.666666666666668,0,4,5,5,4.666666666666667,Alto valor
PTDC9LD4UB,2021-03-17 09:31:00,2021-03-17 09:42:00,Belleza y cuidado personal,Spa,Bogotá  D.C.,1,2190000,553000,2,2.0,10,3,2021-05-01,1,3.3333333333333335,0,3,3,5,3.6666666666666665,Estándar
PTGCYOLKRW,2021-02-09 13:46:00,2021-02-13 14:07:00,Comercio detallista,Juguetería / Piñatería,Bojacá,1,10000,0,3,3.0,1,1,2021-02-01,0,1.0,3,1,1,2,1.3333333333333333,Baja actividad
PTYG8FJF2N,2021-02-01 12:13:00,2021-02-01 12:19:00,Comercio detallista,Muebles / Decoración,Bogotá  D.C.,1,2000,0,3,3.0,1,1,2021-02-01,0,1.0,3,1,1,2,1.3333333333333333,Baja actividad
PU55HUPL1W,2021-03-15 12:40:00,2021-03-15 12:47:00,Transporte,Servicio especial,Bogotá  D.C.,1,200000,198000,2,2.0,3,2,2021-05-01,2,1.5,0,2,1,5,2.6666666666666665,Nuevos o bajo desarrollo
PUW4LL2ADE,2021-03-29 14:07:00,2021-03-29 14:18:00,Comercio detallista,Mascotas,Bogotá  D.C.,1,65000,0,2,2.0,3,2,2021-05-01,1,1.5,0,1,1,5,2.3333333333333335,Nuevos o bajo desarrollo
PUZXG11HWR,2021-03-09 13:12:00,2021-03-09 13:28:00,Comercio detallista,Materiales de construcción,Bogotá  D.C.,1,542100,85000,2,2.0,10,3,2021-05-01,2,3.3333333333333335,0,2,3,5,3.3333333333333335,Estándar
PVK6NGODCB,2020-11-19 12:23:00,2021-03-19 09:37:00,Comercio detallista,Ropa / Accesorios,Bogotá  D.C.,1,531000,0,6,2.0,5,2,2021-04-01,0,2.5,1,2,2,4,2.6666666666666665,Nuevos o bajo desarrollo
PWGLPFGYK0,2021-03-08 12:34:00,2021-03-08 12:48:00,Alimentos y bebidas,Licores,Bogotá  D.C.,1,49250,47250,2,2.0,1,1,2021-03-01,0,1.0,2,1,1,3,1.6666666666666667,Estándar
PWSJ0N9052,2021-01-21 10:50:00,2021-01-21 10:57:00,Comercio detallista,Elementos del hogar,Bogotá  D.C.,1,2000,0,4,4.0,1,1,2021-01-01,0,1.0,4,1,1,1,1.0,Baja actividad
PXB5T2PGN1,2021-03-09 17:33:00,2021-03-09 17:47:00,Comercio detallista,Electrodomésticos,Bogotá  D.C.,1,185000,0,2,2.0,2,1,2021-03-01,0,2.0,2,2,1,3,2.0,Estándar
PXM01WIKWU,2020-12-23 13:44:00,2020-12-23 14:19:00,Servicios,Veterinaria,Bogotá  D.C.,1,2000,0,5,5.0,1,1,2020-12-01,0,1.0,5,1,1,1,1.0,Baja actividad
PXYRGUXD6A,2021-01-27 14:36:00,2021-01-27 17:05:00,Comercio detallista,Óptica,Bogotá  D.C.,1,12057000,4855000,4,4.0,17,5,2021-05-01,6,3.4,0,5,4,5,4.666666666666667,Alto valor
PY0MR0G4LI,2021-03-15 13:26:00,2021-03-15 13:38:00,Comercio detallista,Tienda de deportes,Bogotá  D.C.,1,19919000,3130000,2,2.0,52,3,2021-05-01,29,17.333333333333332,0,5,5,5,5.0,Alto valor
PYF037OW25,2020-12-30 16:10:00,2020-12-30 16:18:00,Alimentos y bebidas,Restaurante / Café,Bogotá  D.C.,1,3797320,389030,5,5.0,105,6,2021-05-01,32,17.5,0,4,5,5,4.666666666666667,Alto valor
PYTCICC1EC,2021-03-19 17:01:00,2021-03-19 17:10:00,Comercio detallista,Joyería,Bogotá  D.C.,1,766000,0,2,2.0,9,2,2021-04-01,0,4.5,1,2,3,4,3.0,Estándar
PZ6LN0JJ1W,2021-03-25 15:14:00,2021-03-25 15:24:00,Comercio detallista,Libros / Papelería,Bogotá  D.C.,1,122180,58000,2,2.0,4,3,2021-05-01,1,1.3333333333333333,0,1,2,5,2.6666666666666665,Nuevos o bajo desarrollo
PZJMHJ6AD1,2021-03-31 17:51:00,2021-04-04 18:58:00,Comercio detallista,Ropa / Accesorios,Bogotá  D.C.,1,1023530,572000,2,1.0,7,2,2021-05-01,5,3.5,0,3,2,5,3.3333333333333335,Estándar
Q001IB5JW8,2021-03-10 11:30:00,2021-03-10 11:39:00,Comercio detallista,Tecnología,Bogotá  D.C.,1,57000,0,2,2.0,5,2,2021-04-01,0,2.5,1,1,2,4,2.3333333333333335,Nuevos o bajo desarrollo
Q07EWP50EQ,2021-03-09 15:53:00,2021-03-09 16:03:00,Comercio detallista,Materiales de construcción,Bogotá  D.C.,1,2000,0,2,2.0,1,1,2021-03-01,0,1.0,2,1,1,3,1.6666666666666667,Estándar
Q0HNSUXH5G,2021-03-23 15:44:00,2021-03-23 15:54:00,Alimentos y bebidas,Abarrotes / Mercado,Bogotá  D.C.,1,927100,184700,2,2.0,29,3,2021-05-01,20,9.666666666666666,0,2,4,5,3.6666666666666665,Estándar
Q0K0Y9FBLY,2020-12-15 12:14:00,2020-12-15 12:51:00,Comercio detallista,Óptica,Bogotá  D.C.,1,15227000,2115000,5,5.0,45,6,2021-05-01,5,7.5,0,5,5,5,5.0,Alto valor
Q10FIX49W4,2020-12-07 12:16:00,2020-12-07 12:37:00,Comercio detallista,Materiales de construcción,Bogotá  D.C.,1,2484350,0,5,5.0,7,2,2021-01-01,0,3.5,4,3,2,1,2.0,Estándar
Q1QUNQZTUC,2021-03-18 15:43:00,2021-03-18 15:52:00,Comercio detallista,Ropa / Accesorios,Girardot,1,5500,0,2,2.0,3,1,2021-03-01,0,3.0,2,1,1,3,1.6666666666666667,Estándar
Q1UUQOAD53,2021-02-12 12:58:00,2021-02-12 14:29:00,Servicios,Otro,Bogotá  D.C.,1,3461000,389000,3,3.0,46,4,2021-05-01,10,11.5,0,4,5,5,4.666666666666667,Alto valor
Q2HDJ64EFN,2021-01-26 15:48:00,2021-01-26 16:36:00,Comercio detallista,Ropa / Accesorios,Soacha,1,5957000,0,4,4.0,12,4,2021-04-01,0,3.0,1,4,3,4,3.6666666666666665,Estándar
Q2N1015TNX,2021-03-16 11:00:00,2021-03-16 11:20:00,Alimentos y bebidas,Repostería / Panadería,Soacha,1,2000,0,2,2.0,1,1,2021-03-01,0,1.0,2,1,1,3,1.6666666666666667,Estándar
Q3BJBIMXXW,2021-03-18 13:52:00,2021-03-18 14:01:00,Comercio detallista,Óptica,Bogotá  D.C.,1,4830000,60000,2,2.0,9,3,2021-05-01,2,3.0,0,4,3,5,4.0,Estándar
Q3WILW1SGZ,2021-02-03 17:04:00,2021-02-03 17:17:00,Comercio detallista,Otro,Bogotá  D.C.,1,9179000,184400,3,3.0,51,4,2021-05-01,10,12.75,0,5,5,5,5.0,Alto valor
Q47FFL8ONJ,2021-03-05 11:44:00,2021-03-05 11:59:00,Comercio detallista,Elementos del hogar,Bogotá  D.C.,1,6083500,30000,2,2.0,23,3,2021-05-01,5,7.666666666666667,0,4,4,5,4.333333333333333,Alto valor
Q56LWBORTC,2020-12-18 19:17:00,2020-12-18 19:31:00,Belleza y cuidado personal,Distribuidora,Bogotá  D.C.,1,930000,253000,5,5.0,18,4,2021-05-01,6,4.5,0,2,4,5,3.6666666666666665,Estándar
Q571BJHISO,2021-02-01 09:37:00,2021-02-15 13:48:00,Comercio detallista,Óptica,Bogotá  D.C.,1,6885400,0,3,3.0,24,4,2021-05-01,2,6.0,0,5,4,5,4.666666666666667,Alto valor
Q580YQS6BE,2021-03-03 13:58:00,2021-03-03 14:18:00,Servicios,Diseño / Fotografía,Bogotá  D.C.,1,11473000,4146000,2,2.0,86,3,2021-05-01,44,28.666666666666668,0,5,5,5,5.0,Alto valor
Q5E6DCWLZV,2021-01-18 15:57:00,2021-01-18 16:08:00,Comercio detallista,Auto partes,Bogotá  D.C.,1,16683000,1078000,4,4.0,65,5,2021-05-01,8,13.0,0,5,5,5,5.0,Alto valor
Q5N8BUCZXY,2020-10-17 15:10:00,2021-01-12 19:37:00,Belleza y cuidado personal,Otro,Bogotá  D.C.,1,17138000,1900000,7,4.0,33,5,2021-05-01,6,6.6,0,5,5,5,5.0,Alto valor
Q5Q3J8MZ9F,2021-03-24 12:28:00,2021-03-24 12:41:00,Comercio detallista,Ropa / Accesorios,Cali,1,1053000,220000,2,2.0,13,3,2021-05-01,7,4.333333333333333,0,3,3,5,3.6666666666666665,Estándar
Q5SH36FE5N,2021-02-11 11:44:00,2021-02-11 12:03:00,Reparación y limpieza,Automotriz y autopartes,Bogotá  D.C.,1,2000,0,3,3.0,1,1,2021-02-01,0,1.0,3,1,1,2,1.3333333333333333,Baja actividad
Q69N8RPAZB,2021-03-18 12:19:00,2021-03-18 12:36:00,Alimentos y bebidas,Comida rápida,Bogotá  D.C.,1,3235300,747200,2,2.0,98,3,2021-05-01,29,32.666666666666664,0,4,5,5,4.666666666666667,Alto valor
Q746G0IP8F,2021-03-12 09:10:00,2021-03-12 09:38:00,Comercio detallista,Farmacia,Bogotá  D.C.,1,229195,28700,2,2.0,12,3,2021-05-01,4,4.0,0,2,3,5,3.3333333333333335,Estándar
QA2BATJGKB,2021-03-13 13:39:00,2021-03-13 14:14:00,Transporte,Taxi,Cali,1,129000,11500,2,2.0,11,3,2021-05-01,3,3.6666666666666665,0,1,3,5,3.0,Estándar
QAA5ZMTT23,2021-03-11 15:53:00,2021-03-11 16:05:00,Comercio detallista,Mascotas,Bogotá  D.C.,1,3132650,309450,2,2.0,51,3,2021-05-01,20,17.0,0,4,5,5,4.666666666666667,Alto valor
QABFU2BFBX,2020-10-29 16:42:00,2021-02-02 18:23:00,Turismo y entretenimiento,Eventos / Festivales,Bogotá  D.C.,1,2322000,220000,7,3.0,6,3,2021-05-01,1,2.0,0,3,2,5,3.3333333333333335,Estándar
QAFEIH1VUL,2021-02-20 11:59:00,2021-02-21 11:26:00,Alimentos y bebidas,Abarrotes / Mercado,Bogotá  D.C.,1,2107900,192600,3,3.0,48,4,2021-05-01,19,12.0,0,3,5,5,4.333333333333333,Estándar
QAQHN4LNOD,2021-02-26 15:37:00,2021-02-26 15:45:00,Comercio detallista,Ropa / Accesorios,Bogotá  D.C.,1,10512500,2066500,3,3.0,28,4,2021-05-01,8,7.0,0,5,4,5,4.666666666666667,Alto valor
QB0SMR0FRS,2021-02-04 18:25:00,2021-02-04 18:41:00,Alimentos y bebidas,Repostería / Panadería,Bogotá  D.C.,1,2000,0,3,3.0,1,1,2021-02-01,0,1.0,3,1,1,2,1.3333333333333333,Baja actividad
QCHM7A7IWB,2021-01-19 06:57:00,2021-01-19 14:13:00,Educación,Tutor / Profesor,Bogotá  D.C.,1,31700,0,4,4.0,2,2,2021-05-01,1,1.0,0,1,1,5,2.3333333333333335,Nuevos o bajo desarrollo
QDCU7MN4MO,2021-03-29 18:19:00,2021-03-29 18:46:00,Comercio detallista,Venta de vehículos usados,Bogotá  D.C.,1,12832000,0,2,2.0,6,3,2021-05-01,1,2.0,0,5,2,5,4.0,Estándar
QDHYJQ22B4,2021-03-30 11:42:00,2021-03-30 11:56:00,Comercio detallista,Ropa / Accesorios,Bogotá  D.C.,1,1000,0,2,2.0,1,1,2021-03-01,0,1.0,2,1,1,3,1.6666666666666667,Estándar
QDL4DO4Z1H,2021-03-24 14:55:00,2021-03-24 15:03:00,Comercio detallista,Auto partes,Bogotá  D.C.,1,1901000,0,2,2.0,4,3,2021-05-01,2,1.3333333333333333,0,3,2,5,3.3333333333333335,Estándar
QEGF58J5KL,2021-03-02 13:50:00,2021-03-02 14:06:00,Reparación y limpieza,Automotriz y autopartes,Bogotá  D.C.,1,12779300,2159000,2,2.0,19,3,2021-05-01,9,6.333333333333333,0,5,4,5,4.666666666666667,Alto valor
QEO3J859D2,2021-02-10 10:11:00,2021-02-10 10:30:00,Servicios,Tecnología y software,Bogotá  D.C.,2,16792000,0,3,3.0,4,1,2021-02-01,0,4.0,3,5,2,2,3.0,Estándar
QFKWCECEWG,2020-08-22 02:44:00,2021-01-14 10:01:00,Comercio detallista,Muebles / Decoración,Bogotá  D.C.,1,20186500,0,9,4.0,26,5,2021-05-01,6,5.2,0,5,4,5,4.666666666666667,Alto valor
QG19TFNA5S,2020-12-15 18:30:00,2021-03-13 15:26:00,Comercio detallista,Otro,Bogotá  D.C.,1,452000,0,5,2.0,2,1,2021-03-01,0,2.0,2,2,1,3,2.0,Estándar
QGIYIQA73A,2020-12-15 18:28:00,2020-12-15 18:45:00,Turismo y entretenimiento,Entrenador personal,Bucaramanga,1,8098000,0,5,5.0,18,5,2021-04-01,0,3.6,1,5,4,4,4.333333333333333,Alto valor
QHQHK41VUE,2020-12-17 14:43:00,2020-12-17 14:52:00,Servicios,Otro,Bogotá  D.C.,1,1079350,400000,5,5.0,7,3,2021-05-01,2,2.3333333333333335,0,3,2,5,3.3333333333333335,Estándar
QI0L93EZHT,2021-03-11 11:10:00,2021-03-11 11:19:00,Alimentos y bebidas,Restaurante / Café,Chía,1,1990700,385400,2,2.0,36,3,2021-05-01,16,12.0,0,3,5,5,4.333333333333333,Estándar
QI9UFU9MGT,2021-03-19 09:54:00,2021-03-19 10:08:00,Transporte,Servicio especial,Bogotá  D.C.,1,27000,0,2,2.0,3,2,2021-04-01,0,1.5,1,1,1,4,2.0,Nuevos o bajo desarrollo
QII3SAG1W4,2021-01-13 13:38:00,2021-01-13 13:50:00,Comercio detallista,Óptica,Bogotá  D.C.,1,4462000,350000,4,4.0,13,5,2021-05-01,2,2.6,0,4,3,5,4.0,Estándar
QJJ7V8R0JE,2021-03-30 09:45:00,2021-03-30 09:58:00,Comercio detallista,Materiales de construcción,Bogotá  D.C.,1,662020,130800,2,2.0,10,3,2021-05-01,3,3.3333333333333335,0,2,3,5,3.3333333333333335,Estándar
QJVZ51VZEJ,2021-03-10 16:17:00,2021-03-10 16:37:00,Comercio detallista,Tecnología,Bogotá  D.C.,1,227000,75000,2,2.0,4,2,2021-05-01,2,2.0,0,2,2,5,3.0,Nuevos o bajo desarrollo
QJYEFELH3W,2021-03-17 08:07:00,2021-03-17 08:26:00,Alimentos y bebidas,Abarrotes / Mercado,Bogotá  D.C.,1,2589550,227800,2,2.0,80,3,2021-05-01,29,26.666666666666668,0,4,5,5,4.666666666666667,Alto valor
QK304XP6T6,2021-03-17 10:37:00,2021-03-17 10:52:00,Belleza y cuidado personal,Salón de belleza,Bogotá  D.C.,1,257400,254400,2,2.0,3,1,2021-03-01,0,3.0,2,2,1,3,2.0,Estándar
QKB82BF9NI,2020-09-14 14:29:00,2021-02-12 14:09:00,Comercio detallista,Auto partes,Cali,1,1903000,0,8,3.0,16,4,2021-05-01,2,4.0,0,3,4,5,4.0,Estándar
QKB94K9C7S,2021-03-30 16:38:00,2021-03-30 16:59:00,Comercio detallista,Ropa / Accesorios,Bogotá  D.C.,1,705000,332000,2,2.0,7,2,2021-05-01,6,3.5,0,2,2,5,3.0,Nuevos o bajo desarrollo
QKEKMU134A,2021-03-04 12:16:00,2021-03-04 12:24:00,Comercio detallista,Óptica,Bogotá  D.C.,1,4564000,365000,2,2.0,16,2,2021-05-01,7,8.0,0,4,4,5,4.333333333333333,Alto valor
QKO2MG5OZF,2021-03-29 16:16:00,2021-03-30 09:48:00,Comercio detallista,Ropa / Accesorios,Bogotá  D.C.,1,1000,0,2,2.0,1,1,2021-03-01,0,1.0,2,1,1,3,1.6666666666666667,Estándar
QKQGUQGME9,2021-03-16 13:27:00,2021-03-16 13:38:00,Comercio detallista,Tecnología,El Rosal,1,1000,0,2,2.0,1,1,2021-03-01,0,1.0,2,1,1,3,1.6666666666666667,Estándar
QL8LFRXE78,2021-03-17 12:28:00,2021-03-17 12:44:00,Servicios,Tecnología y software,Bogotá  D.C.,1,4818050,712000,2,2.0,15,3,2021-05-01,6,5.0,0,4,4,5,4.333333333333333,Alto valor
QLEATFVTVQ,2021-03-11 12:50:00,2021-03-11 13:08:00,Comercio detallista,Muebles / Decoración,Bogotá  D.C.,1,11389000,1254000,2,2.0,11,3,2021-05-01,7,3.6666666666666665,0,5,3,5,4.333333333333333,Estándar
QLHRT8I36U,2021-03-05 12:53:00,2021-03-09 17:20:00,Turismo y entretenimiento,Eventos / Festivales,Puerto Colombia,1,1910000,1100000,2,2.0,2,1,2021-03-01,0,2.0,2,3,1,3,2.3333333333333335,Estándar
QLHYG9EFAK,2021-03-10 19:30:00,2021-03-10 19:42:00,Comercio detallista,Ropa / Accesorios,Bogotá  D.C.,1,14001500,5900000,2,2.0,23,3,2021-05-01,9,7.666666666666667,0,5,4,5,4.666666666666667,Alto valor
QLZA4OA3CT,2020-12-11 15:38:00,2020-12-12 19:59:00,Alimentos y bebidas,Comida rápida,Bogotá  D.C.,1,3386100,255600,5,5.0,110,6,2021-05-01,30,18.333333333333332,0,4,5,5,4.666666666666667,Alto valor
QN3CHIXDB6,2021-03-15 17:35:00,2021-03-15 18:01:00,Reparación y limpieza,Reparaciones locativas,Bogotá  D.C.,1,2000,0,2,2.0,1,1,2021-03-01,0,1.0,2,1,1,3,1.6666666666666667,Estándar
QNP5LWKF52,2021-03-27 13:04:00,2021-03-27 13:17:00,Belleza y cuidado personal,Salón de belleza,Bogotá  D.C.,1,619500,0,2,2.0,7,2,2021-05-01,5,3.5,0,2,2,5,3.0,Nuevos o bajo desarrollo
QO1DHCY6X5,2021-03-27 14:12:00,2021-03-27 14:24:00,Comercio detallista,Ropa / Accesorios,Bogotá  D.C.,1,197000,0,2,2.0,4,3,2021-05-01,1,1.3333333333333333,0,2,2,5,3.0,Nuevos o bajo desarrollo
QO1FHMBS5V,2021-03-08 16:49:00,2021-03-13 09:51:00,Servicios,Diseño / Fotografía,Bogotá  D.C.,1,753550,0,2,2.0,4,2,2021-05-01,2,2.0,0,2,2,5,3.0,Nuevos o bajo desarrollo
QOT1HZSTW1,2021-03-16 13:36:00,2021-03-16 13:48:00,Comercio detallista,Ropa / Accesorios,Bogotá  D.C.,1,939500,70000,2,2.0,10,3,2021-05-01,6,3.3333333333333335,0,2,3,5,3.3333333333333335,Estándar
QPJYIZ0BMF,2021-03-10 15:26:00,2021-03-10 15:37:00,Comercio detallista,Otro,Bogotá  D.C.,1,4903000,1228000,2,2.0,39,3,2021-05-01,18,13.0,0,4,5,5,4.666666666666667,Alto valor
QQ793ZI94N,2021-03-09 11:52:00,2021-03-20 09:56:00,Comercio detallista,Óptica,Bogotá  D.C.,1,6371500,1200000,2,2.0,11,3,2021-05-01,1,3.6666666666666665,0,5,3,5,4.333333333333333,Estándar
QQ9TAYPNVM,2021-03-26 11:28:00,2021-03-26 11:42:00,Reparación y limpieza,Otro,Bogotá  D.C.,1,4119000,1265000,2,2.0,7,3,2021-05-01,2,2.3333333333333335,0,4,2,5,3.6666666666666665,Estándar
QQHRYACKPK,2021-03-16 20:14:00,2021-03-16 21:16:00,Alimentos y bebidas,Repostería / Panadería,Cali,1,1833000,551000,2,2.0,36,3,2021-05-01,18,12.0,0,3,5,5,4.333333333333333,Estándar
QQNDSGSMAC,2021-02-28 15:31:00,2021-02-28 15:42:00,Alimentos y bebidas,Restaurante / Café,Bogotá  D.C.,1,2000,0,3,3.0,1,1,2021-02-01,0,1.0,3,1,1,2,1.3333333333333333,Baja actividad
QQUSKCEM9R,2020-12-09 16:00:00,2020-12-09 16:12:00,Servicios,Otro,Bogotá  D.C.,1,13027000,1400000,5,5.0,35,6,2021-05-01,7,5.833333333333333,0,5,5,5,5.0,Alto valor
QR6UBP9ETI,2021-03-18 16:12:00,2021-03-18 16:26:00,Comercio detallista,Libros / Papelería,Yumbo,1,1248200,638000,2,2.0,6,2,2021-05-01,5,3.0,0,3,2,5,3.3333333333333335,Estándar
QRGTBC10E4,2021-01-18 14:32:00,2021-01-18 14:53:00,Comercio detallista,Materiales de construcción,Soacha,1,3755400,587000,4,4.0,39,5,2021-05-01,12,7.8,0,4,5,5,4.666666666666667,Alto valor
QRXMPTLQHJ,2020-12-07 17:42:00,2020-12-07 17:58:00,Servicios,Arquitectura e ingeniería,Bogotá  D.C.,1,2002000,0,5,5.0,2,1,2020-12-01,0,2.0,5,3,1,1,1.6666666666666667,Estándar
QS3PM9A33A,2021-01-29 17:10:00,2021-01-29 17:23:00,Comercio detallista,Óptica,Bogotá  D.C.,1,6417000,0,4,4.0,16,5,2021-05-01,2,3.2,0,5,4,5,4.666666666666667,Alto valor
QSF5P2R11L,2021-03-02 10:56:00,2021-03-02 11:06:00,Servicios,Arquitectura e ingeniería,Bogotá  D.C.,1,2040,0,2,2.0,1,1,2021-03-01,0,1.0,2,1,1,3,1.6666666666666667,Estándar
QSJ7FRXTII,2021-03-16 17:32:00,2021-03-16 17:47:00,Comercio detallista,Ropa / Accesorios,Bogotá  D.C.,1,2000,0,2,2.0,1,1,2021-03-01,0,1.0,2,1,1,3,1.6666666666666667,Estándar
QSKVCIV4C4,2021-03-01 16:36:00,2021-03-01 16:43:00,Reparación y limpieza,Automotriz y autopartes,Bogotá  D.C.,1,1858120,0,2,2.0,5,1,2021-03-01,0,5.0,2,3,2,3,2.6666666666666665,Estándar
QSTJFDSRSE,2020-12-21 11:53:00,2020-12-21 12:10:00,Comercio detallista,Óptica,Bogotá  D.C.,1,3646000,318000,5,5.0,11,6,2021-05-01,2,1.8333333333333333,0,4,3,5,4.0,Estándar
QT2FCYT9K0,2021-03-12 10:39:00,2021-03-12 10:57:00,Comercio detallista,Otro,Bogotá  D.C.,1,1000,0,2,2.0,1,1,2021-03-01,0,1.0,2,1,1,3,1.6666666666666667,Estándar
QT3NGULAQE,2021-03-04 17:04:00,2021-03-04 17:15:00,Alimentos y bebidas,Abarrotes / Mercado,Bogotá  D.C.,1,994200,0,2,2.0,16,3,2021-05-01,1,5.333333333333333,0,3,4,5,4.0,Estándar
QTFEXZ4ZXP,2021-03-25 10:44:00,2021-03-25 10:57:00,Comercio detallista,Materiales de construcción,Bogotá  D.C.,1,3000,0,2,2.0,2,1,2021-03-01,0,2.0,2,1,1,3,1.6666666666666667,Estándar
QUMSFGI2KK,2021-03-08 11:10:00,2021-03-08 11:18:00,Servicios,Otro,Bogotá  D.C.,1,2000,0,2,2.0,1,1,2021-03-01,0,1.0,2,1,1,3,1.6666666666666667,Estándar
QUYA2Y0L54,2021-02-06 13:13:00,2021-02-14 12:11:00,Alimentos y bebidas,Abarrotes / Mercado,Bogotá  D.C.,1,12604633,2007957,3,3.0,168,4,2021-05-01,81,42.0,0,5,5,5,5.0,Alto valor
QVANS17RL5,2021-02-26 12:48:00,2021-02-26 13:05:00,Alimentos y bebidas,Restaurante / Café,Tocancipá,1,3134450,309650,3,3.0,62,4,2021-05-01,25,15.5,0,4,5,5,4.666666666666667,Alto valor
QVIFEG60Q6,2020-12-15 09:28:00,2020-12-15 09:56:00,Comercio detallista,Muebles / Decoración,Bogotá  D.C.,1,4265000,0,5,5.0,7,1,2020-12-01,0,7.0,5,4,2,1,2.3333333333333335,Estándar
QWDAS6CS4F,2021-02-15 19:41:00,2021-02-15 19:52:00,Comercio detallista,Muebles / Decoración,Bogotá  D.C.,1,6234000,0,3,3.0,10,2,2021-03-01,0,5.0,2,5,3,3,3.6666666666666665,Estándar
QWZ74QJY6J,2021-03-23 12:30:00,2021-03-23 12:41:00,Reparación y limpieza,Moda / Zapatería,Bogotá  D.C.,1,1816750,397750,2,2.0,27,3,2021-05-01,16,9.0,0,3,4,5,4.0,Estándar
QXLIT8E2GH,2021-03-22 09:31:00,2021-03-22 09:51:00,Comercio detallista,Otro,Bogotá  D.C.,1,2000,0,2,2.0,5,3,2021-05-01,2,1.6666666666666667,0,1,2,5,2.6666666666666665,Nuevos o bajo desarrollo
QXP47UZPPS,2021-01-05 16:36:00,2021-01-05 16:44:00,Comercio detallista,Óptica,Bogotá  D.C.,1,21205000,90000,4,4.0,72,5,2021-05-01,6,14.4,0,5,5,5,5.0,Alto valor
QYEO6COI0O,2021-02-16 14:48:00,2021-02-16 14:59:00,Comercio detallista,Óptica,Bogotá  D.C.,1,2522000,0,3,3.0,8,4,2021-05-01,1,2.0,0,4,3,5,4.0,Estándar
QZG9DA5UGY,2021-03-06 12:23:00,2021-03-06 12:34:00,Educación,Talleres / Cursos / Capacitaciones,Bogotá  D.C.,1,23827000,500000,2,2.0,16,3,2021-05-01,5,5.333333333333333,0,5,4,5,4.666666666666667,Alto valor
QZL7OOM2GR,2021-03-26 14:07:00,2021-03-26 14:15:00,Comercio detallista,Óptica,Bogotá  D.C.,1,13790000,2580000,2,2.0,25,3,2021-05-01,20,8.333333333333334,0,5,4,5,4.666666666666667,Alto valor
R38NGTPSX0,2021-03-04 17:12:00,2021-03-04 17:22:00,Comercio detallista,Óptica,Bogotá  D.C.,1,4435000,1325000,2,2.0,11,3,2021-05-01,5,3.6666666666666665,0,4,3,5,4.0,Estándar
R3FJEV2UIG,2021-01-25 12:25:00,2021-01-25 12:55:00,Reparación y limpieza,Automotriz y autopartes,Guamo,1,201000,0,4,4.0,3,2,2021-03-01,0,1.5,2,2,1,3,2.0,Estándar
R3N5FOPQJX,2021-03-30 18:36:00,2021-03-30 18:48:00,Comercio detallista,Materiales de construcción,Bogotá  D.C.,1,2000,0,2,2.0,1,1,2021-03-01,0,1.0,2,1,1,3,1.6666666666666667,Estándar
R3T094REOI,2021-03-29 14:38:00,2021-03-29 14:49:00,Comercio detallista,Ropa / Accesorios,Bogotá  D.C.,1,5509000,3026000,2,2.0,18,3,2021-05-01,15,6.0,0,4,4,5,4.333333333333333,Alto valor
R3TDOBGCZW,2021-03-25 11:41:00,2021-03-25 11:51:00,Alimentos y bebidas,Abarrotes / Mercado,Bogotá  D.C.,1,102300,0,2,2.0,8,3,2021-05-01,3,2.6666666666666665,0,1,3,5,3.0,Estándar
R5SS0YM5DC,2021-03-29 14:34:00,2021-03-29 14:43:00,Comercio detallista,Auto partes,Bogotá  D.C.,1,4389500,702500,2,2.0,17,3,2021-05-01,9,5.666666666666667,0,4,4,5,4.333333333333333,Alto valor
R5U1LVAQCE,2021-03-10 18:44:00,2021-03-10 18:58:00,Comercio detallista,Floristería,Bogotá  D.C.,1,390000,0,2,2.0,10,3,2021-05-01,6,3.3333333333333335,0,2,3,5,3.3333333333333335,Estándar
R6RA2QRECC,2021-03-16 15:37:00,2021-03-20 11:49:00,Servicios,Carpintería,Palmira,1,374500,0,2,2.0,7,1,2021-03-01,0,7.0,2,2,2,3,2.3333333333333335,Estándar
R88LWIBL6O,2021-03-17 12:01:00,2021-03-17 12:14:00,Comercio detallista,Óptica,Bogotá  D.C.,1,1288000,0,2,2.0,9,3,2021-05-01,2,3.0,0,3,3,5,3.6666666666666665,Estándar
R89F0UMJVT,2021-03-26 13:17:00,2021-03-26 13:28:00,Comercio detallista,Artesanías,Bogotá  D.C.,1,37000,0,2,2.0,3,2,2021-04-01,0,1.5,1,1,1,4,2.0,Nuevos o bajo desarrollo
R8ZRPI6RM7,2021-01-27 17:54:00,2021-01-27 18:03:00,Servicios,Otro,Bogotá  D.C.,1,7865000,1015000,4,4.0,11,4,2021-05-01,3,2.75,0,5,3,5,4.333333333333333,Estándar
R9SGUUPFE5,2021-02-07 10:22:00,2021-02-07 10:36:00,Servicios,Tecnología y software,Soacha,1,2000,0,3,3.0,1,1,2021-02-01,0,1.0,3,1,1,2,1.3333333333333333,Baja actividad
R9YZTNYLGU,2020-12-15 14:20:00,2020-12-16 18:45:00,Servicios,Otro,Bogotá  D.C.,1,759800,0,5,5.0,17,5,2021-04-01,0,3.4,1,2,4,4,3.3333333333333335,Estándar
RA3EYHCZQT,2021-03-16 18:39:00,2021-03-16 18:49:00,Alimentos y bebidas,Comida rápida,Cali,1,3275300,1013400,2,2.0,51,3,2021-05-01,25,17.0,0,4,5,5,4.666666666666667,Alto valor
RAIT13SW14,2021-03-24 13:25:00,2021-03-24 13:32:00,Comercio detallista,Ropa / Accesorios,Bogotá  D.C.,1,180000,0,2,2.0,7,3,2021-05-01,4,2.3333333333333335,0,2,2,5,3.0,Nuevos o bajo desarrollo
RB1CXZW4G4,2021-01-18 12:03:00,2021-01-18 12:18:00,Comercio detallista,Ropa / Accesorios,Bogotá  D.C.,1,10025000,1185000,4,4.0,31,5,2021-05-01,4,6.2,0,5,5,5,5.0,Alto valor
RBAM7K4WKO,2021-03-26 15:01:00,2021-03-26 15:10:00,Comercio detallista,Juguetería / Piñatería,Bogotá  D.C.,1,448650,26250,2,2.0,6,3,2021-05-01,1,2.0,0,2,2,5,3.0,Nuevos o bajo desarrollo
RBDUKUJKH1,2021-03-25 10:59:00,2021-03-25 11:13:00,Belleza y cuidado personal,Otro,Bogotá  D.C.,1,965199,84000,2,2.0,8,3,2021-05-01,1,2.6666666666666665,0,2,3,5,3.3333333333333335,Estándar
RBLX8HT0FS,2021-03-16 17:08:00,2021-03-16 17:21:00,Comercio detallista,Tecnología,El Rosal,1,10713000,3163000,2,2.0,20,3,2021-05-01,10,6.666666666666667,0,5,4,5,4.666666666666667,Alto valor
RBO4DM4TTV,2021-02-17 14:35:00,2021-02-17 15:58:00,Servicios,Otro,Cali,1,1050,0,3,3.0,1,1,2021-02-01,0,1.0,3,1,1,2,1.3333333333333333,Baja actividad
RCACB63GYV,2021-02-24 17:38:00,2021-02-24 17:57:00,Belleza y cuidado personal,Salón de belleza,Bogotá  D.C.,1,403950,65800,3,3.0,10,4,2021-05-01,2,2.5,0,2,3,5,3.3333333333333335,Estándar
RCCXRKRO26,2021-03-10 18:36:00,2021-03-10 18:54:00,Comercio detallista,Muebles / Decoración,Bogotá  D.C.,1,23132900,214000,2,2.0,20,3,2021-05-01,10,6.666666666666667,0,5,4,5,4.666666666666667,Alto valor
RCI1Y615HZ,2021-02-08 16:09:00,2021-02-08 16:23:00,Comercio detallista,Tecnología,Bogotá  D.C.,1,6207000,414000,3,3.0,21,4,2021-05-01,8,5.25,0,5,4,5,4.666666666666667,Alto valor
RCV21U0WXK,2021-03-19 17:22:00,2021-03-19 17:35:00,Comercio detallista,Óptica,Bogotá  D.C.,1,2000,0,2,2.0,1,1,2021-03-01,0,1.0,2,1,1,3,1.6666666666666667,Estándar
RD31IEEFTH,2021-02-12 13:57:00,2021-02-12 14:12:00,Alimentos y bebidas,Restaurante / Café,Soacha,1,708400,0,3,3.0,16,2,2021-03-01,0,8.0,2,2,4,3,3.0,Estándar
RDS4QGMRVF,2021-03-31 12:59:00,2021-03-31 13:11:00,Comercio detallista,Ropa / Accesorios,Soacha,1,825500,392500,2,2.0,7,3,2021-05-01,5,2.3333333333333335,0,2,2,5,3.0,Nuevos o bajo desarrollo
RE3EAJQCY0,2021-03-02 16:56:00,2021-03-02 17:03:00,Comercio detallista,Óptica,Bogotá  D.C.,1,2554000,0,2,2.0,11,3,2021-05-01,5,3.6666666666666665,0,4,3,5,4.0,Estándar
RFZ7MC6F0K,2021-02-04 13:00:00,2021-02-06 10:49:00,Alimentos y bebidas,Otro,Bogotá  D.C.,1,1178700,44200,3,3.0,23,4,2021-05-01,6,5.75,0,3,4,5,4.0,Estándar
RGTXAN7DZ4,2021-03-11 17:23:00,2021-03-11 17:49:00,Alimentos y bebidas,Licores,Bogotá  D.C.,1,876400,320000,2,2.0,14,3,2021-05-01,5,4.666666666666667,0,2,3,5,3.3333333333333335,Estándar
RHF2Z6R1FI,2021-01-26 14:54:00,2021-01-26 15:06:00,Servicios,Arquitectura e ingeniería,Bogotá  D.C.,1,2000,0,4,4.0,1,1,2021-01-01,0,1.0,4,1,1,1,1.0,Baja actividad
RHMERNAIWA,2021-02-05 16:55:00,2021-02-05 17:08:00,Comercio detallista,Óptica,Bogotá  D.C.,1,4074000,0,3,3.0,10,3,2021-05-01,1,3.3333333333333335,0,4,3,5,4.0,Estándar
RKL76LN21P,2021-03-23 12:27:00,2021-03-23 12:44:00,Comercio detallista,Venta de bicicletas y accesorios,Bogotá  D.C.,1,1695800,0,2,2.0,3,3,2021-05-01,1,1.0,0,3,1,5,3.0,Estándar
RKQ8KWFYER,2021-01-21 13:04:00,2021-01-21 13:23:00,Comercio detallista,Óptica,Bogotá  D.C.,1,21234000,3570000,4,4.0,91,5,2021-05-01,12,18.2,0,5,5,5,5.0,Alto valor
RKWLRP5TZH,2020-12-21 14:41:00,2020-12-21 15:29:00,Comercio detallista,Óptica,Bogotá  D.C.,1,15781000,1353000,5,5.0,51,5,2021-05-01,11,10.2,0,5,5,5,5.0,Alto valor
RLDICM4HK8,2021-02-09 10:14:00,2021-02-09 10:29:00,Comercio detallista,Auto partes,Bogotá  D.C.,1,245300,0,3,3.0,7,3,2021-04-01,0,2.3333333333333335,1,2,2,4,2.6666666666666665,Nuevos o bajo desarrollo
RLSLHDF068,2021-03-04 10:47:00,2021-03-06 11:24:00,Comercio detallista,Venta de bicicletas y accesorios,Yopal,1,14601000,3480000,2,2.0,66,3,2021-05-01,23,22.0,0,5,5,5,5.0,Alto valor
RLU55P97CX,2021-03-10 12:18:00,2021-03-10 12:24:00,Comercio detallista,Materiales de construcción,Bogotá  D.C.,1,2021092,0,2,2.0,9,3,2021-05-01,3,3.0,0,3,3,5,3.6666666666666665,Estándar
RLXIC0LD1O,2021-03-10 10:38:00,2021-03-10 10:53:00,Comercio detallista,Materiales de construcción,Pandi,1,5948900,5047000,2,2.0,4,3,2021-05-01,1,1.3333333333333333,0,4,2,5,3.6666666666666665,Estándar
RM1EDOKKAI,2021-03-04 13:27:00,2021-03-04 13:54:00,Servicios,Otro,Bogotá  D.C.,1,502000,0,2,2.0,2,1,2021-03-01,0,2.0,2,2,1,3,2.0,Estándar
RMU91CKXYP,2021-02-18 17:13:00,2021-02-18 17:47:00,Alimentos y bebidas,Bar / Club / Discoteca,Bogotá  D.C.,1,5010650,334900,3,3.0,35,4,2021-05-01,15,8.75,0,4,5,5,4.666666666666667,Alto valor
RN59M5L40K,2021-02-18 14:59:00,2021-02-18 15:10:00,Alimentos y bebidas,Restaurante / Café,Cali,1,3004000,89500,3,3.0,23,4,2021-05-01,5,5.75,0,4,4,5,4.333333333333333,Alto valor
RNHS2W1K0A,2021-03-26 10:09:00,2021-03-26 10:18:00,Comercio detallista,Auto partes,Bogotá  D.C.,1,11737350,485600,2,2.0,39,3,2021-05-01,6,13.0,0,5,5,5,5.0,Alto valor
RNXKK4HLW7,2021-03-19 11:23:00,2021-03-19 11:38:00,Comercio detallista,Tecnología,Cali,1,1160000,570000,2,2.0,5,2,2021-04-01,0,2.5,1,3,2,4,3.0,Estándar
ROJELIJVBU,2021-03-12 17:20:00,2021-03-12 17:31:00,Servicios,Tecnología y software,Bogotá  D.C.,1,5789190,1060000,2,2.0,11,3,2021-05-01,5,3.6666666666666665,0,4,3,5,4.0,Estándar
RP6C8FUFP9,2021-03-03 16:20:00,2021-03-03 16:31:00,Reparación y limpieza,Automotriz y autopartes,Bogotá  D.C.,1,26034200,4697200,2,2.0,174,3,2021-05-01,69,58.0,0,5,5,5,5.0,Alto valor
RPDCESIYN9,2021-03-18 12:06:00,2021-03-18 12:16:00,Comercio detallista,Joyería,Fusagasugá,1,152000,0,2,2.0,2,1,2021-03-01,0,2.0,2,1,1,3,1.6666666666666667,Estándar
RPJA100TF2,2021-03-08 17:01:00,2021-03-08 17:21:00,Servicios,Otro,Bogotá  D.C.,1,2000,0,2,2.0,1,1,2021-03-01,0,1.0,2,1,1,3,1.6666666666666667,Estándar
RPQSJZWGD8,2021-02-17 13:12:00,2021-02-17 13:25:00,Alimentos y bebidas,Comida rápida,Bogotá  D.C.,1,4583700,525500,3,3.0,151,4,2021-05-01,40,37.75,0,4,5,5,4.666666666666667,Alto valor
RPTTIOI9FJ,2021-03-10 09:54:00,2021-03-10 10:27:00,Alimentos y bebidas,Restaurante / Café,Bogotá  D.C.,1,1467000,111000,2,2.0,60,3,2021-05-01,34,20.0,0,3,5,5,4.333333333333333,Estándar
RPU9XO175F,2021-03-30 16:36:00,2021-03-30 16:46:00,Comercio detallista,Libros / Papelería,Bogotá  D.C.,1,820000,614250,2,2.0,7,2,2021-04-01,0,3.5,1,2,2,4,2.6666666666666665,Nuevos o bajo desarrollo
RQ0UEL6O0B,2020-11-28 20:05:00,2021-01-13 17:05:00,Comercio detallista,Tecnología,Bogotá  D.C.,2,1227000,25000,6,4.0,3,2,2021-05-01,2,1.5,0,3,1,5,3.0,Estándar
RQ6P7DPOCV,2021-03-30 17:06:00,2021-03-30 17:15:00,Comercio detallista,Óptica,Bogotá  D.C.,1,946000,0,2,2.0,7,3,2021-05-01,2,2.3333333333333335,0,2,2,5,3.0,Nuevos o bajo desarrollo
RQQ73G52O0,2021-03-19 16:18:00,2021-03-19 16:36:00,Comercio detallista,Elementos del hogar,Granada,1,1702000,0,2,2.0,3,3,2021-05-01,1,1.0,0,3,1,5,3.0,Estándar
RQYAN2R7H0,2021-01-12 10:21:00,2021-01-12 11:33:00,Servicios,Otro,Bogotá  D.C.,1,2000,0,4,4.0,1,1,2021-01-01,0,1.0,4,1,1,1,1.0,Baja actividad
RSF47VPTJD,2021-02-24 15:12:00,2021-02-24 15:28:00,Comercio detallista,Óptica,Bogotá  D.C.,1,5493000,121000,3,3.0,12,4,2021-05-01,4,3.0,0,4,3,5,4.0,Estándar
RSMTXK8VFE,2021-03-26 11:32:00,2021-03-26 11:46:00,Comercio detallista,Ropa / Accesorios,Bogotá  D.C.,1,1000,0,2,2.0,1,1,2021-03-01,0,1.0,2,1,1,3,1.6666666666666667,Estándar
RSPZX17GWC,2021-03-19 12:16:00,2021-03-19 12:34:00,Servicios,Otro,Madrid,1,1000,0,2,2.0,1,1,2021-03-01,0,1.0,2,1,1,3,1.6666666666666667,Estándar
RSWHRSN9U7,2021-03-31 16:53:00,2021-03-31 17:22:00,Comercio detallista,Mascotas,Bogotá  D.C.,1,567950,73500,2,2.0,12,3,2021-05-01,8,4.0,0,2,3,5,3.3333333333333335,Estándar
RT2LYBH92J,2021-03-03 12:26:00,2021-03-03 13:16:00,Comercio detallista,Ropa / Accesorios,Bogotá  D.C.,1,460000,0,2,2.0,9,3,2021-05-01,2,3.0,0,2,3,5,3.3333333333333335,Estándar
RT7PAJVBCQ,2021-03-09 11:19:00,2021-03-09 11:34:00,Comercio detallista,Libros / Papelería,Bogotá  D.C.,1,2000,0,2,2.0,1,1,2021-03-01,0,1.0,2,1,1,3,1.6666666666666667,Estándar
RTGCG8R9QJ,2021-03-08 13:19:00,2021-03-08 13:37:00,Alimentos y bebidas,Restaurante / Café,Bogotá  D.C.,1,262000,10000,2,2.0,13,3,2021-05-01,3,4.333333333333333,0,2,3,5,3.3333333333333335,Estándar
RTIRQQKOX4,2021-02-23 15:26:00,2021-02-23 15:37:00,Comercio detallista,Ropa / Accesorios,Bogotá  D.C.,1,1324000,250000,3,3.0,10,3,2021-04-01,0,3.3333333333333335,1,3,3,4,3.3333333333333335,Estándar
RU6Q7HLPAQ,2021-03-11 11:58:00,2021-03-11 12:27:00,Comercio detallista,Tienda naturista,Bogotá  D.C.,1,3428000,514000,2,2.0,29,3,2021-05-01,14,9.666666666666666,0,4,4,5,4.333333333333333,Alto valor
RV1WBSIBRV,2021-03-02 17:03:00,2021-03-02 17:15:00,Comercio detallista,Elementos de seguridad,Bogotá  D.C.,1,11258650,2639100,2,2.0,61,3,2021-05-01,15,20.333333333333332,0,5,5,5,5.0,Alto valor
RV23ONGQTE,2021-03-15 13:19:00,2021-03-15 13:27:00,Comercio detallista,Óptica,Bogotá  D.C.,1,9067000,120000,2,2.0,16,3,2021-05-01,4,5.333333333333333,0,5,4,5,4.666666666666667,Alto valor
RV9HQ5934P,2021-02-18 17:41:00,2021-02-18 18:07:00,Servicios,Diseño / Fotografía,Bogotá  D.C.,1,306000,0,3,3.0,4,2,2021-03-01,0,2.0,2,2,2,3,2.3333333333333335,Estándar
RVEZH3LPI1,2021-02-22 15:25:00,2021-02-22 15:37:00,Comercio detallista,Óptica,Bogotá  D.C.,1,172000,0,3,3.0,2,1,2021-02-01,0,2.0,3,2,1,2,1.6666666666666667,Baja actividad
RVLHIUIBN2,2021-03-12 15:02:00,2021-03-13 16:22:00,Alimentos y bebidas,Abarrotes / Mercado,Bogotá  D.C.,1,2509100,524500,2,2.0,81,3,2021-05-01,54,27.0,0,3,5,5,4.333333333333333,Estándar
RVY5N37X1X,2021-02-20 11:48:00,2021-02-20 12:05:00,Transporte,Taxi,Cali,1,6900,0,3,3.0,1,1,2021-02-01,0,1.0,3,1,1,2,1.3333333333333333,Baja actividad
RWHMIDMH7O,2021-01-20 15:47:00,2021-01-20 15:59:00,Comercio detallista,Otro,Bogotá  D.C.,1,5228500,340000,4,4.0,68,5,2021-05-01,11,13.6,0,4,5,5,4.666666666666667,Alto valor
RWL6BBRBPX,2021-02-11 15:34:00,2021-02-11 21:57:00,Servicios,Medicina / Odontología,Cajicá,1,43033000,6960000,3,3.0,53,4,2021-05-01,6,13.25,0,5,5,5,5.0,Alto valor
RWZTQXRHU7,2021-03-10 10:43:00,2021-03-10 10:55:00,Comercio detallista,Óptica,Bogotá  D.C.,1,2202000,0,2,2.0,12,3,2021-05-01,4,4.0,0,3,3,5,3.6666666666666665,Estándar
RXDN725LHB,2021-03-12 12:36:00,2021-03-12 12:50:00,Comercio detallista,Joyería,Bogotá  D.C.,1,4020600,759000,2,2.0,65,3,2021-05-01,26,21.666666666666668,0,4,5,5,4.666666666666667,Alto valor
RY07YECQ15,2021-03-11 14:06:00,2021-03-11 14:41:00,Comercio detallista,Materiales de construcción,Bogotá  D.C.,1,45200,19400,2,2.0,2,2,2021-05-01,1,1.0,0,1,1,5,2.3333333333333335,Nuevos o bajo desarrollo
RYCAMQ1RZN,2021-02-04 10:36:00,2021-02-04 10:48:00,Alimentos y bebidas,Restaurante / Café,Bogotá  D.C.,1,114970,0,3,3.0,6,2,2021-03-01,0,3.0,2,1,2,3,2.0,Estándar
RZ10KAAUNT,2021-02-15 15:08:00,2021-02-20 10:54:00,Comercio detallista,Floristería,Bogotá  D.C.,1,1112300,104000,3,3.0,12,4,2021-05-01,5,3.0,0,3,3,5,3.6666666666666665,Estándar
RZ14YTTI3S,2021-03-12 15:50:00,2021-03-12 16:14:00,Alimentos y bebidas,Bar / Club / Discoteca,Bogotá  D.C.,1,11508720,0,2,2.0,102,3,2021-05-01,1,34.0,0,5,5,5,5.0,Alto valor
RZ8IJV463R,2021-03-30 14:40:00,2021-03-30 14:55:00,Servicios,Medicina / Odontología,Bogotá  D.C.,1,1651920,1440920,2,2.0,2,2,2021-04-01,0,1.0,1,3,1,4,2.6666666666666665,Estándar
RZF0DPW6T2,2021-03-18 10:52:00,2021-03-18 11:13:00,Belleza y cuidado personal,Salón de belleza,Bogotá  D.C.,1,2435050,1354800,2,2.0,16,3,2021-05-01,10,5.333333333333333,0,3,4,5,4.0,Estándar
RZH86MAYU3,2021-02-10 21:45:00,2021-02-10 21:55:00,Alimentos y bebidas,Otro,Bogotá  D.C.,1,6106775,0,3,3.0,124,4,2021-05-01,30,31.0,0,4,5,5,4.666666666666667,Alto valor
RZYGO53OB4,2021-03-11 13:28:00,2021-03-11 13:40:00,Servicios,Otro,Bogotá  D.C.,1,1184000,364000,2,2.0,7,3,2021-05-01,1,2.3333333333333335,0,3,2,5,3.3333333333333335,Estándar
S02JWLKSLK,2021-03-19 16:51:00,2021-03-19 17:03:00,Comercio detallista,Ropa / Accesorios,Bogotá  D.C.,1,620500,130000,2,2.0,8,2,2021-05-01,5,4.0,0,2,3,5,3.3333333333333335,Estándar
S07CY418Q6,2021-01-21 14:56:00,2021-01-21 15:11:00,Servicios,Otro,Bogotá  D.C.,1,6452000,741000,4,4.0,73,5,2021-05-01,13,14.6,0,5,5,5,5.0,Alto valor
S0D63ZAY10,2021-02-24 10:13:00,2021-02-24 11:34:00,Comercio detallista,Electrodomésticos,Bogotá  D.C.,1,752000,0,3,3.0,2,2,2021-03-01,0,1.0,2,2,1,3,2.0,Estándar
S0ZUY26C0T,2021-02-09 09:50:00,2021-02-09 12:00:00,Belleza y cuidado personal,Distribuidora,Bogotá  D.C.,1,606400,89000,3,3.0,17,4,2021-05-01,7,4.25,0,2,4,5,3.6666666666666665,Estándar
S2L43D9X9U,2021-03-13 12:20:00,2021-03-13 12:37:00,Belleza y cuidado personal,Suplementos,Bogotá  D.C.,1,2000,0,2,2.0,6,3,2021-05-01,2,2.0,0,1,2,5,2.6666666666666665,Nuevos o bajo desarrollo
S2NJ6BVE34,2021-03-16 15:44:00,2021-03-16 16:05:00,Alimentos y bebidas,Restaurante / Café,Bogotá  D.C.,1,202300,29900,2,2.0,11,3,2021-05-01,2,3.6666666666666665,0,2,3,5,3.3333333333333335,Estándar
S3CPA5PW4O,2021-02-10 00:15:00,2021-02-25 13:35:00,Comercio detallista,Óptica,Bogotá  D.C.,2,14724000,1815000,3,3.0,42,4,2021-05-01,13,10.5,0,5,5,5,5.0,Alto valor
S3ICJ2Q239,2021-03-03 19:12:00,2021-03-03 19:24:00,Servicios,Tecnología y software,Bogotá  D.C.,1,2000,0,2,2.0,1,1,2021-03-01,0,1.0,2,1,1,3,1.6666666666666667,Estándar
S3SHGK57U5,2021-03-15 14:23:00,2021-03-15 14:43:00,Comercio detallista,Ropa / Accesorios,Bogotá  D.C.,1,83000,0,2,2.0,3,1,2021-03-01,0,3.0,2,1,1,3,1.6666666666666667,Estándar
S576DBN5KK,2021-02-17 17:06:00,2021-02-17 17:19:00,Belleza y cuidado personal,Otro,Bogotá  D.C.,1,10185000,4750000,3,3.0,22,4,2021-05-01,11,5.5,0,5,4,5,4.666666666666667,Alto valor
S5ALAFDB8P,2021-03-08 16:46:00,2021-03-08 17:09:00,Comercio detallista,Materiales de construcción,Bogotá  D.C.,1,12567718,604000,2,2.0,11,3,2021-05-01,3,3.6666666666666665,0,5,3,5,4.333333333333333,Estándar
S5ES7EDM97,2021-02-23 19:22:00,2021-02-23 19:41:00,Comercio detallista,Tecnología,Bogotá  D.C.,1,413000,300000,3,3.0,3,2,2021-03-01,0,1.5,2,2,1,3,2.0,Estándar
S6CA93U0FK,2021-03-12 15:44:00,2021-03-12 16:03:00,Reparación y limpieza,Moda / Zapatería,Bogotá  D.C.,1,15663000,1470000,2,2.0,31,3,2021-05-01,11,10.333333333333334,0,5,5,5,5.0,Alto valor
S7HHAHDWP5,2021-03-16 13:09:00,2021-03-16 13:39:00,Comercio detallista,Tienda de deportes,Bogotá  D.C.,1,1421000,1050000,2,2.0,3,2,2021-05-01,2,1.5,0,3,1,5,3.0,Estándar
S7N849TRFS,2020-09-28 20:52:00,2021-02-18 17:10:00,Alimentos y bebidas,Comida rápida,Cali,1,331200,0,8,3.0,9,3,2021-04-01,0,3.0,1,2,3,4,3.0,Estándar
S7RRFV0GPA,2021-02-03 13:20:00,2021-02-03 13:51:00,Comercio detallista,Materiales de construcción,Bogotá  D.C.,1,2000,0,3,3.0,1,1,2021-02-01,0,1.0,3,1,1,2,1.3333333333333333,Baja actividad
S7ZY3ZC3HX,2021-03-15 18:12:00,2021-03-15 18:28:00,Alimentos y bebidas,Bar / Club / Discoteca,Bogotá  D.C.,1,17777000,1420000,2,2.0,56,3,2021-05-01,26,18.666666666666668,0,5,5,5,5.0,Alto valor
S8U19UZANH,2020-12-23 12:13:00,2020-12-23 12:23:00,Belleza y cuidado personal,Salón de belleza,Bogotá  D.C.,1,372000,40000,5,5.0,6,4,2021-05-01,1,1.5,0,2,2,5,3.0,Nuevos o bajo desarrollo
SA5ODIJS9G,2021-03-29 12:06:00,2021-03-29 12:20:00,Comercio detallista,Insumos,Bogotá  D.C.,1,2000,0,2,2.0,1,1,2021-03-01,0,1.0,2,1,1,3,1.6666666666666667,Estándar
SAIKJ8LMN6,2021-03-11 16:55:00,2021-03-11 17:15:00,Comercio detallista,Materiales de construcción,Bogotá  D.C.,1,1114400,0,2,2.0,11,3,2021-05-01,1,3.6666666666666665,0,3,3,5,3.6666666666666665,Estándar
SAKL1A8EFM,2021-02-11 17:25:00,2021-02-11 17:57:00,Belleza y cuidado personal,Centro de tatuajes,Bogotá  D.C.,1,4495500,0,3,3.0,8,4,2021-05-01,2,2.0,0,4,3,5,4.0,Estándar
SBN57VP3K0,2021-02-18 13:40:00,2021-02-18 13:55:00,Comercio detallista,Ropa / Accesorios,Bogotá  D.C.,1,18507000,1850000,3,3.0,33,4,2021-05-01,9,8.25,0,5,5,5,5.0,Alto valor
SBO4W1NB2W,2021-03-11 13:48:00,2021-03-11 14:00:00,Comercio detallista,Auto partes,Bogotá  D.C.,1,1729000,0,2,2.0,3,1,2021-03-01,0,3.0,2,3,1,3,2.3333333333333335,Estándar
SCLX0VFGXJ,2021-03-11 11:44:00,2021-03-11 11:55:00,Reparación y limpieza,Automotriz y autopartes,Bogotá  D.C.,1,1922500,0,2,2.0,7,3,2021-05-01,1,2.3333333333333335,0,3,2,5,3.3333333333333335,Estándar
SCVVT2ODDO,2021-02-05 15:51:00,2021-02-05 16:02:00,Comercio detallista,Óptica,Bogotá  D.C.,1,19276000,690000,3,3.0,37,4,2021-05-01,6,9.25,0,5,5,5,5.0,Alto valor
SE1VGG3TWZ,2021-01-26 11:00:00,2021-01-26 11:11:00,Belleza y cuidado personal,Salón de belleza,Bogotá  D.C.,1,618750,44100,4,4.0,29,5,2021-05-01,9,5.8,0,2,4,5,3.6666666666666665,Estándar
SE7F1S3TYW,2021-03-03 15:03:00,2021-03-03 15:19:00,Comercio detallista,Otro,Bogotá  D.C.,1,6141500,2068500,2,2.0,21,3,2021-05-01,9,7.0,0,4,4,5,4.333333333333333,Alto valor
SEW0QQGD7C,2020-07-20 15:01:00,2021-02-05 08:27:00,Servicios,Arquitectura e ingeniería,Bogotá  D.C.,1,123600,14600,10,3.0,4,2,2021-05-01,3,2.0,0,1,2,5,2.6666666666666665,Nuevos o bajo desarrollo
SFJ198QIWC,2021-03-01 17:49:00,2021-03-01 18:01:00,Comercio detallista,Tienda de deportes,Bogotá  D.C.,1,1129000,0,2,2.0,6,2,2021-04-01,0,3.0,1,3,2,4,3.0,Estándar
SFQ5NJ1VBK,2021-03-24 14:25:00,2021-03-27 12:14:00,Alimentos y bebidas,Abarrotes / Mercado,Bogotá  D.C.,1,3618500,294800,2,2.0,87,3,2021-05-01,38,29.0,0,4,5,5,4.666666666666667,Alto valor
SFUPLMWJ04,2021-01-06 15:52:00,2021-01-06 16:09:00,Comercio detallista,Óptica,Bogotá  D.C.,1,3232000,0,4,4.0,14,5,2021-05-01,2,2.8,0,4,3,5,4.0,Estándar
SGID6P5R9Y,2021-03-16 17:36:00,2021-03-16 17:43:00,Comercio detallista,Elementos del hogar,Soacha,1,7300000,2140000,2,2.0,16,3,2021-05-01,9,5.333333333333333,0,5,4,5,4.666666666666667,Alto valor
SHQX15NDVC,2021-02-23 13:09:00,2021-02-23 13:18:00,Comercio detallista,Óptica,Bogotá  D.C.,1,9362000,2510000,3,3.0,22,4,2021-05-01,11,5.5,0,5,4,5,4.666666666666667,Alto valor
SIBA7JOZIA,2021-02-16 10:49:00,2021-02-16 11:15:00,Belleza y cuidado personal,Otro,Bogotá  D.C.,1,38850500,3270000,3,3.0,19,4,2021-05-01,9,4.75,0,5,4,5,4.666666666666667,Alto valor
SIFEBHNT1K,2021-03-12 18:44:00,2021-03-12 18:55:00,Comercio detallista,Ropa / Accesorios,Bogotá  D.C.,1,1355800,696800,2,2.0,10,3,2021-05-01,1,3.3333333333333335,0,3,3,5,3.6666666666666665,Estándar
SJXE10M620,2021-03-15 12:05:00,2021-03-15 12:15:00,Belleza y cuidado personal,Spa,Bogotá  D.C.,1,4219500,0,2,2.0,23,3,2021-05-01,4,7.666666666666667,0,4,4,5,4.333333333333333,Alto valor
SKAT1FBE4D,2021-02-05 16:20:00,2021-02-05 16:28:00,Comercio detallista,Óptica,Bogotá  D.C.,1,3432000,1120000,3,3.0,9,4,2021-05-01,1,2.25,0,4,3,5,4.0,Estándar
SKCWKOJPS6,2021-03-06 15:25:00,2021-03-06 15:39:00,Comercio detallista,Materiales de construcción,Bogotá  D.C.,1,1506000,0,2,2.0,4,2,2021-05-01,3,2.0,0,3,2,5,3.3333333333333335,Estándar
SKFXUN4J2P,2021-03-23 16:13:00,2021-03-23 16:24:00,Comercio detallista,Ropa / Accesorios,Bogotá  D.C.,1,8112000,677000,2,2.0,74,3,2021-05-01,38,24.666666666666668,0,5,5,5,5.0,Alto valor
SL0AKHZRCD,2021-02-22 12:11:00,2021-02-22 12:23:00,Alimentos y bebidas,Abarrotes / Mercado,Bogotá  D.C.,1,2000,0,3,3.0,1,1,2021-02-01,0,1.0,3,1,1,2,1.3333333333333333,Baja actividad
SLE763K8PY,2021-03-10 15:16:00,2021-03-10 15:32:00,Comercio detallista,Auto partes,Bogotá  D.C.,1,1802800,565000,2,2.0,10,3,2021-05-01,3,3.3333333333333335,0,3,3,5,3.6666666666666665,Estándar
SLT6BRIJUK,2021-02-11 13:32:00,2021-02-13 17:23:00,Transporte,Domicilios,Bogotá  D.C.,1,1556900,212000,3,3.0,24,4,2021-05-01,10,6.0,0,3,4,5,4.0,Estándar
SLVW7JWZKN,2021-02-16 15:58:00,2021-02-16 16:06:00,Comercio detallista,Auto partes,Bogotá  D.C.,1,7023000,295000,3,3.0,27,4,2021-05-01,6,6.75,0,5,4,5,4.666666666666667,Alto valor
SMKL86LMT5,2021-03-06 10:26:00,2021-03-06 10:42:00,Servicios,Otro,Bogotá  D.C.,1,384300,6000,2,2.0,8,3,2021-05-01,4,2.6666666666666665,0,2,3,5,3.3333333333333335,Estándar
SMWCOZS6S4,2021-03-01 17:40:00,2021-03-01 17:51:00,Comercio detallista,Óptica,Bogotá  D.C.,1,2000,0,2,2.0,1,1,2021-03-01,0,1.0,2,1,1,3,1.6666666666666667,Estándar
SNSJJOIPKM,2021-03-17 13:01:00,2021-03-17 13:44:00,Reparación y limpieza,Moda / Zapatería,Bogotá  D.C.,1,715000,0,2,2.0,6,3,2021-05-01,3,2.0,0,2,2,5,3.0,Nuevos o bajo desarrollo
SNVXZZ4RCS,2021-03-26 17:09:00,2021-03-26 17:26:00,Comercio detallista,Artesanías,Bogotá  D.C.,1,542000,305000,2,2.0,4,3,2021-05-01,1,1.3333333333333333,0,2,2,5,3.0,Nuevos o bajo desarrollo
SO8H05E0RA,2021-03-16 12:01:00,2021-03-16 12:11:00,Comercio detallista,Ropa / Accesorios,Bogotá  D.C.,1,5673500,1431100,2,2.0,67,3,2021-05-01,47,22.333333333333332,0,4,5,5,4.666666666666667,Alto valor
SOFKCQB1MV,2021-03-10 16:51:00,2021-03-10 17:10:00,Transporte,Taxi,Cali,1,1003000,350000,2,2.0,8,3,2021-05-01,4,2.6666666666666665,0,3,3,5,3.6666666666666665,Estándar
SPK1F6M35P,2021-03-31 10:43:00,2021-03-31 11:03:00,Alimentos y bebidas,Abarrotes / Mercado,Bogotá  D.C.,1,702700,15500,2,2.0,33,3,2021-05-01,11,11.0,0,2,5,5,4.0,Estándar
SQ9BE6UBC9,2021-03-11 10:48:00,2021-03-11 11:01:00,Comercio detallista,Otro,Bogotá  D.C.,1,6142300,900600,2,2.0,36,3,2021-05-01,13,12.0,0,4,5,5,4.666666666666667,Alto valor
SQBJWBYTZT,2021-01-20 18:41:00,2021-01-20 19:22:00,Reparación y limpieza,Automotriz y autopartes,Soacha,1,12355000,968000,4,4.0,85,5,2021-05-01,19,17.0,0,5,5,5,5.0,Alto valor
SQYC72AVBW,2021-03-03 12:35:00,2021-03-03 12:45:00,Comercio detallista,Auto partes,Bogotá  D.C.,1,52000,0,2,2.0,2,1,2021-03-01,0,2.0,2,1,1,3,1.6666666666666667,Estándar
SR1EDM1D7R,2021-02-08 13:10:00,2021-02-08 13:22:00,Turismo y entretenimiento,Turismo,Bogotá  D.C.,1,2000,0,3,3.0,1,1,2021-02-01,0,1.0,3,1,1,2,1.3333333333333333,Baja actividad
SRN940272Y,2021-03-13 20:04:00,2021-03-13 20:24:00,Comercio detallista,Otro,Funza,1,3094600,277000,2,2.0,17,3,2021-05-01,2,5.666666666666667,0,4,4,5,4.333333333333333,Alto valor
SRO2C9K9NR,2021-01-29 13:27:00,2021-01-29 13:41:00,Comercio detallista,Óptica,Bogotá  D.C.,1,9699000,1230000,4,4.0,30,5,2021-05-01,3,6.0,0,5,5,5,5.0,Alto valor
SRPDYWZJ3G,2021-03-10 12:33:00,2021-03-10 12:39:00,Comercio detallista,Materiales de construcción,Bogotá  D.C.,1,2000,0,2,2.0,1,1,2021-03-01,0,1.0,2,1,1,3,1.6666666666666667,Estándar
SS66Y463CI,2021-03-19 11:41:00,2021-03-19 11:50:00,Alimentos y bebidas,Restaurante / Café,Bogotá  D.C.,1,7713850,1027000,2,2.0,188,3,2021-05-01,80,62.666666666666664,0,5,5,5,5.0,Alto valor
SSLVCZJETO,2021-03-12 18:11:00,2021-03-12 18:27:00,Comercio detallista,Ropa / Accesorios,Bogotá  D.C.,1,1030000,230000,2,2.0,5,3,2021-05-01,3,1.6666666666666667,0,3,2,5,3.3333333333333335,Estándar
STHRAIEXEM,2021-01-28 18:38:00,2021-01-28 18:45:00,Comercio detallista,Ropa / Accesorios,Bogotá  D.C.,1,5669000,517000,4,4.0,23,5,2021-05-01,4,4.6,0,4,4,5,4.333333333333333,Alto valor
STS5BJ8FYX,2021-03-15 13:07:00,2021-03-15 13:17:00,Comercio detallista,Ropa / Accesorios,Bogotá  D.C.,1,517000,380000,2,2.0,4,3,2021-05-01,2,1.3333333333333333,0,2,2,5,3.0,Nuevos o bajo desarrollo
STZTL77NMM,2021-03-26 13:58:00,2021-03-26 14:10:00,Comercio detallista,Artesanías,Chía,1,307000,0,2,2.0,5,2,2021-04-01,0,2.5,1,2,2,4,2.6666666666666665,Nuevos o bajo desarrollo
SUA5G7M91B,2021-03-19 14:03:00,2021-03-19 14:21:00,Belleza y cuidado personal,Spa,Bogotá  D.C.,1,3019604,204500,2,2.0,21,3,2021-05-01,7,7.0,0,4,4,5,4.333333333333333,Alto valor
SUFJVWO7ZT,2021-03-17 12:10:00,2021-03-17 12:22:00,Comercio detallista,Tienda de deportes,Bogotá  D.C.,1,2000,0,2,2.0,1,1,2021-03-01,0,1.0,2,1,1,3,1.6666666666666667,Estándar
SUPG0J4TH3,2020-12-14 14:36:00,2020-12-14 14:49:00,Belleza y cuidado personal,Salón de belleza,Soacha,1,1144000,205000,5,5.0,17,6,2021-05-01,3,2.8333333333333335,0,3,4,5,4.0,Estándar
SV3T0W8TD8,2021-03-11 15:12:00,2021-03-11 15:25:00,Servicios,Otro,Bogotá  D.C.,2,413900,0,2,2.0,6,2,2021-04-01,0,3.0,1,2,2,4,2.6666666666666665,Nuevos o bajo desarrollo
SVNSGHZ2SE,2021-03-25 08:45:00,2021-03-25 08:58:00,Comercio detallista,Insumos,Bogotá  D.C.,1,2000,0,2,2.0,1,1,2021-03-01,0,1.0,2,1,1,3,1.6666666666666667,Estándar
SVO9EX4FQZ,2021-03-03 15:55:00,2021-03-03 16:12:00,Belleza y cuidado personal,Otro,Bogotá  D.C.,1,5297900,616500,2,2.0,89,3,2021-05-01,37,29.666666666666668,0,4,5,5,4.666666666666667,Alto valor
SVX9QAGY3E,2020-09-17 16:22:00,2021-02-04 13:39:00,Servicios,Otro,Bogotá  D.C.,1,14000,0,8,3.0,4,2,2021-04-01,0,2.0,1,1,2,4,2.3333333333333335,Nuevos o bajo desarrollo
SWLG7R2XAH,2021-03-12 17:13:00,2021-03-12 17:27:00,Comercio detallista,Tecnología,Bogotá  D.C.,1,60638400,2718900,2,2.0,34,3,2021-05-01,5,11.333333333333334,0,5,5,5,5.0,Alto valor
SWWRN3RUO8,2021-03-05 16:47:00,2021-03-05 17:00:00,Belleza y cuidado personal,Otro,Bogotá  D.C.,1,1258000,70000,2,2.0,18,3,2021-05-01,6,6.0,0,3,4,5,4.0,Estándar
SWXSX90JH3,2021-03-19 13:28:00,2021-03-19 13:39:00,Comercio detallista,Insumos,Zipaquirá,1,980600,97800,2,2.0,23,3,2021-05-01,10,7.666666666666667,0,3,4,5,4.0,Estándar
SXATJ3AKG4,2021-03-29 13:36:00,2021-03-29 13:43:00,Servicios,Tecnología y software,Bogotá  D.C.,1,1833800,265000,2,2.0,18,3,2021-05-01,8,6.0,0,3,4,5,4.0,Estándar
SY0QKWNVDI,2020-12-17 15:25:00,2020-12-17 15:35:00,Servicios,Carpintería,Bogotá  D.C.,1,65847000,4215000,5,5.0,105,6,2021-05-01,19,17.5,0,5,5,5,5.0,Alto valor
SY4WAHXHX0,2021-01-15 13:22:00,2021-01-15 13:32:00,Comercio detallista,Óptica,Bogotá  D.C.,1,2000,0,4,4.0,1,1,2021-01-01,0,1.0,4,1,1,1,1.0,Baja actividad
SYA9SAIKYN,2021-03-23 15:57:00,2021-03-23 16:05:00,Alimentos y bebidas,Restaurante / Café,Bogotá  D.C.,1,1214500,317000,2,2.0,30,3,2021-05-01,15,10.0,0,3,5,5,4.333333333333333,Estándar
SZSGIA9NJW,2021-03-15 16:05:00,2021-03-15 16:29:00,Comercio detallista,Otro,Bogotá  D.C.,1,3665600,1230000,2,2.0,6,3,2021-05-01,2,2.0,0,4,2,5,3.6666666666666665,Estándar
T0G1GZDVVD,2021-03-03 14:36:00,2021-03-03 14:51:00,Servicios,Diseño / Fotografía,Bogotá  D.C.,1,8021000,1298000,2,2.0,65,3,2021-05-01,19,21.666666666666668,0,5,5,5,5.0,Alto valor
T1RAI2T1ZT,2020-12-17 13:10:00,2020-12-17 13:20:00,Servicios,Otro,Bogotá  D.C.,1,5839400,209600,5,5.0,91,6,2021-05-01,8,15.166666666666666,0,4,5,5,4.666666666666667,Alto valor
T1UA6GDYQZ,2021-02-26 14:56:00,2021-02-26 15:17:00,Comercio detallista,Otro,Bogotá  D.C.,1,20840400,849400,3,3.0,62,4,2021-05-01,19,15.5,0,5,5,5,5.0,Alto valor
T1Y4MS7DZW,2021-03-04 16:57:00,2021-03-04 17:13:00,Comercio detallista,Óptica,Bogotá  D.C.,1,25757000,6210000,2,2.0,40,3,2021-05-01,17,13.333333333333334,0,5,5,5,5.0,Alto valor
T22SPRSU4U,2021-03-01 16:37:00,2021-03-01 16:47:00,Comercio detallista,Ropa / Accesorios,Bogotá  D.C.,1,725800,237100,2,2.0,15,3,2021-05-01,9,5.0,0,2,4,5,3.6666666666666665,Estándar
T2IWST39MN,2021-03-15 12:51:00,2021-03-15 12:59:00,Comercio detallista,Otro,Bogotá  D.C.,1,944000,400000,2,2.0,5,3,2021-05-01,1,1.6666666666666667,0,2,2,5,3.0,Nuevos o bajo desarrollo
T3FG0Q1GKM,2021-03-18 15:38:00,2021-03-18 16:02:00,Comercio detallista,Ropa / Accesorios,Soacha,1,4567000,520000,2,2.0,26,3,2021-05-01,11,8.666666666666666,0,4,4,5,4.333333333333333,Alto valor
T3LIBLT57Y,2021-03-23 11:01:00,2021-03-23 11:24:00,Comercio detallista,Ropa / Accesorios,Bogotá  D.C.,1,5507000,2231000,2,2.0,33,3,2021-05-01,13,11.0,0,4,5,5,4.666666666666667,Alto valor
T40ETAPA93,2021-03-06 09:21:00,2021-03-06 09:37:00,Reparación y limpieza,Automotriz y autopartes,Bogotá  D.C.,1,5128750,1239750,2,2.0,33,3,2021-05-01,10,11.0,0,4,5,5,4.666666666666667,Alto valor
T44INKDUW8,2020-12-22 14:15:00,2020-12-22 14:24:00,Comercio detallista,Insumos,Bogotá  D.C.,1,438000,385000,5,5.0,3,3,2021-03-01,0,1.0,2,2,1,3,2.0,Estándar
T5A3QEAOP0,2021-03-12 16:34:00,2021-03-12 16:45:00,Comercio detallista,Muebles / Decoración,Bogotá  D.C.,1,256000,0,2,2.0,3,2,2021-04-01,0,1.5,1,2,1,4,2.3333333333333335,Nuevos o bajo desarrollo
T5IQ32J16E,2020-12-21 17:44:00,2020-12-21 18:01:00,Comercio detallista,Muebles / Decoración,Soacha,1,12453400,0,5,5.0,25,6,2021-05-01,9,4.166666666666667,0,5,4,5,4.666666666666667,Alto valor
T5WZ0R5S4U,2021-03-11 14:15:00,2021-03-11 14:23:00,Comercio detallista,Otro,Bogotá  D.C.,1,1819800,0,2,2.0,4,3,2021-05-01,1,1.3333333333333333,0,3,2,5,3.3333333333333335,Estándar
T7A9FL6X84,2021-03-09 10:02:00,2021-03-09 10:23:00,Comercio detallista,Auto partes,Bogotá  D.C.,1,4385800,213000,2,2.0,32,3,2021-05-01,7,10.666666666666666,0,4,5,5,4.666666666666667,Alto valor
T7COJQ2Y6M,2021-03-13 17:46:00,2021-03-13 18:03:00,Comercio detallista,Tecnología,Funza,1,1300750,0,2,2.0,8,2,2021-04-01,0,4.0,1,3,3,4,3.3333333333333335,Estándar
T7LPUTVYU5,2021-03-02 12:56:00,2021-03-02 13:02:00,Comercio detallista,Óptica,Bogotá  D.C.,1,4207000,420000,2,2.0,9,2,2021-05-01,6,4.5,0,4,3,5,4.0,Estándar
T7OQLHJQ3Z,2021-03-19 16:30:00,2021-03-19 16:41:00,Comercio detallista,Ropa / Accesorios,Bogotá  D.C.,1,1283000,585000,2,2.0,6,2,2021-05-01,4,3.0,0,3,2,5,3.3333333333333335,Estándar
T8AU3J52LE,2020-12-22 14:15:00,2020-12-22 14:26:00,Comercio detallista,Óptica,Bogotá  D.C.,1,842000,590000,5,5.0,2,2,2021-05-01,1,1.0,0,2,1,5,2.6666666666666665,Nuevos o bajo desarrollo
T8UOTAWTY0,2021-03-19 10:14:00,2021-03-19 10:27:00,Transporte,Servicio especial,Bogotá  D.C.,1,1000,0,2,2.0,1,1,2021-03-01,0,1.0,2,1,1,3,1.6666666666666667,Estándar
T8XKTLFTV2,2021-03-02 13:49:00,2021-03-02 14:10:00,Servicios,Otro,Bogotá  D.C.,1,43183250,12725400,2,2.0,98,3,2021-05-01,31,32.666666666666664,0,5,5,5,5.0,Alto valor
T93FSJVFHN,2021-03-19 11:53:00,2021-03-19 12:01:00,Comercio detallista,Tecnología,Buenaventura,1,2000,0,2,2.0,2,1,2021-03-01,0,2.0,2,1,1,3,1.6666666666666667,Estándar
T9ERBNY265,2021-01-25 16:27:00,2021-01-25 16:38:00,Comercio detallista,Materiales de construcción,Bogotá  D.C.,1,5127575,267500,4,4.0,13,5,2021-05-01,1,2.6,0,4,3,5,4.0,Estándar
TA14L7V6QY,2021-03-19 16:21:00,2021-03-19 16:33:00,Alimentos y bebidas,Abarrotes / Mercado,Chía,1,5653000,1156000,2,2.0,57,3,2021-05-01,37,19.0,0,4,5,5,4.666666666666667,Alto valor
TADYP2MUAQ,2021-03-25 13:57:00,2021-03-25 14:07:00,Comercio detallista,Elementos de seguridad,Bogotá  D.C.,1,2210700,432050,2,2.0,15,3,2021-05-01,11,5.0,0,3,4,5,4.0,Estándar
TAQKXRS32U,2021-03-15 15:40:00,2021-03-15 15:57:00,Servicios,Tecnología y software,Bogotá  D.C.,1,4347500,797500,2,2.0,5,3,2021-05-01,1,1.6666666666666667,0,4,2,5,3.6666666666666665,Estándar
TB1M837LPR,2021-03-30 16:59:00,2021-03-30 17:10:00,Comercio detallista,Ropa / Accesorios,Bogotá  D.C.,1,333500,0,2,2.0,4,3,2021-05-01,1,1.3333333333333333,0,2,2,5,3.0,Nuevos o bajo desarrollo
TB1UOOETGJ,2021-03-10 13:22:00,2021-03-10 13:36:00,Reparación y limpieza,Moda / Zapatería,Bogotá  D.C.,1,6079000,1426000,2,2.0,38,2,2021-05-01,22,19.0,0,4,5,5,4.666666666666667,Alto valor
TBVPQMONLA,2021-03-23 09:51:00,2021-03-23 09:58:00,Transporte,Taxi,Cali,1,1000,0,2,2.0,1,1,2021-03-01,0,1.0,2,1,1,3,1.6666666666666667,Estándar
TCZWGLDUX8,2021-03-19 16:06:00,2021-03-19 16:19:00,Comercio detallista,Joyería,Bogotá  D.C.,1,2218000,165000,2,2.0,28,3,2021-05-01,11,9.333333333333334,0,3,4,5,4.0,Estándar
TD4DFR9DJT,2021-03-25 09:39:00,2021-03-25 09:50:00,Comercio detallista,Otro,Bogotá  D.C.,1,6692000,1150000,2,2.0,59,3,2021-05-01,40,19.666666666666668,0,5,5,5,5.0,Alto valor
TDVGHAU1AU,2021-03-04 16:06:00,2021-03-04 16:21:00,Comercio detallista,Óptica,Bogotá  D.C.,1,5627000,200000,2,2.0,21,3,2021-05-01,16,7.0,0,4,4,5,4.333333333333333,Alto valor
TEFLZ69391,2020-12-21 12:55:00,2020-12-21 13:12:00,Belleza y cuidado personal,Distribuidora,Bogotá  D.C.,1,5189500,0,5,5.0,41,6,2021-05-01,8,6.833333333333333,0,4,5,5,4.666666666666667,Alto valor
TEWRPWPCRZ,2021-03-06 12:13:00,2021-03-06 12:23:00,Comercio detallista,Materiales de construcción,Bogotá  D.C.,1,2378400,1040000,2,2.0,7,3,2021-05-01,1,2.3333333333333335,0,3,2,5,3.3333333333333335,Estándar
TF51NUP0L0,2021-02-05 09:04:00,2021-02-05 09:20:00,Comercio detallista,Elementos del hogar,Bogotá  D.C.,1,19321600,2009000,3,3.0,28,4,2021-05-01,9,7.0,0,5,4,5,4.666666666666667,Alto valor
TGSOPF694I,2021-03-30 10:50:00,2021-03-30 11:06:00,Reparación y limpieza,Automotriz y autopartes,Mosquera,1,4006736,1402000,2,2.0,10,3,2021-05-01,1,3.3333333333333335,0,4,3,5,4.0,Estándar
TGZ8O2005S,2021-01-15 16:34:00,2021-01-15 17:00:00,Comercio detallista,Óptica,Bogotá  D.C.,1,1882000,0,4,4.0,8,2,2021-02-01,0,4.0,3,3,3,2,2.6666666666666665,En riesgo
THIPM8441Z,2021-03-06 10:33:00,2021-03-06 11:03:00,Comercio detallista,Insumos,Bogotá  D.C.,1,732742,0,2,2.0,6,2,2021-05-01,5,3.0,0,2,2,5,3.0,Nuevos o bajo desarrollo
THZBZ9IJOG,2021-03-06 17:23:00,2021-03-06 17:36:00,Comercio detallista,Materiales de construcción,Bogotá  D.C.,1,3057400,0,2,2.0,12,1,2021-03-01,0,12.0,2,4,3,3,3.3333333333333335,Estándar
TIFBK87HPS,2021-03-03 18:09:00,2021-03-03 18:18:00,Comercio detallista,Óptica,Bogotá  D.C.,1,2000,0,2,2.0,1,1,2021-03-01,0,1.0,2,1,1,3,1.6666666666666667,Estándar
TJ46Q8YF3E,2021-03-06 12:12:00,2021-03-06 12:28:00,Comercio detallista,Otro,Bogotá  D.C.,1,2189800,518000,2,2.0,21,3,2021-05-01,6,7.0,0,3,4,5,4.0,Estándar
TJ6D1YO637,2021-02-23 17:51:00,2021-02-23 18:00:00,Comercio detallista,Elementos de seguridad,Bogotá  D.C.,1,14307750,2390000,3,3.0,34,4,2021-05-01,4,8.5,0,5,5,5,5.0,Alto valor
TJFIYY6ILP,2021-03-18 09:42:00,2021-03-18 09:56:00,Comercio detallista,Ropa / Accesorios,Bogotá  D.C.,1,1443000,750000,2,2.0,11,3,2021-05-01,5,3.6666666666666665,0,3,3,5,3.6666666666666665,Estándar
TJJOYVF9JP,2021-03-18 10:11:00,2021-03-18 10:25:00,Comercio detallista,Ropa / Accesorios,Bogotá  D.C.,1,3269000,786000,2,2.0,21,3,2021-05-01,12,7.0,0,4,4,5,4.333333333333333,Alto valor
TJRIHECJ4R,2021-03-10 12:31:00,2021-03-10 12:42:00,Comercio detallista,Venta de bicicletas y accesorios,Bogotá  D.C.,1,3338100,1635000,2,2.0,5,2,2021-05-01,2,2.5,0,4,2,5,3.6666666666666665,Estándar
TJXCBUROGB,2021-03-08 13:59:00,2021-03-08 14:13:00,Servicios,Tecnología y software,Bogotá  D.C.,1,3510065,0,2,2.0,9,3,2021-05-01,1,3.0,0,4,3,5,4.0,Estándar
TKJRIFMIXE,2020-12-09 14:40:00,2020-12-09 15:11:00,Servicios,Otro,Bogotá  D.C.,1,5337000,0,5,5.0,3,1,2020-12-01,0,3.0,5,4,1,1,2.0,Estándar
TL51GXCW9C,2021-02-15 12:35:00,2021-02-15 12:45:00,Comercio detallista,Óptica,Bogotá  D.C.,1,1981000,0,3,3.0,14,3,2021-05-01,1,4.666666666666667,0,3,3,5,3.6666666666666665,Estándar
TLLKQGW59L,2021-03-14 16:49:00,2021-03-14 16:59:00,Comercio detallista,Otro,Funza,1,92000,45000,2,2.0,4,3,2021-05-01,1,1.3333333333333333,0,1,2,5,2.6666666666666665,Nuevos o bajo desarrollo
TLPTK771KH,2021-03-26 13:38:00,2021-03-26 13:47:00,Comercio detallista,Artesanías,Bogotá  D.C.,1,1581000,445000,2,2.0,16,3,2021-05-01,7,5.333333333333333,0,3,4,5,4.0,Estándar
TLX916FDJU,2021-03-06 12:36:00,2021-03-06 12:54:00,Comercio detallista,Otro,Bogotá  D.C.,1,1037000,0,2,2.0,11,3,2021-05-01,8,3.6666666666666665,0,3,3,5,3.6666666666666665,Estándar
TMJ1ZUBQMF,2021-03-25 12:54:00,2021-03-25 13:02:00,Turismo y entretenimiento,Entretenimiento,Bogotá  D.C.,1,527000,295000,2,2.0,2,1,2021-03-01,0,2.0,2,2,1,3,2.0,Estándar
TN521SU4X8,2021-03-10 13:41:00,2021-03-10 14:09:00,Servicios,Tecnología y software,Soacha,1,14713800,1821200,2,2.0,11,2,2021-05-01,4,5.5,0,5,3,5,4.333333333333333,Estándar
TNR700NHWW,2021-03-12 14:55:00,2021-03-12 15:04:00,Comercio detallista,Tecnología,Bogotá  D.C.,1,4612200,1623200,2,2.0,14,3,2021-05-01,7,4.666666666666667,0,4,3,5,4.0,Estándar
TNTRQGEFKT,2021-01-14 09:54:00,2021-01-14 10:11:00,Comercio detallista,Materiales de construcción,Soacha,1,12015549,329500,4,4.0,25,5,2021-05-01,5,5.0,0,5,4,5,4.666666666666667,Alto valor
TORKEZQN2F,2021-03-16 11:45:00,2021-03-16 12:05:00,Alimentos y bebidas,Restaurante / Café,Cota,2,1608500,0,2,2.0,54,2,2021-04-01,0,27.0,1,3,5,4,4.0,Estándar
TOUPYTP2LT,2021-03-09 09:29:00,2021-03-09 09:38:00,Servicios,Logística,Bogotá  D.C.,1,52000,0,2,2.0,3,2,2021-04-01,0,1.5,1,1,1,4,2.0,Nuevos o bajo desarrollo
TOX3EIK8Y8,2021-03-20 13:59:00,2021-03-20 14:17:00,Comercio detallista,Elementos de seguridad,Bogotá  D.C.,1,1849200,0,2,2.0,10,3,2021-05-01,1,3.3333333333333335,0,3,3,5,3.6666666666666665,Estándar
TQ1RPUNQK8,2021-03-12 15:19:00,2021-03-12 15:28:00,Belleza y cuidado personal,Distribuidora,Bogotá  D.C.,1,86000,0,2,2.0,5,2,2021-04-01,0,2.5,1,1,2,4,2.3333333333333335,Nuevos o bajo desarrollo
TQBGMQEQ7U,2021-03-09 14:14:00,2021-03-09 14:35:00,Alimentos y bebidas,Abarrotes / Mercado,Bogotá  D.C.,1,6352600,680800,2,2.0,178,3,2021-05-01,74,59.333333333333336,0,5,5,5,5.0,Alto valor
TQXLCK2ZVT,2021-03-10 11:18:00,2021-03-10 11:28:00,Comercio detallista,Juguetería / Piñatería,Bogotá  D.C.,1,8527800,99000,2,2.0,27,3,2021-05-01,13,9.0,0,5,4,5,4.666666666666667,Alto valor
TR44AQ77V6,2021-03-23 10:55:00,2021-03-23 11:21:00,Comercio detallista,Otro,Bogotá  D.C.,1,662000,0,2,2.0,3,2,2021-05-01,2,1.5,0,2,1,5,2.6666666666666665,Nuevos o bajo desarrollo
TRARJ9HF15,2021-02-24 16:40:00,2021-02-24 16:49:00,Comercio detallista,Óptica,Bogotá  D.C.,1,9118000,1220000,3,3.0,26,4,2021-05-01,13,6.5,0,5,4,5,4.666666666666667,Alto valor
TRONLEEJSX,2021-01-25 17:30:00,2021-01-25 18:05:00,Belleza y cuidado personal,Distribuidora,Bogotá  D.C.,1,4087940,385780,4,4.0,57,5,2021-05-01,17,11.4,0,4,5,5,4.666666666666667,Alto valor
TRUQXV70BK,2020-12-18 14:19:00,2020-12-18 14:56:00,Comercio detallista,Óptica,Bogotá  D.C.,1,1682000,0,5,5.0,6,5,2021-04-01,0,1.2,1,3,2,4,3.0,Estándar
TS9YBCNEC8,2021-03-15 16:19:00,2021-03-15 16:41:00,Comercio detallista,Elementos del hogar,Bogotá  D.C.,1,1646100,260500,2,2.0,28,3,2021-05-01,13,9.333333333333334,0,3,4,5,4.0,Estándar
TSQC1NMCVX,2021-03-25 14:39:00,2021-03-25 14:49:00,Servicios,Tecnología y software,Bogotá  D.C.,1,145000,0,2,2.0,2,2,2021-05-01,1,1.0,0,1,1,5,2.3333333333333335,Nuevos o bajo desarrollo
TSRB7O4OAT,2021-03-30 13:03:00,2021-03-30 13:13:00,Comercio detallista,Tienda de deportes,Bogotá  D.C.,1,2745000,593000,2,2.0,6,3,2021-05-01,3,2.0,0,4,2,5,3.6666666666666665,Estándar
TT8MZH9Z31,2021-03-02 13:45:00,2021-03-02 13:55:00,Turismo y entretenimiento,Entretenimiento,Bogotá  D.C.,1,2000,0,2,2.0,1,1,2021-03-01,0,1.0,2,1,1,3,1.6666666666666667,Estándar
TTVSQ2JCGI,2021-03-10 18:55:00,2021-03-10 19:18:00,Alimentos y bebidas,Licores,Bogotá  D.C.,1,1969450,319500,2,2.0,29,3,2021-05-01,11,9.666666666666666,0,3,4,5,4.0,Estándar
TUHQEIK3UF,2021-03-19 13:22:00,2021-03-19 18:12:00,Servicios,Otro,Bogotá  D.C.,1,14181200,3340500,2,2.0,29,3,2021-05-01,19,9.666666666666666,0,5,4,5,4.666666666666667,Alto valor
TUIXI71RXM,2021-01-07 14:42:00,2021-01-07 15:07:00,Comercio detallista,Óptica,Soacha,1,1844000,0,4,4.0,11,4,2021-04-01,0,2.75,1,3,3,4,3.3333333333333335,Estándar
TUOJCUB9FF,2021-03-08 15:35:00,2021-03-08 15:49:00,Belleza y cuidado personal,Spa,Bogotá  D.C.,1,9892000,550000,2,2.0,16,3,2021-05-01,11,5.333333333333333,0,5,4,5,4.666666666666667,Alto valor
TUPODMK9SX,2021-01-14 16:06:00,2021-01-14 16:29:00,Servicios,Medicina / Odontología,Bogotá  D.C.,1,9162000,0,4,4.0,17,4,2021-05-01,3,4.25,0,5,4,5,4.666666666666667,Alto valor
TV6FHFMDOT,2021-03-12 17:32:00,2021-03-12 17:43:00,Comercio detallista,Elementos del hogar,Bogotá  D.C.,1,11675950,2471800,2,2.0,98,3,2021-05-01,47,32.666666666666664,0,5,5,5,5.0,Alto valor
TVIVZU2TQB,2021-03-23 13:27:00,2021-03-23 13:41:00,Comercio detallista,Venta de bicicletas y accesorios,Bogotá  D.C.,1,5368000,190000,2,2.0,16,3,2021-05-01,5,5.333333333333333,0,4,4,5,4.333333333333333,Alto valor
TYGDV3DFKZ,2021-03-27 11:58:00,2021-03-27 12:26:00,Comercio detallista,Ropa / Accesorios,Bogotá  D.C.,1,478000,0,2,2.0,10,3,2021-05-01,6,3.3333333333333335,0,2,3,5,3.3333333333333335,Estándar
TYH7ACEGFK,2021-03-19 10:50:00,2021-03-19 11:12:00,Comercio detallista,Tecnología,Bogotá  D.C.,1,4179100,2457500,2,2.0,10,2,2021-05-01,8,5.0,0,4,3,5,4.0,Estándar
TYJAI2F35M,2021-02-10 16:57:00,2021-02-10 17:04:00,Comercio detallista,Óptica,Bogotá  D.C.,1,7336000,1232000,3,3.0,18,4,2021-05-01,5,4.5,0,5,4,5,4.666666666666667,Alto valor
TYWXW8MHZ8,2021-03-09 16:35:00,2021-03-09 16:46:00,Alimentos y bebidas,Comida rápida,Bogotá  D.C.,1,71500,17000,2,2.0,4,3,2021-05-01,1,1.3333333333333333,0,1,2,5,2.6666666666666665,Nuevos o bajo desarrollo
TZ5718UIVI,2021-02-25 13:11:00,2021-02-25 13:43:00,Comercio detallista,Óptica,Bogotá  D.C.,1,2861000,0,3,3.0,11,4,2021-05-01,5,2.75,0,4,3,5,4.0,Estándar
TZDSZSLX54,2021-03-23 12:18:00,2021-03-23 12:28:00,Comercio detallista,Ropa / Accesorios,Bogotá  D.C.,1,302000,0,2,2.0,4,3,2021-05-01,1,1.3333333333333333,0,2,2,5,3.0,Nuevos o bajo desarrollo
TZFMI8IOPD,2021-03-26 10:56:00,2021-03-26 11:10:00,Comercio detallista,Ropa / Accesorios,Bogotá  D.C.,1,1783400,735000,2,2.0,10,3,2021-05-01,4,3.3333333333333335,0,3,3,5,3.6666666666666665,Estándar
TZM2W5H1TL,2021-03-18 11:32:00,2021-03-18 11:45:00,Comercio detallista,Elementos del hogar,Bogotá  D.C.,1,402000,0,2,2.0,2,2,2021-04-01,0,1.0,1,2,1,4,2.3333333333333335,Nuevos o bajo desarrollo
U08S6EFFJD,2021-02-15 12:32:00,2021-02-16 21:06:00,Comercio detallista,Ropa / Accesorios,Floridablanca,1,3312000,0,3,3.0,4,2,2021-03-01,0,2.0,2,4,2,3,3.0,Estándar
U0E32Q2V7R,2021-02-16 08:22:00,2021-02-16 15:16:00,Belleza y cuidado personal,Distribuidora,Bogotá  D.C.,1,2000,0,3,3.0,1,1,2021-02-01,0,1.0,3,1,1,2,1.3333333333333333,Baja actividad
U1AN8ZI8PQ,2021-03-18 15:46:00,2021-03-18 16:03:00,Comercio detallista,Otro,Fusagasugá,1,568000,360000,2,2.0,4,2,2021-05-01,3,2.0,0,2,2,5,3.0,Nuevos o bajo desarrollo
U2F47BV909,2021-03-17 10:53:00,2021-03-17 11:02:00,Servicios,Otro,Bogotá  D.C.,1,3826000,1680000,2,2.0,4,3,2021-05-01,1,1.3333333333333333,0,4,2,5,3.6666666666666665,Estándar
U32UJILHDJ,2021-03-30 15:41:00,2021-03-30 15:50:00,Comercio detallista,Otro,Bogotá  D.C.,1,180600,80800,2,2.0,2,2,2021-05-01,1,1.0,0,2,1,5,2.6666666666666665,Nuevos o bajo desarrollo
U346XAJGLR,2021-03-19 18:04:00,2021-03-19 18:17:00,Comercio detallista,Ropa / Accesorios,Bogotá  D.C.,1,4020000,1018000,2,2.0,24,3,2021-05-01,9,8.0,0,4,4,5,4.333333333333333,Alto valor
U37LXH6F8S,2021-02-11 14:49:00,2021-02-11 15:02:00,Comercio detallista,Otro,Bogotá  D.C.,1,2000,0,3,3.0,1,1,2021-02-01,0,1.0,3,1,1,2,1.3333333333333333,Baja actividad
U3P5YAHURZ,2021-03-26 13:53:00,2021-03-26 14:05:00,Comercio detallista,Óptica,Bogotá  D.C.,1,15403000,3890000,2,2.0,27,3,2021-05-01,14,9.0,0,5,4,5,4.666666666666667,Alto valor
U3UKTMMERT,2021-03-10 10:38:00,2021-03-10 10:52:00,Turismo y entretenimiento,Gimnasio,Bogotá  D.C.,1,321000,0,2,2.0,3,2,2021-05-01,1,1.5,0,2,1,5,2.6666666666666665,Nuevos o bajo desarrollo
U47LAMPNXT,2021-03-24 14:20:00,2021-03-24 14:39:00,Comercio detallista,Ropa / Accesorios,Bogotá  D.C.,1,1917000,909000,2,2.0,9,3,2021-05-01,4,3.0,0,3,3,5,3.6666666666666665,Estándar
U4IL4810TY,2021-03-09 09:12:00,2021-03-09 09:36:00,Comercio detallista,Elementos del hogar,Bogotá  D.C.,1,12954000,4090000,2,2.0,10,3,2021-05-01,5,3.3333333333333335,0,5,3,5,4.333333333333333,Estándar
U537Q5B619,2020-12-29 12:44:00,2020-12-29 13:00:00,Belleza y cuidado personal,Salón de belleza,Bogotá  D.C.,1,33113690,4222000,5,5.0,269,6,2021-05-01,80,44.833333333333336,0,5,5,5,5.0,Alto valor
U53P530MSH,2021-03-16 13:04:00,2021-03-16 13:25:00,Alimentos y bebidas,Restaurante / Café,Cota,1,2573300,890800,2,2.0,26,3,2021-05-01,15,8.666666666666666,0,4,4,5,4.333333333333333,Alto valor
U5G2MD72PI,2021-03-13 15:30:00,2021-03-13 15:51:00,Belleza y cuidado personal,Salón de belleza,Yumbo,1,340200,94000,2,2.0,11,3,2021-05-01,5,3.6666666666666665,0,2,3,5,3.3333333333333335,Estándar
U5GKM0CV0Y,2021-01-12 10:50:00,2021-01-12 18:43:00,Servicios,Otro,Bogotá  D.C.,1,2000,0,4,4.0,1,1,2021-01-01,0,1.0,4,1,1,1,1.0,Baja actividad
U7RF1GKNXK,2021-03-19 16:10:00,2021-03-19 16:18:00,Comercio detallista,Óptica,Bogotá  D.C.,1,2286000,0,2,2.0,9,3,2021-05-01,4,3.0,0,3,3,5,3.6666666666666665,Estándar
U87HNFXQL0,2021-02-03 13:29:00,2021-02-03 14:01:00,Comercio detallista,Tienda de deportes,Bogotá  D.C.,1,1238000,152000,3,3.0,14,4,2021-05-01,3,3.5,0,3,3,5,3.6666666666666665,Estándar
U8S82E7WL8,2021-03-16 12:44:00,2021-03-16 12:53:00,Reparación y limpieza,Automotriz y autopartes,Bogotá  D.C.,1,4016000,780000,2,2.0,11,3,2021-05-01,7,3.6666666666666665,0,4,3,5,4.0,Estándar
U9AD7ZN0GD,2021-01-30 13:05:00,2021-01-30 13:14:00,Comercio detallista,Óptica,Bogotá  D.C.,1,9738500,500000,4,4.0,37,5,2021-05-01,8,7.4,0,5,5,5,5.0,Alto valor
U9QUEW1DE8,2021-02-11 12:35:00,2021-02-11 12:55:00,Comercio detallista,Muebles / Decoración,Bogotá  D.C.,1,5958000,1380000,3,3.0,9,4,2021-05-01,3,2.25,0,4,3,5,4.0,Estándar
U9RKIBIXL9,2021-03-16 12:57:00,2021-03-16 13:09:00,Comercio detallista,Tecnología,El Rosal,1,3099600,0,2,2.0,5,3,2021-05-01,1,1.6666666666666667,0,4,2,5,3.6666666666666665,Estándar
UAV5950XUT,2021-02-09 09:51:00,2021-02-09 10:10:00,Servicios,Contabilidad / Asesorías,Bogotá  D.C.,1,1087000,0,3,3.0,3,3,2021-04-01,0,1.0,1,3,1,4,2.6666666666666665,Estándar
UBUL5G9QWK,2021-03-08 16:10:00,2021-03-08 16:22:00,Comercio detallista,Elementos del hogar,Bogotá  D.C.,1,10934000,2620000,2,2.0,42,3,2021-05-01,13,14.0,0,5,5,5,5.0,Alto valor
UE5XR6TUU8,2020-12-15 14:03:00,2020-12-15 16:52:00,Servicios,Otro,Bogotá  D.C.,1,11171000,110000,5,5.0,40,6,2021-05-01,12,6.666666666666667,0,5,5,5,5.0,Alto valor
UEKHHAQM6C,2020-12-14 16:55:00,2020-12-14 17:23:00,Comercio detallista,Auto partes,Soacha,1,17550000,2406000,5,5.0,79,6,2021-05-01,8,13.166666666666666,0,5,5,5,5.0,Alto valor
UEKNJAWTGC,2021-03-20 12:05:00,2021-03-20 12:15:00,Comercio detallista,Elementos de seguridad,Bogotá  D.C.,1,1271080,147940,2,2.0,9,3,2021-05-01,4,3.0,0,3,3,5,3.6666666666666665,Estándar
UETUTTI18Z,2021-02-04 17:29:00,2021-02-04 17:39:00,Belleza y cuidado personal,Salón de belleza,Bogotá  D.C.,1,1425000,267000,3,3.0,32,4,2021-05-01,12,8.0,0,3,5,5,4.333333333333333,Estándar
UGYWIWTOVJ,2021-03-31 15:01:00,2021-03-31 15:14:00,Comercio detallista,Ropa / Accesorios,Bogotá  D.C.,1,142000,0,2,2.0,2,2,2021-04-01,0,1.0,1,1,1,4,2.0,Nuevos o bajo desarrollo
UH82NZ6FSY,2021-03-11 12:37:00,2021-03-11 12:55:00,Comercio detallista,Tecnología,Bogotá  D.C.,1,703000,360000,2,2.0,3,3,2021-05-01,1,1.0,0,2,1,5,2.6666666666666665,Nuevos o bajo desarrollo
UHNGL1T643,2021-03-25 12:58:00,2021-03-25 13:13:00,Comercio detallista,Ropa / Accesorios,Bogotá  D.C.,1,646000,0,2,2.0,8,3,2021-05-01,6,2.6666666666666665,0,2,3,5,3.3333333333333335,Estándar
UI79Z1AX58,2021-03-25 14:39:00,2021-03-25 14:49:00,Comercio detallista,Tecnología,Bogotá  D.C.,1,2875134,98580,2,2.0,18,3,2021-05-01,7,6.0,0,4,4,5,4.333333333333333,Alto valor
UI9M67FWGK,2021-02-15 16:53:00,2021-02-16 11:33:00,Reparación y limpieza,Reparaciones locativas,Bogotá  D.C.,1,8787350,0,3,3.0,9,4,2021-05-01,1,2.25,0,5,3,5,4.333333333333333,Estándar
UIYU8X51PT,2021-03-09 16:38:00,2021-03-09 16:47:00,Comercio detallista,Electrodomésticos,Bogotá  D.C.,1,3171000,1225000,2,2.0,17,3,2021-05-01,4,5.666666666666667,0,4,4,5,4.333333333333333,Alto valor
UJ2G9FON6U,2021-03-09 14:33:00,2021-03-09 14:43:00,Comercio detallista,Ropa / Accesorios,Bogotá  D.C.,1,4942000,1080000,2,2.0,54,3,2021-05-01,26,18.0,0,4,5,5,4.666666666666667,Alto valor
UJOFZO187R,2020-12-28 10:36:00,2020-12-28 10:52:00,Servicios,Tecnología y software,Pereira,1,13892200,4431000,5,5.0,13,6,2021-05-01,2,2.1666666666666665,0,5,3,5,4.333333333333333,Estándar
UKADXWRCZP,2021-02-17 15:04:00,2021-02-17 15:13:00,Comercio detallista,Óptica,Bogotá  D.C.,1,26287000,5235000,3,3.0,63,4,2021-05-01,17,15.75,0,5,5,5,5.0,Alto valor
UKP28GSQK7,2021-03-26 15:31:00,2021-03-26 15:43:00,Comercio detallista,Artesanías,Bogotá  D.C.,1,763000,546000,2,2.0,4,3,2021-05-01,2,1.3333333333333333,0,2,2,5,3.0,Nuevos o bajo desarrollo
ULQ6BQVYKA,2020-12-05 11:24:00,2020-12-05 11:43:00,Belleza y cuidado personal,Otro,Bogotá  D.C.,1,20221019,318000,5,5.0,48,6,2021-05-01,6,8.0,0,5,5,5,5.0,Alto valor
UMDLT1MS4B,2021-03-29 11:48:00,2021-03-29 12:02:00,Comercio detallista,Ropa / Accesorios,Bogotá  D.C.,1,288000,0,2,2.0,5,3,2021-05-01,3,1.6666666666666667,0,2,2,5,3.0,Nuevos o bajo desarrollo
UMDNCDBQNH,2021-02-17 13:54:00,2021-02-17 14:03:00,Comercio detallista,Óptica,Bogotá  D.C.,1,27577000,3530000,3,3.0,92,4,2021-05-01,28,23.0,0,5,5,5,5.0,Alto valor
UMKUGREGWH,2021-03-27 13:40:00,2021-03-27 13:49:00,Reparación y limpieza,Limpieza del hogar,Bogotá  D.C.,1,1126000,0,2,2.0,7,3,2021-05-01,2,2.3333333333333335,0,3,2,5,3.3333333333333335,Estándar
UMM0VVC28Z,2021-03-10 14:39:00,2021-03-10 14:47:00,Servicios,Otro,Fusagasugá,1,1139600,584800,2,2.0,7,2,2021-05-01,2,3.5,0,3,2,5,3.3333333333333335,Estándar
UNNEIOJLE4,2021-02-26 14:00:00,2021-02-26 14:39:00,Servicios,Otro,Bogotá  D.C.,1,2253000,0,3,3.0,7,2,2021-03-01,0,3.5,2,3,2,3,2.6666666666666665,Estándar
UO2CR3FFLN,2021-03-13 13:54:00,2021-03-13 14:09:00,Comercio detallista,Ropa / Accesorios,Bogotá  D.C.,1,857000,230000,2,2.0,7,3,2021-05-01,2,2.3333333333333335,0,2,2,5,3.0,Nuevos o bajo desarrollo
UO4HL24D9W,2021-02-18 15:40:00,2021-02-18 16:04:00,Comercio detallista,Tecnología,Bogotá  D.C.,2,799020,100700,3,3.0,7,4,2021-05-01,2,1.75,0,2,2,5,3.0,Nuevos o bajo desarrollo
UP2JTZSJKY,2021-03-18 11:53:00,2021-03-18 12:05:00,Alimentos y bebidas,Abarrotes / Mercado,Bogotá  D.C.,1,7000,0,2,2.0,6,3,2021-05-01,3,2.0,0,1,2,5,2.6666666666666665,Nuevos o bajo desarrollo
UPH850HBYW,2021-03-03 09:53:00,2021-03-03 10:11:00,Comercio detallista,Elementos de seguridad,Bogotá  D.C.,1,14770600,2926000,2,2.0,53,3,2021-05-01,14,17.666666666666668,0,5,5,5,5.0,Alto valor
UPLB9SIWU7,2021-03-16 09:59:00,2021-03-16 10:09:00,Comercio detallista,Tecnología,Bogotá  D.C.,1,16055600,2604000,2,2.0,45,3,2021-05-01,18,15.0,0,5,5,5,5.0,Alto valor
UPUQESTQVR,2021-03-25 11:42:00,2021-03-25 11:56:00,Comercio detallista,Ropa / Accesorios,Bogotá  D.C.,1,4800000,154000,2,2.0,23,3,2021-05-01,4,7.666666666666667,0,4,4,5,4.333333333333333,Alto valor
UQ6K30UKLD,2021-03-08 18:59:00,2021-03-08 19:13:00,Comercio detallista,Tecnología,Bogotá  D.C.,1,2000,0,2,2.0,1,1,2021-03-01,0,1.0,2,1,1,3,1.6666666666666667,Estándar
UQQUD4TXPK,2021-03-09 10:51:00,2021-03-09 12:25:00,Belleza y cuidado personal,Distribuidora,Bogotá  D.C.,1,1908000,435000,2,2.0,76,3,2021-05-01,56,25.333333333333332,0,3,5,5,4.333333333333333,Estándar
UR4Y8WEYFS,2021-02-02 15:27:00,2021-02-02 15:40:00,Comercio detallista,Óptica,Bogotá  D.C.,1,5406000,1000000,3,3.0,9,4,2021-05-01,4,2.25,0,4,3,5,4.0,Estándar
UR665U2ML7,2021-03-11 10:34:00,,Alimentos y bebidas,Abarrotes / Mercado,Bogotá  D.C.,1,0,0,2,,1,1,2021-03-01,0,1.0,2,1,1,3,1.6666666666666667,Estándar
UROFH8T9SS,2021-03-10 10:30:00,2021-03-10 10:42:00,Comercio detallista,Materiales de construcción,Fusagasugá,1,8584400,1364000,2,2.0,39,3,2021-05-01,18,13.0,0,5,5,5,5.0,Alto valor
URTNMDGHH2,2021-01-13 11:33:00,2021-01-13 11:52:00,Alimentos y bebidas,Restaurante / Café,Bogotá  D.C.,1,100000,0,4,4.0,4,1,2021-01-01,0,4.0,4,1,2,1,1.3333333333333333,Baja actividad
US0XHTYUP8,2020-12-16 16:44:00,2020-12-16 17:33:00,Alimentos y bebidas,Restaurante / Café,Chiquinquirá,1,3848600,403000,5,5.0,32,6,2021-05-01,2,5.333333333333333,0,4,5,5,4.666666666666667,Alto valor
USLD40LA81,2021-03-19 14:08:00,2021-03-19 14:21:00,Comercio detallista,Muebles / Decoración,Bogotá  D.C.,1,1001000,0,2,2.0,2,2,2021-04-01,0,1.0,1,3,1,4,2.6666666666666665,Estándar
USQ457A3U4,2021-02-11 17:39:00,2021-02-12 23:34:00,Alimentos y bebidas,Restaurante / Café,Bogotá  D.C.,1,983500,0,3,3.0,3,2,2021-03-01,0,1.5,2,3,1,3,2.3333333333333335,Estándar
UTUH9Y30EX,2021-03-23 12:51:00,2021-03-23 13:05:00,Alimentos y bebidas,Repostería / Panadería,Bogotá  D.C.,1,3000,0,2,2.0,1,1,2021-03-01,0,1.0,2,1,1,3,1.6666666666666667,Estándar
UTWRNK2U7D,2021-03-15 16:38:00,2021-03-15 17:44:00,Comercio detallista,Artesanías,Bogotá  D.C.,1,72000,0,2,2.0,3,2,2021-04-01,0,1.5,1,1,1,4,2.0,Nuevos o bajo desarrollo
UTXCZLYARL,2021-02-25 10:58:00,2021-02-25 11:39:00,Comercio detallista,Insumos,Bogotá  D.C.,1,2000,0,3,3.0,1,1,2021-02-01,0,1.0,3,1,1,2,1.3333333333333333,Baja actividad
UV520RYP00,2021-03-04 13:25:00,2021-03-04 13:37:00,Transporte,Taxi,Cali,1,360500,0,2,2.0,6,2,2021-04-01,0,3.0,1,2,2,4,2.6666666666666665,Nuevos o bajo desarrollo
UV6TKRNL4X,2020-12-16 16:39:00,2020-12-16 16:52:00,Servicios,Otro,Bogotá  D.C.,1,1373000,0,5,5.0,8,4,2021-05-01,1,2.0,0,3,3,5,3.6666666666666665,Estándar
UV73VEKGVB,2021-03-26 18:24:00,2021-03-26 18:33:00,Alimentos y bebidas,Comida rápida,Bogotá  D.C.,1,23500,0,2,2.0,2,2,2021-04-01,0,1.0,1,1,1,4,2.0,Nuevos o bajo desarrollo
UVZHCDTN9E,2020-09-24 09:30:00,2021-01-18 14:56:00,Servicios,Otro,Bogotá  D.C.,3,5596000,0,8,4.0,20,4,2021-04-01,0,5.0,1,4,4,4,4.0,Alto valor
UWC6US86K2,2021-03-23 14:34:00,2021-03-23 14:49:00,Comercio detallista,Muebles / Decoración,Bogotá  D.C.,1,13069700,4730400,2,2.0,15,3,2021-05-01,7,5.0,0,5,4,5,4.666666666666667,Alto valor
UWC7S0BTJB,2021-02-13 15:20:00,2021-02-13 15:39:00,Comercio detallista,Joyería,Soacha,1,864000,0,3,3.0,8,2,2021-03-01,0,4.0,2,2,3,3,2.6666666666666665,Estándar
UWC9ZSWY3A,2021-03-09 16:25:00,2021-03-09 16:45:00,Comercio detallista,Ropa / Accesorios,Bogotá  D.C.,1,3000,1000,2,2.0,1,1,2021-03-01,0,1.0,2,1,1,3,1.6666666666666667,Estándar
UWKMV0IDT3,2021-03-26 16:32:00,2021-03-26 16:56:00,Comercio detallista,Tecnología,Cali,1,1000,0,2,2.0,1,1,2021-03-01,0,1.0,2,1,1,3,1.6666666666666667,Estándar
UXDLD2TA6X,2021-03-12 16:55:00,2021-03-12 17:05:00,Comercio detallista,Tecnología,Bogotá  D.C.,1,2958000,275000,2,2.0,7,3,2021-05-01,5,2.3333333333333335,0,4,2,5,3.6666666666666665,Estándar
UXH41HP9IK,2021-03-26 10:59:00,2021-03-26 11:21:00,Comercio detallista,Otro,Bogotá  D.C.,1,3030000,665000,2,2.0,18,3,2021-05-01,9,6.0,0,4,4,5,4.333333333333333,Alto valor
UXK3S7EOQO,2021-03-24 12:37:00,2021-03-24 12:56:00,Alimentos y bebidas,Abarrotes / Mercado,Soacha,1,183000,0,2,2.0,7,2,2021-04-01,0,3.5,1,2,2,4,2.6666666666666665,Nuevos o bajo desarrollo
UXOWLNJ57N,2021-01-05 11:44:00,2021-01-05 12:05:00,Servicios,Veterinaria,Bogotá  D.C.,1,15142250,1454300,4,4.0,178,5,2021-05-01,31,35.6,0,5,5,5,5.0,Alto valor
UXZ0X5CAAL,2021-03-29 09:46:00,2021-03-29 10:01:00,Belleza y cuidado personal,Spa,Bogotá  D.C.,1,2652300,939800,2,2.0,33,3,2021-05-01,22,11.0,0,4,5,5,4.666666666666667,Alto valor
UYBS3UQ9EO,2021-03-16 17:35:00,2021-03-16 17:51:00,Alimentos y bebidas,Abarrotes / Mercado,Bogotá  D.C.,1,1711280,370150,2,2.0,68,3,2021-05-01,38,22.666666666666668,0,3,5,5,4.333333333333333,Estándar
UYGL97O0LH,2021-03-11 18:58:00,2021-03-11 19:09:00,Servicios,Otro,Bogotá  D.C.,1,2597000,589000,2,2.0,21,3,2021-05-01,12,7.0,0,4,4,5,4.333333333333333,Alto valor
UYLYU37FFX,2021-02-17 11:37:00,2021-02-17 11:57:00,Comercio detallista,Óptica,Bogotá  D.C.,1,2676000,0,3,3.0,12,4,2021-05-01,2,3.0,0,4,3,5,4.0,Estándar
UYVI35Y0U8,2021-02-22 13:31:00,2021-02-22 13:49:00,Comercio detallista,Elementos de seguridad,Bogotá  D.C.,1,1134000,0,3,3.0,8,4,2021-05-01,2,2.0,0,3,3,5,3.6666666666666665,Estándar
UYZH76ZLG8,2021-03-27 16:32:00,2021-03-27 16:45:00,Comercio detallista,Elementos de seguridad,Facatativá,1,3250000,1604000,2,2.0,19,3,2021-05-01,10,6.333333333333333,0,4,4,5,4.333333333333333,Alto valor
UZ09HSM26J,2021-03-15 18:14:00,2021-03-15 18:34:00,Servicios,Tecnología y software,Bogotá  D.C.,1,1780800,37800,2,2.0,6,2,2021-04-01,0,3.0,1,3,2,4,3.0,Estándar
UZ7U2QCRIB,2021-02-23 10:40:00,2021-02-24 19:20:00,Comercio detallista,Ropa / Accesorios,Bogotá  D.C.,1,1338000,265200,3,3.0,18,4,2021-05-01,5,4.5,0,3,4,5,4.0,Estándar
UZM1G47Q8K,2021-02-13 16:49:00,2021-02-13 17:09:00,Comercio detallista,Ropa / Accesorios,Soacha,1,12919000,1766000,3,3.0,61,4,2021-05-01,23,15.25,0,5,5,5,5.0,Alto valor
V0ANJ4HMZ1,2021-03-12 14:59:00,2021-03-12 15:10:00,Alimentos y bebidas,Bar / Club / Discoteca,Bogotá  D.C.,1,3836990,497000,2,2.0,112,3,2021-05-01,47,37.333333333333336,0,4,5,5,4.666666666666667,Alto valor
V0BPHFTUVE,2021-03-26 17:21:00,2021-03-26 17:40:00,Comercio detallista,Otro,Bogotá  D.C.,1,3832000,160000,2,2.0,19,3,2021-05-01,6,6.333333333333333,0,4,4,5,4.333333333333333,Alto valor
V0CX6OKAHV,2021-03-08 13:56:00,2021-03-08 14:07:00,Comercio detallista,Insumos,Bogotá  D.C.,1,243400,0,2,2.0,8,2,2021-05-01,7,4.0,0,2,3,5,3.3333333333333335,Estándar
V0E8YJL58B,2021-02-01 19:52:00,2021-02-01 20:02:00,Servicios,Veterinaria,Bogotá  D.C.,1,551000,0,3,3.0,11,4,2021-05-01,2,2.75,0,2,3,5,3.3333333333333335,Estándar
V0ZPNYNFJT,2021-03-08 20:14:00,2021-03-13 23:34:00,Alimentos y bebidas,Licores,Bogotá  D.C.,1,1742862,0,2,2.0,45,3,2021-05-01,16,15.0,0,3,5,5,4.333333333333333,Estándar
V1IH3HPA9F,2021-03-23 15:09:00,2021-03-23 15:24:00,Servicios,Diseño / Fotografía,Bogotá  D.C.,1,1861000,0,2,2.0,4,3,2021-05-01,2,1.3333333333333333,0,3,2,5,3.3333333333333335,Estándar
V1W2V27DFS,2021-03-09 12:08:00,2021-03-09 13:45:00,Comercio detallista,Otro,Bogotá  D.C.,1,2000,0,2,2.0,1,1,2021-03-01,0,1.0,2,1,1,3,1.6666666666666667,Estándar
V220RHACMM,2021-03-13 21:26:00,2021-03-13 21:50:00,Comercio detallista,Tecnología,Bogotá  D.C.,1,459250,0,2,2.0,4,3,2021-05-01,2,1.3333333333333333,0,2,2,5,3.0,Nuevos o bajo desarrollo
V2OQ984M0O,2021-03-15 16:46:00,2021-03-15 16:57:00,Comercio detallista,Elementos de seguridad,Bogotá  D.C.,1,1523000,1044000,2,2.0,2,2,2021-04-01,0,1.0,1,3,1,4,2.6666666666666665,Estándar
V3BROQMRE4,2021-01-22 17:22:00,2021-01-22 17:33:00,Comercio detallista,Otro,Bogotá  D.C.,1,2749800,77000,4,4.0,42,5,2021-05-01,8,8.4,0,4,5,5,4.666666666666667,Alto valor
V3Q63YTI3D,2021-01-29 13:55:00,2021-01-30 11:52:00,Reparación y limpieza,Automotriz y autopartes,Soacha,1,3000900,440000,4,4.0,22,5,2021-05-01,14,4.4,0,4,4,5,4.333333333333333,Alto valor
V47UPOH6PP,2021-03-27 14:06:00,2021-03-27 14:20:00,Comercio detallista,Tecnología,Bogotá  D.C.,1,1911000,172000,2,2.0,15,3,2021-05-01,4,5.0,0,3,4,5,4.0,Estándar
V4FXN48DGT,2021-01-22 18:25:00,2021-01-22 18:41:00,Comercio detallista,Ropa / Accesorios,Bogotá  D.C.,1,9504000,240000,4,4.0,17,5,2021-05-01,3,3.4,0,5,4,5,4.666666666666667,Alto valor
V59H6SCC6M,2021-03-09 12:08:00,2021-03-09 12:19:00,Comercio detallista,Óptica,Bogotá  D.C.,1,8797000,340000,2,2.0,22,3,2021-05-01,8,7.333333333333333,0,5,4,5,4.666666666666667,Alto valor
V5EWNSPDRS,2021-03-29 12:25:00,2021-03-29 12:37:00,Comercio detallista,Otro,Bogotá  D.C.,1,322150,318150,2,2.0,2,1,2021-03-01,0,2.0,2,2,1,3,2.0,Estándar
V5FGW965PE,2021-03-09 17:35:00,2021-03-09 17:56:00,Comercio detallista,Ropa / Accesorios,Bogotá  D.C.,1,3464000,945000,2,2.0,29,3,2021-05-01,14,9.666666666666666,0,4,4,5,4.333333333333333,Alto valor
V5GXQ2TBQU,2021-03-23 11:22:00,2021-03-23 11:45:00,Comercio detallista,Maquinaria,Espinal,1,2000,0,2,2.0,1,1,2021-03-01,0,1.0,2,1,1,3,1.6666666666666667,Estándar
V5IJTDM5MJ,2021-03-03 20:29:00,2021-03-03 20:41:00,Reparación y limpieza,Otro,Bogotá  D.C.,1,18263680,6707350,2,2.0,16,3,2021-05-01,7,5.333333333333333,0,5,4,5,4.666666666666667,Alto valor
V5QINB9EI4,2021-02-05 16:31:00,2021-02-05 16:50:00,Comercio detallista,Tecnología,Bogotá  D.C.,1,103000,0,3,3.0,4,3,2021-05-01,1,1.3333333333333333,0,1,2,5,2.6666666666666665,Nuevos o bajo desarrollo
V6C859690X,2021-02-19 17:04:00,2021-02-19 17:17:00,Reparación y limpieza,Reparaciones locativas,Soacha,1,22871700,1473400,3,3.0,25,4,2021-05-01,5,6.25,0,5,4,5,4.666666666666667,Alto valor
V76O73G691,2021-03-09 14:49:00,2021-03-09 15:00:00,Alimentos y bebidas,Abarrotes / Mercado,Bogotá  D.C.,1,1352230,29000,2,2.0,56,3,2021-05-01,21,18.666666666666668,0,3,5,5,4.333333333333333,Estándar
V7DH1GE9XS,2021-03-26 11:16:00,2021-03-26 11:35:00,Alimentos y bebidas,Bar / Club / Discoteca,Bogotá  D.C.,1,11213750,3121500,2,2.0,18,3,2021-05-01,4,6.0,0,5,4,5,4.666666666666667,Alto valor
V7K1AWTBWN,2021-03-12 17:37:00,2021-03-12 17:51:00,Alimentos y bebidas,Abarrotes / Mercado,Bogotá  D.C.,1,1287500,258600,2,2.0,27,3,2021-05-01,10,9.0,0,3,4,5,4.0,Estándar
V7XIF1BGP0,2021-03-11 15:57:00,2021-03-11 16:14:00,Comercio detallista,Óptica,Bogotá  D.C.,1,5249800,583000,2,2.0,16,3,2021-05-01,4,5.333333333333333,0,4,4,5,4.333333333333333,Alto valor
V7Y4RB9GCO,2021-03-10 16:46:00,2021-03-10 17:02:00,Comercio detallista,Tecnología,Fusagasugá,1,3090900,1222000,2,2.0,8,3,2021-05-01,1,2.6666666666666665,0,4,3,5,4.0,Estándar
V85QV60GEF,2021-03-08 16:52:00,2021-03-08 17:28:00,Servicios,Otro,Bogotá  D.C.,1,272500,38500,2,2.0,2,2,2021-05-01,1,1.0,0,2,1,5,2.6666666666666665,Nuevos o bajo desarrollo
V9LJ44X52J,2021-03-08 10:04:00,2021-03-08 10:22:00,Servicios,Otro,Bogotá  D.C.,1,6828400,2870000,2,2.0,28,3,2021-05-01,7,9.333333333333334,0,5,4,5,4.666666666666667,Alto valor
V9RGA9D1TK,2021-03-13 14:40:00,2021-03-13 14:55:00,Comercio detallista,Otro,Funza,1,1841050,220250,2,2.0,9,2,2021-04-01,0,4.5,1,3,3,4,3.3333333333333335,Estándar
VA3XJQ343I,2021-02-12 13:34:00,2021-02-12 13:44:00,Alimentos y bebidas,Restaurante / Café,Bogotá  D.C.,1,2000,0,3,3.0,1,1,2021-02-01,0,1.0,3,1,1,2,1.3333333333333333,Baja actividad
VB1TQC84U5,2020-12-21 16:48:00,2020-12-21 16:59:00,Servicios,Veterinaria,Bogotá  D.C.,1,2000,0,5,5.0,1,1,2020-12-01,0,1.0,5,1,1,1,1.0,Baja actividad
VBSAT55ORN,2021-02-03 18:44:00,2021-02-03 18:56:00,Comercio detallista,Muebles / Decoración,Bogotá  D.C.,1,60642400,7546000,3,3.0,109,4,2021-05-01,31,27.25,0,5,5,5,5.0,Alto valor
VCACUDE4DD,2021-03-13 15:32:00,2021-03-13 15:40:00,Reparación y limpieza,Automotriz y autopartes,Bogotá  D.C.,1,4567900,104900,2,2.0,9,2,2021-05-01,3,4.5,0,4,3,5,4.0,Estándar
VDAMLUGIW3,2021-02-12 11:24:00,2021-02-12 11:41:00,Comercio detallista,Ropa / Accesorios,Soacha,1,11198000,1236000,3,3.0,83,4,2021-05-01,25,20.75,0,5,5,5,5.0,Alto valor
VDVR312V8P,2021-03-25 18:19:00,2021-03-25 18:29:00,Comercio detallista,Óptica,Bogotá  D.C.,1,6561000,2021000,2,2.0,17,3,2021-05-01,7,5.666666666666667,0,5,4,5,4.666666666666667,Alto valor
VDVWW2S8HB,2020-12-18 17:41:00,2020-12-18 17:49:00,Comercio detallista,Óptica,Bogotá  D.C.,1,27609000,3709000,5,5.0,84,6,2021-05-01,24,14.0,0,5,5,5,5.0,Alto valor
VE0K9R4C8H,2021-02-05 12:24:00,2021-02-05 12:51:00,Comercio detallista,Muebles / Decoración,Bogotá  D.C.,1,24970873,0,3,3.0,22,4,2021-05-01,3,5.5,0,5,4,5,4.666666666666667,Alto valor
VFAYHIUA7Z,2021-03-27 11:18:00,2021-03-27 12:55:00,Comercio detallista,Materiales de construcción,Bogotá  D.C.,1,3278500,0,2,2.0,2,2,2021-04-01,0,1.0,1,4,1,4,3.0,Estándar
VFDSS6D6SY,2021-03-27 15:36:00,2021-03-27 17:15:00,Servicios,Otro,Bogotá  D.C.,1,586000,1000,2,2.0,9,3,2021-05-01,5,3.0,0,2,3,5,3.3333333333333335,Estándar
VFHGUW0UNT,2021-01-21 10:16:00,2021-01-21 10:26:00,Reparación y limpieza,Automotriz y autopartes,Cajicá,1,2000,0,4,4.0,1,1,2021-01-01,0,1.0,4,1,1,1,1.0,Baja actividad
VFTJUOYNKE,2020-08-30 22:12:00,2021-01-13 09:45:00,Belleza y cuidado personal,Distribuidora,Bogotá  D.C.,1,2000,0,9,4.0,1,1,2021-01-01,0,1.0,4,1,1,1,1.0,Baja actividad
VGHJOVOW7S,2021-02-10 13:03:00,2021-02-10 13:16:00,Comercio detallista,Óptica,Bogotá  D.C.,1,10844500,480000,3,3.0,34,4,2021-05-01,7,8.5,0,5,5,5,5.0,Alto valor
VGZS4I83OD,2021-01-13 12:13:00,2021-01-13 12:25:00,Comercio detallista,Óptica,Bogotá  D.C.,1,5357000,690000,4,4.0,12,5,2021-05-01,2,2.4,0,4,3,5,4.0,Estándar
VHG2L6FGLN,2021-01-26 16:57:00,2021-01-26 17:18:00,Comercio detallista,Óptica,Bogotá  D.C.,1,1238000,0,4,4.0,5,3,2021-05-01,2,1.6666666666666667,0,3,2,5,3.3333333333333335,Estándar
VHN4FCXXB8,2020-12-18 17:42:00,2020-12-18 17:53:00,Comercio detallista,Ropa / Accesorios,Bogotá  D.C.,1,7680000,477000,5,5.0,17,4,2021-04-01,0,4.25,1,5,4,4,4.333333333333333,Alto valor
VHQPMDWLYZ,2021-02-05 16:08:00,2021-02-05 16:18:00,Alimentos y bebidas,Bar / Club / Discoteca,Bogotá  D.C.,1,796550,80000,3,3.0,5,2,2021-03-01,0,2.5,2,2,2,3,2.3333333333333335,Estándar
VHYW6EQJS5,2021-02-01 13:19:00,2021-02-01 13:28:00,Servicios,Otro,Bogotá  D.C.,1,687000,265000,3,3.0,2,2,2021-05-01,1,1.0,0,2,1,5,2.6666666666666665,Nuevos o bajo desarrollo
VI5MATD3YU,2021-03-16 11:35:00,2021-03-16 11:51:00,Comercio detallista,Tecnología,Bogotá  D.C.,1,2000,0,2,2.0,1,1,2021-03-01,0,1.0,2,1,1,3,1.6666666666666667,Estándar
VJ43K4X5PD,2020-09-17 16:38:00,2021-01-14 15:38:00,Alimentos y bebidas,Catering,Bogotá  D.C.,1,2000,0,8,4.0,1,1,2021-01-01,0,1.0,4,1,1,1,1.0,Baja actividad
VKPMFISL61,2021-03-14 14:28:00,2021-03-14 14:42:00,Servicios,Medicina / Odontología,Bogotá  D.C.,1,417600,117000,2,2.0,17,3,2021-05-01,9,5.666666666666667,0,2,4,5,3.6666666666666665,Estándar
VKVVIOLSO3,2020-12-28 21:39:00,2020-12-28 21:55:00,Servicios,Otro,Bogotá  D.C.,1,2000,0,5,5.0,1,1,2020-12-01,0,1.0,5,1,1,1,1.0,Baja actividad
VLIJPHNXPN,2021-02-11 14:43:00,2021-02-12 16:06:00,Comercio detallista,Auto partes,Bogotá  D.C.,1,4079700,178500,3,3.0,18,4,2021-05-01,3,4.5,0,4,4,5,4.333333333333333,Alto valor
VLSUBJ34YW,2021-02-05 20:55:00,2021-02-05 21:33:00,Alimentos y bebidas,Restaurante / Café,Bogotá  D.C.,1,5651950,313300,3,3.0,193,4,2021-05-01,49,48.25,0,4,5,5,4.666666666666667,Alto valor
VMB1HOEUGP,2021-03-11 13:07:00,2021-03-11 13:18:00,Comercio detallista,Joyería,Bogotá  D.C.,1,2000,0,2,2.0,1,1,2021-03-01,0,1.0,2,1,1,3,1.6666666666666667,Estándar
VMBS7UL0EA,2021-03-01 15:44:00,2021-03-01 15:58:00,Servicios,Medicina / Odontología,Bogotá  D.C.,1,8151500,1980000,2,2.0,36,3,2021-05-01,9,12.0,0,5,5,5,5.0,Alto valor
VN7BJLVG92,2020-12-29 14:31:00,2020-12-29 14:46:00,Belleza y cuidado personal,Distribuidora,Bogotá  D.C.,1,1192450,56200,5,5.0,23,5,2021-05-01,6,4.6,0,3,4,5,4.0,Estándar
VNO4CDTURV,2021-03-31 15:35:00,2021-03-31 15:47:00,Comercio detallista,Ropa / Accesorios,Bogotá  D.C.,1,2000,0,2,2.0,2,1,2021-03-01,0,2.0,2,1,1,3,1.6666666666666667,Estándar
VNR9HDWGE5,2021-03-17 12:37:00,2021-03-17 13:04:00,Transporte,Servicio especial,Bogotá  D.C.,1,1451000,0,2,2.0,2,2,2021-05-01,1,1.0,0,3,1,5,3.0,Estándar
VOBDKERMHG,2021-03-31 12:09:00,2021-03-31 12:22:00,Comercio detallista,Ropa / Accesorios,Soacha,1,1000000,55000,2,2.0,13,3,2021-05-01,6,4.333333333333333,0,3,3,5,3.6666666666666665,Estándar
VON7969R0J,2021-03-08 19:03:00,2021-03-08 19:13:00,Servicios,Otro,Bogotá  D.C.,1,2207187,315500,2,2.0,88,3,2021-05-01,32,29.333333333333332,0,3,5,5,4.333333333333333,Estándar
VOP5V9RWOL,2021-01-26 08:13:00,2021-01-26 08:27:00,Transporte,Alquiler de vehículos,Bogotá  D.C.,1,31000,0,4,4.0,2,1,2021-01-01,0,2.0,4,1,1,1,1.0,Baja actividad
VP7T2F9DIA,2020-12-15 12:26:00,2020-12-15 12:45:00,Servicios,Otro,Bogotá  D.C.,1,18480000,820000,5,5.0,51,6,2021-05-01,8,8.5,0,5,5,5,5.0,Alto valor
VQ1BQS8VP6,2020-12-18 12:16:00,2020-12-18 12:30:00,Alimentos y bebidas,Restaurante / Café,Melgar,1,18502100,1996400,5,5.0,132,6,2021-05-01,19,22.0,0,5,5,5,5.0,Alto valor
VQ42MZB87E,2021-03-12 16:00:00,2021-03-12 16:20:00,Reparación y limpieza,Automotriz y autopartes,Bogotá  D.C.,1,2677000,1881000,2,2.0,5,3,2021-05-01,1,1.6666666666666667,0,4,2,5,3.6666666666666665,Estándar
VQBNNUFQD3,2021-03-11 16:14:00,2021-03-11 16:27:00,Comercio detallista,Muebles / Decoración,Bogotá  D.C.,1,25297000,2295000,2,2.0,24,3,2021-05-01,16,8.0,0,5,4,5,4.666666666666667,Alto valor
VRXMA745QJ,2021-03-16 14:24:00,,Servicios,Otro,Pitalito,1,0,0,2,,1,1,2021-03-01,0,1.0,2,1,1,3,1.6666666666666667,Estándar
VSL63SGTPJ,2021-03-08 18:21:00,2021-03-08 18:38:00,Reparación y limpieza,Lavandería,Bogotá  D.C.,1,207500,0,2,2.0,7,3,2021-05-01,3,2.3333333333333335,0,2,2,5,3.0,Nuevos o bajo desarrollo
VSRSR9ZMTS,2021-03-08 12:47:00,2021-03-08 13:03:00,Reparación y limpieza,Moda / Zapatería,Bogotá  D.C.,1,1861000,435000,2,2.0,15,3,2021-05-01,4,5.0,0,3,4,5,4.0,Estándar
VSUBWL4WN9,2021-03-24 17:34:00,2021-03-24 17:49:00,Comercio detallista,Óptica,Bogotá  D.C.,1,7000,0,2,2.0,2,2,2021-04-01,0,1.0,1,1,1,4,2.0,Nuevos o bajo desarrollo
VTV6Y9NVR0,2021-03-16 12:53:00,2021-03-16 13:05:00,Comercio detallista,Otro,Bogotá  D.C.,1,633417,214800,2,2.0,16,3,2021-05-01,8,5.333333333333333,0,2,4,5,3.6666666666666665,Estándar
VU25RH7PR5,2021-03-26 14:04:00,2021-03-26 14:15:00,Comercio detallista,Elementos de seguridad,Bogotá  D.C.,1,6026500,434500,2,2.0,30,3,2021-05-01,10,10.0,0,4,5,5,4.666666666666667,Alto valor
VUO9O6FBZ1,2021-03-09 15:58:00,2021-03-09 16:48:00,Servicios,Veterinaria,Bogotá  D.C.,1,1945700,472000,2,2.0,30,3,2021-05-01,13,10.0,0,3,5,5,4.333333333333333,Estándar
VUW3WONQWF,2021-02-20 13:00:00,2021-02-20 13:10:00,Comercio detallista,Materiales de construcción,Bogotá  D.C.,1,536000,0,3,3.0,6,2,2021-03-01,0,3.0,2,2,2,3,2.3333333333333335,Estándar
VVEFK5IQIB,2021-02-06 14:00:00,2021-02-06 14:11:00,Servicios,Otro,Bogotá  D.C.,1,5027000,0,3,3.0,26,4,2021-05-01,2,6.5,0,4,4,5,4.333333333333333,Alto valor
VX0OWSX4AT,2021-01-14 16:07:00,2021-01-14 16:37:00,Servicios,Otro,Bogotá  D.C.,1,650000,0,4,4.0,5,2,2021-02-01,0,2.5,3,2,2,2,2.0,Baja actividad
VX9PCZ578A,2021-02-03 12:04:00,2021-02-03 12:17:00,Comercio detallista,Óptica,Bogotá  D.C.,1,3677000,95000,3,3.0,12,4,2021-05-01,2,3.0,0,4,3,5,4.0,Estándar
VXPG5JGK9V,2021-02-08 08:16:00,2021-02-08 08:27:00,Servicios,Medicina / Odontología,Bogotá  D.C.,1,6681800,1420300,3,3.0,20,4,2021-05-01,4,5.0,0,5,4,5,4.666666666666667,Alto valor
VXSH6NHMA2,2021-02-12 19:09:00,2021-02-12 19:53:00,Servicios,Contabilidad / Asesorías,Bogotá  D.C.,1,1002000,0,3,3.0,4,3,2021-04-01,0,1.3333333333333333,1,3,2,4,3.0,Estándar
VXX4WF5JA0,2021-03-04 22:03:00,2021-03-05 10:26:00,Reparación y limpieza,Automotriz y autopartes,Bogotá  D.C.,1,1334000,280000,2,2.0,12,3,2021-05-01,3,4.0,0,3,3,5,3.6666666666666665,Estándar
VY8UMYMO8B,2021-03-29 15:05:00,2021-03-29 15:11:00,Comercio detallista,Óptica,Bogotá  D.C.,1,1023000,0,2,2.0,5,2,2021-04-01,0,2.5,1,3,2,4,3.0,Estándar
VYBTJC7K82,2021-03-24 11:01:00,2021-03-24 11:12:00,Alimentos y bebidas,Licores,Bogotá  D.C.,1,1008800,0,2,2.0,13,2,2021-04-01,0,6.5,1,3,3,4,3.3333333333333335,Estándar
VYPR2OWFZY,2021-03-02 15:50:00,2021-03-02 16:01:00,Comercio detallista,Tienda de deportes,Funza,1,4499000,290000,2,2.0,27,3,2021-05-01,9,9.0,0,4,4,5,4.333333333333333,Alto valor
VYQEMOAH9H,2021-02-01 10:59:00,2021-02-20 11:11:00,Transporte,Servicio especial,Bogotá  D.C.,1,1756455,0,3,3.0,5,3,2021-05-01,1,1.6666666666666667,0,3,2,5,3.3333333333333335,Estándar
VYTJ7VY7Q2,2021-02-22 14:30:00,2021-02-22 14:47:00,Comercio detallista,Ropa / Accesorios,Bogotá  D.C.,1,24153000,4217000,3,3.0,45,4,2021-05-01,17,11.25,0,5,5,5,5.0,Alto valor
VZ75DT71SY,2021-02-15 14:41:00,2021-02-15 15:03:00,Comercio detallista,Ropa / Accesorios,Soacha,1,2000,0,3,3.0,1,1,2021-02-01,0,1.0,3,1,1,2,1.3333333333333333,Baja actividad
VZG6D5GFYD,2021-03-08 14:25:00,2021-03-08 14:44:00,Comercio detallista,Otro,Bogotá  D.C.,1,902000,0,2,2.0,3,1,2021-03-01,0,3.0,2,2,1,3,2.0,Estándar
W11JT3E0TP,2021-03-11 12:22:00,2021-03-11 12:40:00,Servicios,Medicina / Odontología,Soacha,2,15078000,592000,2,2.0,35,3,2021-05-01,9,11.666666666666666,0,5,5,5,5.0,Alto valor
W1TQWL2QLY,2021-03-16 14:29:00,2021-03-16 15:01:00,Servicios,Carpintería,Bogotá  D.C.,1,4261000,0,2,2.0,6,3,2021-05-01,3,2.0,0,4,2,5,3.6666666666666665,Estándar
W1XYNLQNEB,2021-02-09 16:55:00,2021-02-09 17:07:00,Comercio detallista,Elementos de seguridad,Bogotá  D.C.,1,10327900,734000,3,3.0,50,4,2021-05-01,10,12.5,0,5,5,5,5.0,Alto valor
W2V3XB17ON,2021-02-18 13:07:00,2021-02-18 13:15:00,Servicios,Otro,Bogotá  D.C.,1,1487000,220000,3,3.0,14,4,2021-05-01,4,3.5,0,3,3,5,3.6666666666666665,Estándar
W37E7OWK35,2021-03-13 11:20:00,2021-03-13 11:34:00,Comercio detallista,Artesanías,Choachí,1,3496500,558000,2,2.0,36,3,2021-05-01,15,12.0,0,4,5,5,4.666666666666667,Alto valor
W56PSCHYLV,2021-02-01 12:10:00,2021-02-01 12:21:00,Belleza y cuidado personal,Distribuidora,Soacha,2,6089600,945800,3,3.0,65,4,2021-05-01,12,16.25,0,4,5,5,4.666666666666667,Alto valor
W5DLVFYS9J,2021-02-05 12:08:00,2021-02-05 12:21:00,Comercio detallista,Tecnología,Cali,1,1235500,861000,3,3.0,6,3,2021-04-01,0,2.0,1,3,2,4,3.0,Estándar
W5M0OVVS89,2020-12-11 13:30:00,2020-12-11 13:41:00,Alimentos y bebidas,Abarrotes / Mercado,Bogotá  D.C.,1,2096500,92400,5,5.0,70,6,2021-05-01,9,11.666666666666666,0,3,5,5,4.333333333333333,Estándar
W6NYDZFA8Z,2021-03-04 18:50:00,2021-03-04 19:13:00,Comercio detallista,Juguetería / Piñatería,Bogotá  D.C.,1,1079950,0,2,2.0,12,3,2021-05-01,3,4.0,0,3,3,5,3.6666666666666665,Estándar
W6VCTQKKIA,2021-03-24 15:49:00,2021-03-24 16:07:00,Comercio detallista,Tecnología,Bogotá  D.C.,1,1109710,73500,2,2.0,12,2,2021-04-01,0,6.0,1,3,3,4,3.3333333333333335,Estándar
W7BG00YI5S,2021-03-29 12:21:00,2021-03-29 12:29:00,Comercio detallista,Ropa / Accesorios,Bogotá  D.C.,1,1541000,252000,2,2.0,18,3,2021-05-01,12,6.0,0,3,4,5,4.0,Estándar
W7OLLLSQVC,2021-02-02 09:39:00,2021-02-02 10:02:00,Reparación y limpieza,Automotriz y autopartes,Bogotá  D.C.,1,1119000,272500,3,3.0,7,2,2021-03-01,0,3.5,2,3,2,3,2.6666666666666665,Estándar
W7PX99A6YT,2021-03-09 16:21:00,2021-03-09 16:34:00,Servicios,Medicina / Odontología,Bogotá  D.C.,1,43000,0,2,2.0,3,2,2021-04-01,0,1.5,1,1,1,4,2.0,Nuevos o bajo desarrollo
W83M7RG9C5,2021-03-24 14:39:00,2021-03-24 14:50:00,Comercio detallista,Óptica,Bogotá  D.C.,1,1132000,0,2,2.0,4,2,2021-04-01,0,2.0,1,3,2,4,3.0,Estándar
W85EKVBIZW,2021-03-29 11:14:00,2021-03-29 11:28:00,Alimentos y bebidas,Otro,Bogotá  D.C.,1,3354700,806500,2,2.0,55,3,2021-05-01,19,18.333333333333332,0,4,5,5,4.666666666666667,Alto valor
W89BXS7P0J,2021-03-11 09:28:00,2021-03-11 09:39:00,Comercio detallista,Otro,Bogotá  D.C.,1,27209300,3786000,2,2.0,69,3,2021-05-01,25,23.0,0,5,5,5,5.0,Alto valor
W8A0ERTJQE,2021-03-06 15:41:00,2021-03-06 15:53:00,Comercio detallista,Otro,Bogotá  D.C.,1,1612750,283100,2,2.0,31,3,2021-05-01,13,10.333333333333334,0,3,5,5,4.333333333333333,Estándar
W8DB0XI8DG,2021-03-08 15:43:00,2021-03-08 15:53:00,Comercio detallista,Artesanías,Bogotá  D.C.,1,967500,115000,2,2.0,13,3,2021-05-01,3,4.333333333333333,0,2,3,5,3.3333333333333335,Estándar
W9E83QW492,2020-12-10 13:52:00,2020-12-10 19:57:00,Comercio detallista,Materiales de construcción,Bogotá  D.C.,1,1382000,0,5,5.0,2,1,2020-12-01,0,2.0,5,3,1,1,1.6666666666666667,Estándar
WA2OD8DS52,2020-12-21 16:42:00,2020-12-21 17:02:00,Comercio detallista,Tecnología,Bogotá  D.C.,1,4411700,222000,5,5.0,58,6,2021-05-01,6,9.666666666666666,0,4,5,5,4.666666666666667,Alto valor
WBJ62YKQV6,2021-03-18 13:13:00,2021-03-18 13:30:00,Alimentos y bebidas,Abarrotes / Mercado,Bogotá  D.C.,1,2000,0,2,2.0,1,1,2021-03-01,0,1.0,2,1,1,3,1.6666666666666667,Estándar
WCPUFSAOSA,2021-03-30 14:50:00,2021-03-30 15:05:00,Turismo y entretenimiento,Entretenimiento,Bogotá  D.C.,1,2695500,161000,2,2.0,9,3,2021-05-01,4,3.0,0,4,3,5,4.0,Estándar
WCXUVD3LSP,2021-03-31 16:34:00,2021-03-31 16:45:00,Comercio detallista,Óptica,Soacha,1,2911000,0,2,2.0,11,3,2021-05-01,4,3.6666666666666665,0,4,3,5,4.0,Estándar
WDBV7W2DWX,2021-03-09 10:03:00,2021-03-09 10:34:00,Servicios,Veterinaria,Sibaté,1,2974800,0,2,2.0,3,1,2021-03-01,0,3.0,2,4,1,3,2.6666666666666665,Estándar
WE4WMCXLD9,2021-03-15 13:42:00,2021-03-15 13:52:00,Comercio detallista,Juguetería / Piñatería,Bogotá  D.C.,1,829400,37000,2,2.0,6,2,2021-04-01,0,3.0,1,2,2,4,2.6666666666666665,Nuevos o bajo desarrollo
WEB4FAL83R,2021-03-12 12:42:00,2021-03-12 12:51:00,Educación,Talleres / Cursos / Capacitaciones,Bogotá  D.C.,1,6102000,0,2,2.0,11,3,2021-05-01,5,3.6666666666666665,0,4,3,5,4.0,Estándar
WEH2P1SRMG,2021-03-24 12:18:00,2021-03-24 12:28:00,Comercio detallista,Otro,Bogotá  D.C.,1,254100,27000,2,2.0,6,3,2021-05-01,4,2.0,0,2,2,5,3.0,Nuevos o bajo desarrollo
WEM1XWSX78,2021-03-06 14:37:00,2021-03-06 14:43:00,Transporte,Alquiler de vehículos,Bogotá  D.C.,1,307000,0,2,2.0,2,2,2021-04-01,0,1.0,1,2,1,4,2.3333333333333335,Nuevos o bajo desarrollo
WERZOFONPH,2021-03-09 12:16:00,2021-03-09 12:31:00,Servicios,Veterinaria,Choachí,1,4201285,548900,2,2.0,34,3,2021-05-01,18,11.333333333333334,0,4,5,5,4.666666666666667,Alto valor
WF7HEYK2GV,2021-02-17 13:50:00,2021-02-17 14:32:00,Comercio detallista,Joyería,Bogotá  D.C.,1,305200,0,3,3.0,4,3,2021-04-01,0,1.3333333333333333,1,2,2,4,2.6666666666666665,Nuevos o bajo desarrollo
WFIVQ8FNMJ,2020-12-17 12:37:00,2020-12-17 12:46:00,Comercio detallista,Otro,Bogotá  D.C.,1,9517600,986000,5,5.0,47,6,2021-05-01,4,7.833333333333333,0,5,5,5,5.0,Alto valor
WFL3SQ5Y6V,2021-03-16 11:32:00,2021-03-16 11:56:00,Comercio detallista,Ropa / Accesorios,Soacha,1,1965920,369300,2,2.0,23,3,2021-05-01,7,7.666666666666667,0,3,4,5,4.0,Estándar
WFUAIQD5R2,2021-01-21 15:59:00,2021-01-21 16:16:00,Comercio detallista,Materiales de construcción,Bogotá  D.C.,1,54743201,8752000,4,4.0,283,5,2021-05-01,73,56.6,0,5,5,5,5.0,Alto valor
WG4VTKDEYP,2021-03-16 14:26:00,2021-03-16 15:01:00,Comercio detallista,Óptica,Bogotá  D.C.,1,7962000,1500000,2,2.0,17,3,2021-05-01,3,5.666666666666667,0,5,4,5,4.666666666666667,Alto valor
WGZO3Y7EDB,2021-01-15 13:09:00,2021-01-15 13:21:00,Comercio detallista,Óptica,Bogotá  D.C.,1,6352000,600000,4,4.0,18,4,2021-05-01,5,4.5,0,5,4,5,4.666666666666667,Alto valor
WH1TZNM6GW,2021-03-06 13:07:00,2021-03-06 13:29:00,Comercio detallista,Elementos del hogar,Sibaté,1,2353000,0,2,2.0,5,2,2021-04-01,0,2.5,1,3,2,4,3.0,Estándar
WH1XC5VT1F,2021-02-06 10:26:00,2021-02-06 10:40:00,Comercio detallista,Tecnología,Cali,1,5078250,127000,3,3.0,15,4,2021-05-01,4,3.75,0,4,4,5,4.333333333333333,Alto valor
WH6VII8R36,2020-12-14 14:16:00,2020-12-14 14:27:00,Servicios,Otro,Bogotá  D.C.,1,29823200,1322000,5,5.0,91,6,2021-05-01,19,15.166666666666666,0,5,5,5,5.0,Alto valor
WH7P2OGX10,2021-03-25 14:49:00,2021-03-25 15:12:00,Comercio detallista,Tecnología,Bogotá  D.C.,1,1000,0,2,2.0,1,1,2021-03-01,0,1.0,2,1,1,3,1.6666666666666667,Estándar
WI62RDV4H0,2021-03-20 12:08:00,2021-03-20 12:18:00,Reparación y limpieza,Otro,Zipaquirá,1,1000,0,2,2.0,1,1,2021-03-01,0,1.0,2,1,1,3,1.6666666666666667,Estándar
WIR7VEWMF7,2021-03-31 11:26:00,2021-03-31 12:21:00,Educación,Talleres / Cursos / Capacitaciones,Villavicencio,1,1000,0,2,2.0,1,1,2021-03-01,0,1.0,2,1,1,3,1.6666666666666667,Estándar
WJ3U2W768K,2021-03-16 17:06:00,2021-03-16 17:21:00,Comercio detallista,Joyería,Bogotá  D.C.,1,583000,581000,2,2.0,1,1,2021-03-01,0,1.0,2,2,1,3,2.0,Estándar
WJ6AC0ZXWR,2021-03-11 10:16:00,2021-03-11 10:27:00,Comercio detallista,Ropa / Accesorios,Bogotá  D.C.,1,3525000,1097000,2,2.0,9,2,2021-05-01,3,4.5,0,4,3,5,4.0,Estándar
WJN5Z9PM2A,2021-03-02 11:02:00,2021-03-02 11:27:00,Servicios,Otro,Bogotá  D.C.,1,1243000,170000,2,2.0,14,3,2021-05-01,4,4.666666666666667,0,3,3,5,3.6666666666666665,Estándar
WJU9UDJKV1,2021-03-18 15:26:00,2021-03-18 15:38:00,Comercio detallista,Tecnología,Bogotá  D.C.,1,622000,0,2,2.0,3,2,2021-05-01,1,1.5,0,2,1,5,2.6666666666666665,Nuevos o bajo desarrollo
WK4PYIJ2J4,2021-03-18 14:12:00,2021-03-18 14:29:00,Alimentos y bebidas,Comida rápida,Bogotá  D.C.,1,657510,103160,2,2.0,28,3,2021-05-01,5,9.333333333333334,0,2,4,5,3.6666666666666665,Estándar
WKEGCIGR3J,2021-03-23 15:00:00,2021-03-23 15:09:00,Servicios,Tecnología y software,Soacha,1,13477250,822000,2,2.0,30,3,2021-05-01,12,10.0,0,5,5,5,5.0,Alto valor
WKNKIQTQDJ,2021-01-22 17:11:00,2021-01-22 17:41:00,Comercio detallista,Elementos de seguridad,Bogotá  D.C.,1,34691000,5100000,4,4.0,120,5,2021-05-01,33,24.0,0,5,5,5,5.0,Alto valor
WLKGHJ7C23,2021-03-09 13:27:00,2021-03-09 13:43:00,Comercio detallista,Óptica,Bogotá  D.C.,1,14144000,5000000,2,2.0,12,3,2021-05-01,6,4.0,0,5,3,5,4.333333333333333,Estándar
WLOE151RXO,2020-12-20 13:05:00,2020-12-20 13:20:00,Alimentos y bebidas,Restaurante / Café,Caucasia,1,2000,0,5,5.0,1,1,2020-12-01,0,1.0,5,1,1,1,1.0,Baja actividad
WMQUK63IUA,2020-12-16 11:05:00,2020-12-16 11:27:00,Comercio detallista,Tecnología,Bogotá  D.C.,1,3209900,95550,5,5.0,37,5,2021-05-01,10,7.4,0,4,5,5,4.666666666666667,Alto valor
WMRXEESR3P,2021-03-23 15:36:00,2021-03-28 17:49:00,Comercio detallista,Ropa / Accesorios,Bogotá  D.C.,1,4438000,457000,2,2.0,48,3,2021-05-01,36,16.0,0,4,5,5,4.666666666666667,Alto valor
WMW6YW8RN6,2021-02-04 11:01:00,2021-02-04 12:46:00,Transporte,Domicilios,Bogotá  D.C.,1,6000,0,3,3.0,3,1,2021-02-01,0,3.0,3,1,1,2,1.3333333333333333,Baja actividad
WNN04VIM4J,2021-03-08 14:32:00,2021-03-08 14:46:00,Servicios,Medicina / Odontología,Bogotá  D.C.,1,3057000,1600000,2,2.0,7,3,2021-05-01,3,2.3333333333333335,0,4,2,5,3.6666666666666665,Estándar
WNNKDNHNLN,2021-03-25 15:46:00,2021-03-25 16:01:00,Alimentos y bebidas,Abarrotes / Mercado,Bogotá  D.C.,1,4662950,893350,2,2.0,141,3,2021-05-01,59,47.0,0,4,5,5,4.666666666666667,Alto valor
WOEWBALKP9,2021-03-03 17:19:00,2021-03-03 17:34:00,Comercio detallista,Tecnología,Bogotá  D.C.,1,2000,0,2,2.0,1,1,2021-03-01,0,1.0,2,1,1,3,1.6666666666666667,Estándar
WOSXK8CTRH,2021-01-13 11:01:00,2021-01-13 11:14:00,Servicios,Tecnología y software,Bogotá  D.C.,1,37694250,5650300,4,4.0,34,5,2021-05-01,19,6.8,0,5,5,5,5.0,Alto valor
WQ1SK6RO7Y,2021-03-10 16:52:00,2021-03-10 17:06:00,Comercio detallista,Materiales de construcción,Bogotá  D.C.,1,995000,0,2,2.0,3,1,2021-03-01,0,3.0,2,3,1,3,2.3333333333333335,Estándar
WQ2TX02EDB,2021-02-03 12:09:00,2021-02-03 12:21:00,Servicios,Otro,Bogotá  D.C.,1,1045500,241500,3,3.0,5,4,2021-05-01,1,1.25,0,3,2,5,3.3333333333333335,Estándar
WQ58I7RTXS,2021-03-08 13:41:00,2021-03-08 13:59:00,Servicios,Otro,Bogotá  D.C.,1,4145799,442925,2,2.0,12,3,2021-05-01,4,4.0,0,4,3,5,4.0,Estándar
WRSYOJMTO2,2021-03-17 10:35:00,2021-03-17 10:46:00,Comercio detallista,Ropa / Accesorios,Bogotá  D.C.,1,1354000,0,2,2.0,21,3,2021-05-01,4,7.0,0,3,4,5,4.0,Estándar
WS3AXI0HNR,2020-12-03 14:09:00,2021-03-17 12:14:00,Comercio detallista,Ropa / Accesorios,Bogotá  D.C.,1,62000,60000,5,2.0,2,2,2021-04-01,0,1.0,1,1,1,4,2.0,Nuevos o bajo desarrollo
WS44IC5L5J,2021-03-23 11:47:00,2021-03-23 11:56:00,Comercio detallista,Ropa / Accesorios,Bogotá  D.C.,1,1026000,364000,2,2.0,14,3,2021-05-01,5,4.666666666666667,0,3,3,5,3.6666666666666665,Estándar
WSKFFYGY0F,2021-02-17 17:18:00,2021-02-17 17:36:00,Servicios,Tecnología y software,Cali,1,1050,0,3,3.0,1,1,2021-02-01,0,1.0,3,1,1,2,1.3333333333333333,Baja actividad
WSX1412W3T,2021-02-05 14:52:00,2021-02-06 14:56:00,Belleza y cuidado personal,Masajista independiente,Bogotá  D.C.,1,1452000,0,3,3.0,5,3,2021-05-01,1,1.6666666666666667,0,3,2,5,3.3333333333333335,Estándar
WUMYI72SX8,2021-03-30 08:16:00,2021-03-30 16:43:00,Comercio detallista,Artesanías,Bogotá  D.C.,1,512750,90000,2,2.0,8,3,2021-05-01,6,2.6666666666666665,0,2,3,5,3.3333333333333335,Estándar
WUWJ8G8FB4,2021-03-26 14:04:00,2021-03-26 14:15:00,Comercio detallista,Muebles / Decoración,Bogotá  D.C.,1,1494000,202000,2,2.0,4,3,2021-05-01,1,1.3333333333333333,0,3,2,5,3.3333333333333335,Estándar
WUXF2SNXAK,2021-03-20 12:57:00,2021-03-20 13:11:00,Servicios,Tecnología y software,Girardot,1,469000,0,2,2.0,4,3,2021-05-01,1,1.3333333333333333,0,2,2,5,3.0,Nuevos o bajo desarrollo
WUYO9PGW2L,2020-12-16 11:20:00,2020-12-16 11:30:00,Belleza y cuidado personal,Spa,Bogotá  D.C.,2,58092000,32650000,5,5.0,20,5,2021-04-01,0,4.0,1,5,4,4,4.333333333333333,Alto valor
WV1CQR0F0Y,2021-03-09 09:42:00,2021-03-09 09:53:00,Belleza y cuidado personal,Otro,Bogotá  D.C.,1,2000,0,2,2.0,4,2,2021-05-01,2,2.0,0,1,2,5,2.6666666666666665,Nuevos o bajo desarrollo
WWV375V6RC,2021-02-04 08:50:00,2021-02-04 09:08:00,Comercio detallista,Venta de bicicletas y accesorios,Bogotá  D.C.,1,1923910,17850,3,3.0,28,4,2021-05-01,10,7.0,0,3,4,5,4.0,Estándar
WWYEGFAE51,2020-12-28 16:55:00,2020-12-28 17:07:00,Comercio detallista,Materiales de construcción,Soacha,1,8241000,0,5,5.0,8,3,2021-02-01,0,2.6666666666666665,3,5,3,2,3.3333333333333335,En riesgo
WXTQU11NM1,2021-03-09 15:08:00,2021-03-09 15:28:00,Comercio detallista,Tecnología,Bogotá  D.C.,1,633000,121000,2,2.0,4,2,2021-04-01,0,2.0,1,2,2,4,2.6666666666666665,Nuevos o bajo desarrollo
WZ0PCBEGBY,2020-07-27 17:54:00,2021-01-15 12:10:00,Alimentos y bebidas,Abarrotes / Mercado,Bogotá  D.C.,1,171620,0,10,4.0,2,1,2021-01-01,0,2.0,4,2,1,1,1.3333333333333333,Baja actividad
X02B6HL9XA,2021-03-08 14:44:00,2021-03-08 14:53:00,Comercio detallista,Otro,Bogotá  D.C.,1,4000,0,2,2.0,2,1,2021-03-01,0,2.0,2,1,1,3,1.6666666666666667,Estándar
X076OCUS19,2021-03-15 15:40:00,2021-03-15 15:53:00,Reparación y limpieza,Automotriz y autopartes,Bogotá  D.C.,1,2838000,830000,2,2.0,9,3,2021-05-01,2,3.0,0,4,3,5,4.0,Estándar
X0GHRKT02J,2021-03-09 11:36:00,2021-03-09 11:47:00,Comercio detallista,Revendedor,Bogotá  D.C.,1,2427000,0,2,2.0,4,2,2021-05-01,2,2.0,0,3,2,5,3.3333333333333335,Estándar
X0HIIU076I,2021-03-16 12:57:00,2021-03-16 13:04:00,Comercio detallista,Óptica,Bogotá  D.C.,1,1652000,0,2,2.0,8,3,2021-05-01,2,2.6666666666666665,0,3,3,5,3.6666666666666665,Estándar
X0K7R7060K,2021-03-25 12:23:00,2021-03-25 12:40:00,Comercio detallista,Materiales de construcción,Bogotá  D.C.,1,1114000,0,2,2.0,23,3,2021-05-01,3,7.666666666666667,0,3,4,5,4.0,Estándar
X0PU576PHG,2021-02-10 13:54:00,2021-02-10 14:16:00,Comercio detallista,Óptica,Bogotá  D.C.,3,5206000,3910000,3,3.0,8,2,2021-05-01,3,4.0,0,4,3,5,4.0,Estándar
X0XOG4W7P3,2021-01-16 12:26:00,2021-03-22 18:41:00,Comercio detallista,Óptica,Bogotá  D.C.,1,2000,0,4,2.0,1,1,2021-03-01,0,1.0,2,1,1,3,1.6666666666666667,Estándar
X152OKBD4F,2021-02-09 14:58:00,2021-02-09 15:21:00,Comercio detallista,Tienda naturista,Cali,1,623280,0,3,3.0,4,3,2021-04-01,0,1.3333333333333333,1,2,2,4,2.6666666666666665,Nuevos o bajo desarrollo
X2ZZILXFSU,2021-03-12 17:30:00,2021-03-12 17:44:00,Servicios,Medicina / Odontología,Bogotá  D.C.,1,4000,0,2,2.0,3,2,2021-05-01,1,1.5,0,1,1,5,2.3333333333333335,Nuevos o bajo desarrollo
X3TBDWY9NP,2021-03-16 13:46:00,2021-03-16 15:01:00,Servicios,Medicina / Odontología,Bogotá  D.C.,1,6046550,1127000,2,2.0,14,3,2021-05-01,5,4.666666666666667,0,4,3,5,4.0,Estándar
X4ER4XD9VA,2021-02-04 14:17:00,2021-02-04 14:31:00,Comercio detallista,Joyería,Bogotá  D.C.,1,1820000,60000,3,3.0,14,4,2021-05-01,1,3.5,0,3,3,5,3.6666666666666665,Estándar
X4MG8POMLB,2021-02-04 16:31:00,2021-02-04 17:04:00,Servicios,Logística,Bogotá  D.C.,1,1361000,360000,3,3.0,8,3,2021-05-01,2,2.6666666666666665,0,3,3,5,3.6666666666666665,Estándar
X4VO3IBIKB,2021-03-15 14:38:00,2021-03-15 15:06:00,Reparación y limpieza,Automotriz y autopartes,Bogotá  D.C.,1,4109728,1595303,2,2.0,7,3,2021-05-01,2,2.3333333333333335,0,4,2,5,3.6666666666666665,Estándar
X5KFWMX97R,2021-02-03 22:38:00,2021-02-05 15:01:00,Comercio detallista,Otro,Bogotá  D.C.,1,5016750,276000,3,3.0,31,4,2021-05-01,13,7.75,0,4,5,5,4.666666666666667,Alto valor
X65ET5NBRG,2021-02-09 14:47:00,2021-02-09 15:08:00,Comercio detallista,Óptica,Bogotá  D.C.,1,29316100,1584100,3,3.0,101,4,2021-05-01,16,25.25,0,5,5,5,5.0,Alto valor
X6P7B2SH1L,2021-03-24 18:26:00,2021-03-24 18:39:00,Alimentos y bebidas,Otro,Bogotá  D.C.,1,87000,0,2,2.0,4,3,2021-05-01,1,1.3333333333333333,0,1,2,5,2.6666666666666665,Nuevos o bajo desarrollo
X790BQ1DUS,2021-03-19 10:20:00,2021-03-19 10:28:00,Servicios,Medicina / Odontología,Bogotá  D.C.,1,1158000,0,2,2.0,6,3,2021-05-01,2,2.0,0,3,2,5,3.3333333333333335,Estándar
X7DOMYF7N2,2021-03-03 16:21:00,2021-03-03 16:32:00,Alimentos y bebidas,Comida rápida,Bogotá  D.C.,1,3789300,266300,2,2.0,66,3,2021-05-01,24,22.0,0,4,5,5,4.666666666666667,Alto valor
X7VZ9OMPEJ,2021-02-09 11:33:00,2021-02-09 11:41:00,Comercio detallista,Libros / Papelería,Bogotá  D.C.,1,326950,0,3,3.0,10,2,2021-03-01,0,5.0,2,2,3,3,2.6666666666666665,Estándar
X83JD90GCN,2021-03-20 13:36:00,2021-03-20 13:58:00,Alimentos y bebidas,Restaurante / Café,Villa de San Diego de Ubate,1,519825,9900,2,2.0,12,3,2021-05-01,4,4.0,0,2,3,5,3.3333333333333335,Estándar
X84QZHLSON,2020-12-15 16:17:00,2020-12-15 16:32:00,Servicios,Medicina / Odontología,Bogotá  D.C.,1,13352000,2190000,5,5.0,23,6,2021-05-01,4,3.8333333333333335,0,5,4,5,4.666666666666667,Alto valor
X933HZHYMF,2021-03-08 11:27:00,2021-03-08 11:50:00,Comercio detallista,Ropa / Accesorios,Bogotá  D.C.,1,2316000,520000,2,2.0,13,3,2021-05-01,2,4.333333333333333,0,3,3,5,3.6666666666666665,Estándar
X983C7Y7SW,2021-03-09 16:49:00,2021-03-09 17:38:00,Servicios,Otro,Bogotá  D.C.,1,86000,0,2,2.0,3,3,2021-05-01,1,1.0,0,1,1,5,2.3333333333333335,Nuevos o bajo desarrollo
X9MLZ7ND19,2021-03-19 16:53:00,2021-03-19 16:59:00,Comercio detallista,Óptica,Bogotá  D.C.,1,2000,0,2,2.0,1,1,2021-03-01,0,1.0,2,1,1,3,1.6666666666666667,Estándar
XCUIPIB9NQ,2021-03-25 14:04:00,2021-03-25 14:13:00,Comercio detallista,Joyería,Bogotá  D.C.,1,906000,0,2,2.0,8,3,2021-05-01,1,2.6666666666666665,0,2,3,5,3.3333333333333335,Estándar
XD3W801OUP,2021-03-26 12:51:00,2021-03-26 12:59:00,Comercio detallista,Joyería,Bogotá  D.C.,1,2000,0,2,2.0,1,1,2021-03-01,0,1.0,2,1,1,3,1.6666666666666667,Estándar
XD7YZM5CDX,2021-03-12 14:11:00,2021-03-12 14:22:00,Comercio detallista,Óptica,Bogotá  D.C.,1,6179000,590000,2,2.0,15,3,2021-05-01,9,5.0,0,4,4,5,4.333333333333333,Alto valor
XDIGOGU97U,2021-03-16 16:34:00,2021-03-16 17:03:00,Servicios,Diseño / Fotografía,Bogotá  D.C.,1,4909000,440000,2,2.0,14,3,2021-05-01,3,4.666666666666667,0,4,3,5,4.0,Estándar
XDO8TLD4LU,2021-03-07 10:11:00,2021-03-07 10:26:00,Servicios,Otro,Bogotá  D.C.,1,3601000,0,2,2.0,15,3,2021-05-01,5,5.0,0,4,4,5,4.333333333333333,Alto valor
XDR26T4UDJ,2021-03-29 10:59:00,2021-03-29 11:18:00,Comercio detallista,Tecnología,Bogotá  D.C.,1,1727750,246000,2,2.0,16,3,2021-05-01,8,5.333333333333333,0,3,4,5,4.0,Estándar
XE2MFQI79W,2021-02-17 13:07:00,2021-02-17 13:17:00,Comercio detallista,Ropa / Accesorios,Bogotá  D.C.,1,65246000,9112000,3,3.0,304,4,2021-05-01,105,76.0,0,5,5,5,5.0,Alto valor
XEY61USO0B,2021-03-19 17:29:00,2021-03-19 17:43:00,Belleza y cuidado personal,Spa,Chía,1,991000,89000,2,2.0,8,2,2021-05-01,5,4.0,0,3,3,5,3.6666666666666665,Estándar
XFJ148MBN6,2021-03-06 13:27:00,2021-03-06 13:41:00,Alimentos y bebidas,Abarrotes / Mercado,Bogotá  D.C.,1,527000,0,2,2.0,3,2,2021-04-01,0,1.5,1,2,1,4,2.3333333333333335,Nuevos o bajo desarrollo
XFZCYU819H,2021-01-06 16:31:00,2021-01-07 17:29:00,Comercio detallista,Óptica,Bogotá  D.C.,3,104180900,8606000,4,4.0,237,5,2021-05-01,59,47.4,0,5,5,5,5.0,Alto valor
XG7JY5KYJG,2021-02-26 14:03:00,2021-02-26 14:17:00,Comercio detallista,Ropa / Accesorios,Bogotá  D.C.,1,807000,150000,3,3.0,11,4,2021-05-01,3,2.75,0,2,3,5,3.3333333333333335,Estándar
XG989QDHEQ,2020-12-14 16:32:00,2020-12-14 16:52:00,Servicios,Otro,Bogotá  D.C.,1,26035000,1142000,5,5.0,89,6,2021-05-01,29,14.833333333333334,0,5,5,5,5.0,Alto valor
XGAX4HLUS0,2021-03-08 19:04:00,2021-03-08 19:14:00,Comercio detallista,Tecnología,Bogotá  D.C.,1,4000,0,2,2.0,2,1,2021-03-01,0,2.0,2,1,1,3,1.6666666666666667,Estándar
XGL57FDPK1,2021-02-09 11:13:00,2021-02-09 11:29:00,Comercio detallista,Auto partes,Bogotá  D.C.,1,5037000,692000,3,3.0,15,4,2021-05-01,3,3.75,0,4,4,5,4.333333333333333,Alto valor
XGOPBBTBUJ,2021-03-10 17:46:00,2021-03-10 18:14:00,Servicios,Terapias,Bogotá  D.C.,1,90000,0,2,2.0,8,3,2021-05-01,5,2.6666666666666665,0,1,3,5,3.0,Estándar
XH5R8Q6ZCX,2021-02-22 12:32:00,2021-02-22 12:48:00,Comercio detallista,Auto partes,Bogotá  D.C.,1,12139000,5290000,3,3.0,16,4,2021-05-01,9,4.0,0,5,4,5,4.666666666666667,Alto valor
XHO1A3III1,2021-03-12 15:33:00,2021-03-12 15:44:00,Comercio detallista,Tecnología,Bogotá  D.C.,1,7095000,700000,2,2.0,8,3,2021-05-01,4,2.6666666666666665,0,5,3,5,4.333333333333333,Estándar
XHRFI658TC,2021-03-12 14:14:00,2021-03-12 14:24:00,Comercio detallista,Electrodomésticos,Bogotá  D.C.,1,7190000,1515000,2,2.0,24,3,2021-05-01,9,8.0,0,5,4,5,4.666666666666667,Alto valor
XHRNJVQ6B3,2021-03-15 13:02:00,2021-03-24 17:33:00,Comercio detallista,Otro,Madrid,1,2000,0,2,2.0,1,1,2021-03-01,0,1.0,2,1,1,3,1.6666666666666667,Estándar
XHYM002YL6,2021-03-10 16:50:00,2021-03-10 17:36:00,Comercio detallista,Materiales de construcción,Bogotá  D.C.,1,10967550,900950,2,2.0,13,3,2021-05-01,5,4.333333333333333,0,5,3,5,4.333333333333333,Estándar
XI1ZIUOLTT,2021-03-29 11:38:00,2021-03-29 11:47:00,Alimentos y bebidas,Licores,Madrid,1,2401000,0,2,2.0,5,2,2021-04-01,0,2.5,1,3,2,4,3.0,Estándar
XI2I2FCNMO,2020-12-23 13:41:00,2020-12-23 13:53:00,Servicios,Tecnología y software,Bogotá  D.C.,1,2202000,0,5,5.0,2,2,2021-04-01,0,1.0,1,3,1,4,2.6666666666666665,Estándar
XIE0N1MHUZ,2021-01-29 16:48:00,2021-01-29 17:02:00,Comercio detallista,Ropa / Accesorios,Bogotá  D.C.,1,1788500,352000,4,4.0,25,5,2021-05-01,6,5.0,0,3,4,5,4.0,Estándar
XIERUES1R5,2021-03-30 13:22:00,2021-03-30 13:40:00,Servicios,Otro,La Dorada,1,4000,0,2,2.0,2,2,2021-04-01,0,1.0,1,1,1,4,2.0,Nuevos o bajo desarrollo
XIF2UTUKLG,2021-03-17 11:44:00,2021-03-17 12:17:00,Comercio detallista,Ropa / Accesorios,Bogotá  D.C.,1,49000,37000,2,2.0,3,2,2021-05-01,2,1.5,0,1,1,5,2.3333333333333335,Nuevos o bajo desarrollo
XIGJ0FF71E,2021-03-11 10:26:00,2021-03-11 10:45:00,Alimentos y bebidas,Abarrotes / Mercado,Bogotá  D.C.,1,438900,0,2,2.0,5,3,2021-05-01,2,1.6666666666666667,0,2,2,5,3.0,Nuevos o bajo desarrollo
XJ84C2SM6J,2021-01-04 14:53:00,2021-01-04 15:12:00,Servicios,Veterinaria,Bogotá  D.C.,1,29828000,3134000,4,4.0,210,5,2021-05-01,38,42.0,0,5,5,5,5.0,Alto valor
XJEJMT0S1B,2021-03-12 11:07:00,2021-03-12 11:29:00,Comercio detallista,Muebles / Decoración,Bogotá  D.C.,1,549000,0,2,2.0,7,3,2021-05-01,2,2.3333333333333335,0,2,2,5,3.0,Nuevos o bajo desarrollo
XJRKTSXNGU,2021-03-23 18:20:00,2021-04-27 18:20:00,Belleza y cuidado personal,Spa,Bogotá  D.C.,1,46800,0,2,1.0,2,2,2021-04-01,0,1.0,1,1,1,4,2.0,Nuevos o bajo desarrollo
XKD68BJHRE,2021-03-18 15:46:00,2021-03-18 16:13:00,Comercio detallista,Óptica,Bogotá  D.C.,1,447500,0,2,2.0,4,2,2021-04-01,0,2.0,1,2,2,4,2.6666666666666665,Nuevos o bajo desarrollo
XKHF0C9R0V,2021-03-09 13:37:00,2021-03-09 13:57:00,Alimentos y bebidas,Restaurante / Café,Bogotá  D.C.,1,164000,0,2,2.0,3,1,2021-03-01,0,3.0,2,1,1,3,1.6666666666666667,Estándar
XKJWMNEW3M,2021-02-25 16:57:00,2021-02-25 17:11:00,Reparación y limpieza,Automotriz y autopartes,Bogotá  D.C.,1,1656200,712000,3,3.0,10,4,2021-05-01,3,2.5,0,3,3,5,3.6666666666666665,Estándar
XKNXRCPUL1,2021-03-31 15:01:00,2021-03-31 15:15:00,Comercio detallista,Auto partes,Bogotá  D.C.,1,102000,0,2,2.0,3,2,2021-04-01,0,1.5,1,1,1,4,2.0,Nuevos o bajo desarrollo
XKRVSLV9VM,2021-02-01 11:11:00,2021-02-01 11:26:00,Belleza y cuidado personal,Distribuidora,Soacha,1,30484950,2622600,3,3.0,345,4,2021-05-01,114,86.25,0,5,5,5,5.0,Alto valor
XL2PB5OTZF,2021-02-16 13:36:00,2021-02-16 13:48:00,Comercio detallista,Óptica,Bogotá  D.C.,1,812000,0,3,3.0,4,3,2021-04-01,0,1.3333333333333333,1,2,2,4,2.6666666666666665,Nuevos o bajo desarrollo
XM1T9K61ON,2021-03-13 13:22:00,2021-03-13 13:36:00,Reparación y limpieza,Automotriz y autopartes,Bogotá  D.C.,1,2000,0,2,2.0,2,1,2021-03-01,0,2.0,2,1,1,3,1.6666666666666667,Estándar
XM4YV1COCM,2021-03-24 17:37:00,2021-04-23 17:00:00,Servicios,Medicina / Odontología,Jamundí,1,88000,0,2,1.0,3,3,2021-05-01,1,1.0,0,1,1,5,2.3333333333333335,Nuevos o bajo desarrollo
XMDDBYTI94,2020-12-22 17:26:00,2020-12-23 12:50:00,Alimentos y bebidas,Otro,Bogotá  D.C.,1,2922500,140000,5,5.0,123,6,2021-05-01,29,20.5,0,4,5,5,4.666666666666667,Alto valor
XN6SK8FETQ,2021-01-13 16:02:00,2021-01-13 16:12:00,Comercio detallista,Óptica,Bogotá  D.C.,1,6142000,0,4,4.0,16,4,2021-05-01,3,4.0,0,4,4,5,4.333333333333333,Alto valor
XNBLHAIE5Y,2021-02-18 11:19:00,2021-02-18 11:30:00,Comercio detallista,Otro,El Colegio,1,217390,0,3,3.0,6,3,2021-05-01,1,2.0,0,2,2,5,3.0,Nuevos o bajo desarrollo
XNWO6TTKM5,2021-03-17 23:39:00,2021-03-18 17:41:00,Reparación y limpieza,Otro,Bogotá  D.C.,1,661600,22300,2,2.0,18,3,2021-05-01,6,6.0,0,2,4,5,3.6666666666666665,Estándar
XO08VUIPQP,2021-03-08 15:54:00,2021-03-08 16:05:00,Servicios,Veterinaria,Bogotá  D.C.,1,894500,0,2,2.0,4,2,2021-05-01,2,2.0,0,2,2,5,3.0,Nuevos o bajo desarrollo
XO08YUOXY8,2021-03-15 16:59:00,2021-03-15 20:02:00,Reparación y limpieza,Automotriz y autopartes,Bogotá  D.C.,1,5000,0,2,2.0,1,1,2021-03-01,0,1.0,2,1,1,3,1.6666666666666667,Estándar
XO2S596B1G,2021-03-25 12:01:00,2021-03-25 12:12:00,Comercio detallista,Óptica,Bogotá  D.C.,1,2037000,1295000,2,2.0,2,2,2021-04-01,0,1.0,1,3,1,4,2.6666666666666665,Estándar
XOSHVO3GIS,2021-03-02 14:14:00,2021-03-02 14:28:00,Servicios,Otro,Bogotá  D.C.,1,1487760,0,2,2.0,7,2,2021-05-01,1,3.5,0,3,2,5,3.3333333333333335,Estándar
XOSQFY82AG,2021-03-24 15:31:00,2021-03-24 16:00:00,Comercio detallista,Materiales de construcción,Soacha,1,4461100,0,2,2.0,7,3,2021-05-01,2,2.3333333333333335,0,4,2,5,3.6666666666666665,Estándar
XPN2PSS920,2021-02-15 12:18:00,2021-02-16 15:47:00,Comercio detallista,Ropa / Accesorios,Bogotá  D.C.,1,6130000,953000,3,3.0,79,4,2021-05-01,40,19.75,0,4,5,5,4.666666666666667,Alto valor
XPX9KCG1YK,2021-03-23 18:12:00,2021-03-23 18:30:00,Comercio detallista,Venta de bicicletas y accesorios,Cota,1,1775300,367000,2,2.0,16,3,2021-05-01,10,5.333333333333333,0,3,4,5,4.0,Estándar
XPXMKFNZ2T,2021-02-09 14:54:00,2021-02-09 15:26:00,Servicios,Medicina / Odontología,Bogotá  D.C.,1,15625680,0,3,3.0,12,4,2021-05-01,3,3.0,0,5,3,5,4.333333333333333,Estándar
XPXOA31SMQ,2021-03-12 14:35:00,2021-03-12 14:47:00,Comercio detallista,Tecnología,Bogotá  D.C.,1,3866000,1535000,2,2.0,6,3,2021-05-01,1,2.0,0,4,2,5,3.6666666666666665,Estándar
XQTZMSYW4I,2021-03-06 10:43:00,2021-03-06 11:03:00,Comercio detallista,Otro,Bogotá  D.C.,1,3132840,570000,2,2.0,9,3,2021-05-01,5,3.0,0,4,3,5,4.0,Estándar
XQUXSSSXWD,2021-02-25 13:53:00,2021-02-25 14:04:00,Comercio detallista,Ropa / Accesorios,Bogotá  D.C.,1,7178000,2385000,3,3.0,52,4,2021-05-01,20,13.0,0,5,5,5,5.0,Alto valor
XR2VR0FUL7,2020-12-18 13:31:00,2020-12-18 13:52:00,Comercio detallista,Óptica,Bogotá  D.C.,1,18712000,2480000,5,5.0,54,6,2021-05-01,8,9.0,0,5,5,5,5.0,Alto valor
XS1FWOU305,2021-03-09 14:06:00,2021-03-09 14:20:00,Servicios,Carpintería,Bogotá  D.C.,1,4000,0,2,2.0,2,2,2021-04-01,0,1.0,1,1,1,4,2.0,Nuevos o bajo desarrollo
XS3T7BMZCX,2021-03-29 17:29:00,2021-03-29 17:40:00,Comercio detallista,Óptica,Bogotá  D.C.,1,8122400,2909700,2,2.0,14,3,2021-05-01,12,4.666666666666667,0,5,3,5,4.333333333333333,Estándar
XS9U4ZQQNF,2021-03-06 10:51:00,2021-03-06 19:46:00,Servicios,Tecnología y software,Bogotá  D.C.,1,757000,189000,2,2.0,6,3,2021-05-01,1,2.0,0,2,2,5,3.0,Nuevos o bajo desarrollo
XSO21FZGJ5,2021-02-15 11:20:00,2021-02-15 11:31:00,Belleza y cuidado personal,Centro de tatuajes,Bogotá  D.C.,1,1671000,0,3,3.0,6,4,2021-05-01,1,1.5,0,3,2,5,3.3333333333333335,Estándar
XSWS4LIURY,2021-03-09 16:08:00,2021-03-09 16:36:00,Comercio detallista,Ropa / Accesorios,Bogotá  D.C.,1,6078000,126000,2,2.0,9,3,2021-05-01,2,3.0,0,4,3,5,4.0,Estándar
XTDJXBFIRF,2021-01-25 16:07:00,2021-01-25 16:19:00,Comercio detallista,Insumos,Bogotá  D.C.,1,137260,0,4,4.0,8,5,2021-05-01,2,1.6,0,1,3,5,3.0,Estándar
XTO4EB36AV,2021-03-02 16:40:00,,Turismo y entretenimiento,Gimnasio,Bogotá  D.C.,1,0,0,2,,4,2,2021-05-01,1,2.0,0,1,2,5,2.6666666666666665,Nuevos o bajo desarrollo
XU0IUP9KKQ,2021-02-17 13:35:00,2021-02-17 13:51:00,Comercio detallista,Ropa / Accesorios,Bogotá  D.C.,1,2110000,0,3,3.0,28,2,2021-03-01,0,14.0,2,3,4,3,3.3333333333333335,Estándar
XU5ZWOY484,2021-03-04 17:32:00,2021-03-04 17:42:00,Comercio detallista,Elementos de seguridad,Bogotá  D.C.,1,2000,0,2,2.0,1,1,2021-03-01,0,1.0,2,1,1,3,1.6666666666666667,Estándar
XUTMKNYV8Z,2021-03-09 12:51:00,2021-03-09 13:01:00,Servicios,Logística,Bogotá  D.C.,1,2000,0,2,2.0,1,1,2021-03-01,0,1.0,2,1,1,3,1.6666666666666667,Estándar
XUY0R8C6CL,2021-03-26 11:39:00,2021-03-26 11:49:00,Comercio detallista,Insumos,Bogotá  D.C.,1,2025580,250200,2,2.0,20,3,2021-05-01,7,6.666666666666667,0,3,4,5,4.0,Estándar
XV0V0F0ZAN,2021-03-12 14:50:00,2021-03-12 15:21:00,Alimentos y bebidas,Comida rápida,Bogotá  D.C.,1,373000,0,2,2.0,4,2,2021-05-01,3,2.0,0,2,2,5,3.0,Nuevos o bajo desarrollo
XV11L5MDCX,2021-03-26 12:32:00,2021-03-26 12:48:00,Alimentos y bebidas,Abarrotes / Mercado,Bogotá  D.C.,1,202000,200000,2,2.0,1,1,2021-03-01,0,1.0,2,2,1,3,2.0,Estándar
XVB7GIBP4H,2021-02-17 15:50:00,2021-02-17 15:59:00,Servicios,Veterinaria,Bogotá  D.C.,1,4433600,900000,3,3.0,47,4,2021-05-01,20,11.75,0,4,5,5,4.666666666666667,Alto valor
XW286YKUO1,2021-02-09 17:37:00,2021-02-09 17:52:00,Comercio detallista,Tecnología,Cali,1,127050,0,3,3.0,2,1,2021-02-01,0,2.0,3,1,1,2,1.3333333333333333,Baja actividad
XWTP7DEZ5C,2021-02-22 12:47:00,2021-02-22 12:58:00,Comercio detallista,Elementos de seguridad,Bogotá  D.C.,1,8701300,1074500,3,3.0,32,4,2021-05-01,11,8.0,0,5,5,5,5.0,Alto valor
XXEQIFGOTK,2021-02-08 13:59:00,2021-02-08 14:06:00,Servicios,Otro,Bogotá  D.C.,1,1306000,60000,3,3.0,11,4,2021-05-01,3,2.75,0,3,3,5,3.6666666666666665,Estándar
XXHDT3K0BH,2020-12-29 16:10:00,2020-12-29 16:21:00,Comercio detallista,Óptica,Bogotá  D.C.,1,18601000,2445000,5,5.0,74,6,2021-05-01,10,12.333333333333334,0,5,5,5,5.0,Alto valor
XXT5K6PV0X,2020-12-07 14:37:00,2020-12-07 14:51:00,Servicios,Otro,Bogotá  D.C.,1,28848900,2891600,5,5.0,740,6,2021-05-01,149,123.33333333333333,0,5,5,5,5.0,Alto valor
XXZPCJQ1FK,2021-02-11 15:56:00,2021-02-11 16:05:00,Turismo y entretenimiento,Turismo,Bogotá  D.C.,1,27539620,0,3,3.0,24,3,2021-05-01,6,8.0,0,5,4,5,4.666666666666667,Alto valor
XYDUZL5JA6,2021-03-05 08:25:00,2021-03-05 08:45:00,Transporte,Servicio especial,Bogotá  D.C.,1,13000,2000,2,2.0,3,1,2021-03-01,0,3.0,2,1,1,3,1.6666666666666667,Estándar
XYJCNMO7IK,2021-03-02 18:13:00,2021-03-02 18:29:00,Comercio detallista,Artesanías,Bogotá  D.C.,1,52000,0,2,2.0,2,1,2021-03-01,0,2.0,2,1,1,3,1.6666666666666667,Estándar
XZNO0JPN8I,2021-02-10 13:16:00,2021-02-10 13:22:00,Comercio detallista,Óptica,Bogotá  D.C.,1,2000,0,3,3.0,1,1,2021-02-01,0,1.0,3,1,1,2,1.3333333333333333,Baja actividad
Y0B19CCIO3,2021-03-10 13:17:00,2021-03-10 13:40:00,Comercio detallista,Ropa / Accesorios,Bogotá  D.C.,1,1522000,260000,2,2.0,16,3,2021-05-01,7,5.333333333333333,0,3,4,5,4.0,Estándar
Y0S8ICZCMH,2021-03-10 12:53:00,2021-03-10 13:04:00,Comercio detallista,Tienda de deportes,Bogotá  D.C.,1,4087800,199000,2,2.0,46,3,2021-05-01,22,15.333333333333334,0,4,5,5,4.666666666666667,Alto valor
Y16TUWHTS0,2021-01-21 18:56:00,2021-01-21 19:07:00,Belleza y cuidado personal,Distribuidora,Bogotá  D.C.,1,893100,128900,4,4.0,22,5,2021-05-01,5,4.4,0,2,4,5,3.6666666666666665,Estándar
Y1TPGZCN33,2021-03-15 13:00:00,2021-03-15 13:09:00,Servicios,Tecnología y software,Bogotá  D.C.,1,261000,0,2,2.0,3,2,2021-05-01,1,1.5,0,2,1,5,2.6666666666666665,Nuevos o bajo desarrollo
Y2S9P5S3TO,2021-01-25 14:49:00,2021-01-25 15:02:00,Comercio detallista,Muebles / Decoración,Bogotá  D.C.,1,13571100,1513600,4,4.0,23,5,2021-05-01,8,4.6,0,5,4,5,4.666666666666667,Alto valor
Y2U8MDM147,2021-02-20 12:14:00,2021-02-20 12:42:00,Transporte,Otro,Cali,1,151000,0,3,3.0,2,2,2021-03-01,0,1.0,2,1,1,3,1.6666666666666667,Estándar
Y3CHZKAXFE,2021-03-01 15:37:00,2021-03-01 15:48:00,Comercio detallista,Óptica,Bogotá  D.C.,1,5152000,250000,2,2.0,19,3,2021-05-01,4,6.333333333333333,0,4,4,5,4.333333333333333,Alto valor
Y3CW1ZFJLG,2021-03-30 12:13:00,2021-04-01 11:57:00,Belleza y cuidado personal,Salón de belleza,Bogotá  D.C.,1,397150,0,2,1.0,5,2,2021-05-01,1,2.5,0,2,2,5,3.0,Nuevos o bajo desarrollo
Y434HNQZGK,2021-03-03 13:16:00,2021-03-03 13:34:00,Comercio detallista,Elementos de seguridad,Bogotá  D.C.,1,827000,597000,2,2.0,5,3,2021-05-01,1,1.6666666666666667,0,2,2,5,3.0,Nuevos o bajo desarrollo
Y4KYU2TNXW,2021-03-02 09:49:00,2021-03-02 10:03:00,Comercio detallista,Farmacia,Bogotá  D.C.,1,2141900,539700,2,2.0,32,3,2021-05-01,11,10.666666666666666,0,3,5,5,4.333333333333333,Estándar
Y4NQNW0AC0,2021-02-25 18:19:00,2021-02-25 18:31:00,Belleza y cuidado personal,Otro,Bogotá  D.C.,1,4000,0,3,3.0,2,2,2021-03-01,0,1.0,2,1,1,3,1.6666666666666667,Estándar
Y5HHK9BKIS,2021-03-30 14:53:00,2021-03-30 15:01:00,Comercio detallista,Ropa / Accesorios,Bogotá  D.C.,1,2934000,1181000,2,2.0,19,3,2021-05-01,12,6.333333333333333,0,4,4,5,4.333333333333333,Alto valor
Y6PLVL4W9T,2021-02-10 08:47:00,2021-02-10 09:04:00,Comercio detallista,Muebles / Decoración,Bogotá  D.C.,1,1003000,0,3,3.0,3,2,2021-03-01,0,1.5,2,3,1,3,2.3333333333333335,Estándar
Y7GBTUU13Z,2021-03-16 15:07:00,2021-03-16 15:21:00,Servicios,Otro,Bogotá  D.C.,1,2000,0,2,2.0,1,1,2021-03-01,0,1.0,2,1,1,3,1.6666666666666667,Estándar
Y8FNUXBY06,2021-03-26 15:54:00,2021-03-26 16:04:00,Servicios,Medicina / Odontología,Bogotá  D.C.,1,6669900,1252000,2,2.0,18,3,2021-05-01,10,6.0,0,5,4,5,4.666666666666667,Alto valor
Y9CBMOM7E4,2021-03-29 15:46:00,2021-03-29 18:27:00,Comercio detallista,Otro,Bogotá  D.C.,1,96000,0,2,2.0,5,2,2021-05-01,3,2.5,0,1,2,5,2.6666666666666665,Nuevos o bajo desarrollo
Y9PW1RP11T,2021-02-23 10:33:00,2021-02-23 11:10:00,Comercio detallista,Materiales de construcción,Bogotá  D.C.,1,22516050,3757100,3,3.0,47,4,2021-05-01,19,11.75,0,5,5,5,5.0,Alto valor
Y9PYKJMSKL,2021-03-16 11:12:00,2021-03-16 11:22:00,Alimentos y bebidas,Restaurante / Café,El Rosal,1,1648400,74000,2,2.0,39,3,2021-05-01,13,13.0,0,3,5,5,4.333333333333333,Estándar
Y9UY89MHFL,2021-02-18 11:46:00,2021-02-18 11:58:00,Reparación y limpieza,Reparaciones locativas,Soacha,1,2912000,240000,3,3.0,3,3,2021-05-01,1,1.0,0,4,1,5,3.3333333333333335,Estándar
Y9ZY47K65Q,2021-03-23 17:06:00,2021-03-23 17:22:00,Alimentos y bebidas,Otro,Bogotá  D.C.,1,524100,125600,2,2.0,21,3,2021-05-01,10,7.0,0,2,4,5,3.6666666666666665,Estándar
YBX7WUYL08,2021-03-27 17:08:00,2021-03-27 17:20:00,Comercio detallista,Auto partes,Bogotá  D.C.,1,888000,0,2,2.0,6,3,2021-05-01,3,2.0,0,2,2,5,3.0,Nuevos o bajo desarrollo
YBXQCJO25P,2021-02-14 15:10:00,2021-02-14 15:42:00,Comercio detallista,Ropa / Accesorios,Bogotá  D.C.,1,2000,0,3,3.0,1,1,2021-02-01,0,1.0,3,1,1,2,1.3333333333333333,Baja actividad
YD9B6YOR9J,2021-02-27 15:53:00,2021-02-27 16:04:00,Servicios,Veterinaria,Chía,1,2000,0,3,3.0,1,1,2021-02-01,0,1.0,3,1,1,2,1.3333333333333333,Baja actividad
YDR926Y273,2021-01-04 16:45:00,2021-01-04 17:00:00,Comercio detallista,Óptica,Bogotá  D.C.,2,10100590,1765400,4,4.0,35,5,2021-05-01,8,7.0,0,5,5,5,5.0,Alto valor
YDWA46YVP5,2021-03-08 13:46:00,2021-03-08 14:46:00,Servicios,Otro,Bogotá  D.C.,1,471900,21000,2,2.0,9,3,2021-05-01,4,3.0,0,2,3,5,3.3333333333333335,Estándar
YE3A0IFGJO,2021-03-11 19:26:00,2021-03-11 19:38:00,Belleza y cuidado personal,Salón de belleza,Bogotá  D.C.,1,1527500,385000,2,2.0,18,3,2021-05-01,7,6.0,0,3,4,5,4.0,Estándar
YE8VJSFBRA,2021-03-26 17:32:00,2021-03-26 18:10:00,Belleza y cuidado personal,Distribuidora,Bogotá  D.C.,1,1784996,211796,2,2.0,13,3,2021-05-01,2,4.333333333333333,0,3,3,5,3.6666666666666665,Estándar
YEAETSODU7,2021-01-25 17:11:00,2021-01-25 17:26:00,Comercio detallista,Materiales de construcción,Soacha,1,7282950,93000,4,4.0,17,5,2021-05-01,2,3.4,0,5,4,5,4.666666666666667,Alto valor
YES4YJY4DM,2021-01-27 13:38:00,2021-01-27 17:05:00,Servicios,Otro,Bogotá  D.C.,1,2000,0,4,4.0,1,1,2021-01-01,0,1.0,4,1,1,1,1.0,Baja actividad
YFM846S4FY,2021-03-12 12:13:00,2021-03-12 12:21:00,Comercio detallista,Maquinaria,Bogotá  D.C.,1,2124000,0,2,2.0,5,3,2021-05-01,2,1.6666666666666667,0,3,2,5,3.3333333333333335,Estándar
YFRIC383O0,2021-03-16 13:44:00,2021-03-16 13:52:00,Comercio detallista,Óptica,Bogotá  D.C.,1,402000,0,2,2.0,3,2,2021-05-01,1,1.5,0,2,1,5,2.6666666666666665,Nuevos o bajo desarrollo
YGUS318FTV,2021-01-28 14:21:00,2021-01-28 14:34:00,Reparación y limpieza,Automotriz y autopartes,Soacha,1,10991418,646800,4,4.0,78,5,2021-05-01,26,15.6,0,5,5,5,5.0,Alto valor
YH15L57MZT,2021-01-27 14:26:00,2021-01-27 17:05:00,Comercio detallista,Óptica,Bogotá  D.C.,1,6124500,450000,4,4.0,23,4,2021-05-01,8,5.75,0,4,4,5,4.333333333333333,Alto valor
YHX81Y07KA,2021-03-25 12:05:00,2021-03-25 12:21:00,Comercio detallista,Artesanías,Bogotá  D.C.,1,142000,0,2,2.0,2,1,2021-03-01,0,2.0,2,1,1,3,1.6666666666666667,Estándar
YI01TV7PPM,2021-02-19 17:54:00,2021-02-19 18:09:00,Comercio detallista,Otro,Bogotá  D.C.,1,12005600,2431250,3,3.0,101,4,2021-05-01,30,25.25,0,5,5,5,5.0,Alto valor
YJMN8TXK40,2021-03-24 12:19:00,2021-03-24 12:30:00,Comercio detallista,Elementos del hogar,Bogotá  D.C.,1,4373030,1426900,2,2.0,47,3,2021-05-01,23,15.666666666666666,0,4,5,5,4.666666666666667,Alto valor
YJNZTJMRA7,2021-03-04 18:41:00,2021-03-04 18:55:00,Alimentos y bebidas,Comida rápida,Bogotá  D.C.,1,10952260,2583900,2,2.0,207,3,2021-05-01,91,69.0,0,5,5,5,5.0,Alto valor
YJUQRBWWIP,2021-02-17 11:30:00,2021-02-17 11:38:00,Servicios,Otro,Bogotá  D.C.,1,2112000,130000,3,3.0,5,4,2021-05-01,1,1.25,0,3,2,5,3.3333333333333335,Estándar
YKBUAR07QT,2021-03-06 12:15:00,2021-03-06 12:22:00,Alimentos y bebidas,Otro,Bogotá  D.C.,1,1000,0,2,2.0,1,1,2021-03-01,0,1.0,2,1,1,3,1.6666666666666667,Estándar
YKSLBASSHW,2021-03-15 08:14:00,2021-03-15 08:30:00,Servicios,Otro,Bogotá  D.C.,1,5684600,0,2,2.0,19,3,2021-05-01,4,6.333333333333333,0,4,4,5,4.333333333333333,Alto valor
YKYJR0JU36,2021-02-11 16:39:00,2021-02-11 16:54:00,Comercio detallista,Muebles / Decoración,Bogotá  D.C.,2,13615000,1364000,3,3.0,14,4,2021-05-01,4,3.5,0,5,3,5,4.333333333333333,Estándar
YLP1XWQESO,2021-02-12 15:00:00,2021-02-19 17:01:00,Comercio detallista,Ropa / Accesorios,Bogotá  D.C.,1,1983750,260000,3,3.0,15,4,2021-05-01,5,3.75,0,3,4,5,4.0,Estándar
YLS8S3KN0P,2021-03-30 19:09:00,2021-03-30 19:27:00,Comercio detallista,Ropa / Accesorios,Bogotá  D.C.,1,1451000,484000,2,2.0,11,3,2021-05-01,7,3.6666666666666665,0,3,3,5,3.6666666666666665,Estándar
YLTFOMBYAK,2021-03-16 16:21:00,2021-03-16 16:32:00,Turismo y entretenimiento,Eventos / Festivales,Bogotá  D.C.,1,415500,0,2,2.0,4,2,2021-04-01,0,2.0,1,2,2,4,2.6666666666666665,Nuevos o bajo desarrollo
YM6W6QQVHS,2021-03-31 12:37:00,2021-03-31 12:52:00,Reparación y limpieza,Automotriz y autopartes,Bogotá  D.C.,1,3427900,1011000,2,2.0,21,3,2021-05-01,12,7.0,0,4,4,5,4.333333333333333,Alto valor
YMU4BW5OCM,2020-12-05 13:50:00,2020-12-05 14:10:00,Belleza y cuidado personal,Distribuidora,Bogotá  D.C.,1,1362000,0,5,5.0,2,1,2020-12-01,0,2.0,5,3,1,1,1.6666666666666667,Estándar
YMWELUZ8PE,2021-02-08 18:46:00,2021-02-08 18:58:00,Reparación y limpieza,Automotriz y autopartes,Bogotá  D.C.,1,5320000,407000,3,3.0,35,4,2021-05-01,5,8.75,0,4,5,5,4.666666666666667,Alto valor
YMZLF01LV4,2021-02-12 14:30:00,2021-02-12 14:42:00,Comercio detallista,Óptica,Fusagasugá,1,6203661,483051,3,3.0,16,4,2021-05-01,1,4.0,0,5,4,5,4.666666666666667,Alto valor
YNYJXFGSUK,2021-03-03 16:06:00,2021-03-03 16:18:00,Comercio detallista,Elementos del hogar,Choachí,1,1401000,0,2,2.0,3,2,2021-04-01,0,1.5,1,3,1,4,2.6666666666666665,Estándar
YOGANG8AZK,2020-12-23 11:48:00,2020-12-23 12:02:00,Servicios,Medicina / Odontología,Bogotá  D.C.,1,92000,0,5,5.0,3,2,2021-03-01,0,1.5,2,1,1,3,1.6666666666666667,Estándar
YP0SBWM6UT,2021-03-08 10:48:00,2021-03-08 11:00:00,Belleza y cuidado personal,Salón de belleza,Bogotá  D.C.,1,4444000,686000,2,2.0,34,3,2021-05-01,13,11.333333333333334,0,4,5,5,4.666666666666667,Alto valor
YPPZ7CA57E,2021-03-16 16:47:00,2021-03-16 17:09:00,Comercio detallista,Insumos,Bogotá  D.C.,1,850880,0,2,2.0,5,1,2021-03-01,0,5.0,2,2,2,3,2.3333333333333335,Estándar
YQ53G88C8H,2021-03-16 14:51:00,2021-03-16 15:01:00,Servicios,Medicina / Odontología,Bogotá  D.C.,1,754000,0,2,2.0,8,3,2021-05-01,1,2.6666666666666665,0,2,3,5,3.3333333333333335,Estándar
YQ83PYATKC,2021-03-11 17:15:00,2021-03-11 17:23:00,Servicios,Otro,Bogotá  D.C.,1,1362000,0,2,2.0,12,3,2021-05-01,5,4.0,0,3,3,5,3.6666666666666665,Estándar
YQYH2BDJSV,2021-03-24 18:05:00,2021-03-24 18:23:00,Comercio detallista,Muebles / Decoración,Bogotá  D.C.,1,8835500,1820000,2,2.0,12,3,2021-05-01,7,4.0,0,5,3,5,4.333333333333333,Estándar
YR5Q7DYUB1,2021-03-03 13:41:00,2021-03-03 13:55:00,Alimentos y bebidas,Licores,Bogotá  D.C.,1,2597950,475700,2,2.0,66,3,2021-05-01,30,22.0,0,4,5,5,4.666666666666667,Alto valor
YR69S1N2Z9,2021-02-09 11:46:00,2021-02-09 11:55:00,Comercio detallista,Auto partes,Bogotá  D.C.,1,5766000,1408000,3,3.0,54,4,2021-05-01,7,13.5,0,4,5,5,4.666666666666667,Alto valor
YRHS1QPDC1,2021-03-18 11:41:00,2021-03-18 11:58:00,Comercio detallista,Otro,Bogotá  D.C.,1,316750,45450,2,2.0,5,2,2021-04-01,0,2.5,1,2,2,4,2.6666666666666665,Nuevos o bajo desarrollo
YS51BZ2QO8,2021-02-25 10:43:00,2021-02-25 10:51:00,Servicios,Logística,Fusagasugá,1,2048575,762750,3,3.0,33,3,2021-05-01,11,11.0,0,3,5,5,4.333333333333333,Estándar
YSHHRZU6FO,2021-01-27 16:09:00,2021-01-27 17:06:00,Reparación y limpieza,Automotriz y autopartes,Bogotá  D.C.,1,2249000,500000,4,4.0,4,4,2021-05-01,1,1.0,0,3,2,5,3.3333333333333335,Estándar
YST7FS1G50,2021-03-24 11:19:00,2021-03-24 11:28:00,Comercio detallista,Tecnología,Chía,1,327000,0,2,2.0,4,3,2021-05-01,1,1.3333333333333333,0,2,2,5,3.0,Nuevos o bajo desarrollo
YTP7FKRVDC,2021-03-09 16:52:00,2021-03-09 17:01:00,Reparación y limpieza,Automotriz y autopartes,Bogotá  D.C.,1,3000,0,2,2.0,3,1,2021-03-01,0,3.0,2,1,1,3,1.6666666666666667,Estándar
YTSHI2EJDB,2020-10-26 16:51:00,2021-03-19 10:57:00,Transporte,Servicio especial,Bogotá  D.C.,1,815600,112000,7,2.0,11,3,2021-05-01,6,3.6666666666666665,0,2,3,5,3.3333333333333335,Estándar
YTSRUO7I6W,2021-03-29 15:15:00,2021-03-29 15:23:00,Belleza y cuidado personal,Distribuidora,Bogotá  D.C.,1,4000,0,2,2.0,3,2,2021-04-01,0,1.5,1,1,1,4,2.0,Nuevos o bajo desarrollo
YULPQMZ8TG,2021-03-03 18:39:00,2021-03-03 18:49:00,Alimentos y bebidas,Comida rápida,Bogotá  D.C.,1,14159700,2409200,2,2.0,242,3,2021-05-01,112,80.66666666666667,0,5,5,5,5.0,Alto valor
YVIJPP1A0G,2021-01-05 16:19:00,2021-01-05 16:58:00,Comercio detallista,Materiales de construcción,Soacha,2,63047850,5683850,4,4.0,113,5,2021-05-01,24,22.6,0,5,5,5,5.0,Alto valor
YW56SLG74Q,2021-03-10 12:53:00,2021-03-10 13:04:00,Comercio detallista,Elementos de seguridad,Bogotá  D.C.,1,2000,0,2,2.0,1,1,2021-03-01,0,1.0,2,1,1,3,1.6666666666666667,Estándar
YWE7C0UBK3,2021-03-30 09:00:00,2021-03-30 09:15:00,Reparación y limpieza,Reparaciones locativas,Mosquera,1,803000,0,2,2.0,3,2,2021-05-01,2,1.5,0,2,1,5,2.6666666666666665,Nuevos o bajo desarrollo
YWJ37ML1TD,2021-03-20 16:33:00,2021-03-20 16:48:00,Comercio detallista,Joyería,Bogotá  D.C.,1,2000,0,2,2.0,1,1,2021-03-01,0,1.0,2,1,1,3,1.6666666666666667,Estándar
YX2CP1KAKJ,2021-03-31 17:44:00,2021-03-31 17:58:00,Comercio detallista,Tecnología,Bogotá  D.C.,1,502000,0,2,2.0,2,2,2021-04-01,0,1.0,1,2,1,4,2.3333333333333335,Nuevos o bajo desarrollo
YX54ZUYTVN,2021-03-17 13:38:00,2021-03-17 13:47:00,Alimentos y bebidas,Comida rápida,Bogotá  D.C.,1,1158900,349100,2,2.0,31,3,2021-05-01,12,10.333333333333334,0,3,5,5,4.333333333333333,Estándar
YX9B4HMDBS,2021-03-30 15:11:00,2021-03-30 15:19:00,Comercio detallista,Libros / Papelería,Bogotá  D.C.,1,402000,44500,2,2.0,6,3,2021-05-01,3,2.0,0,2,2,5,3.0,Nuevos o bajo desarrollo
YXRHFFOBWR,2021-03-26 16:58:00,2021-03-26 17:16:00,Comercio detallista,Artesanías,Bogotá  D.C.,1,2000,0,2,2.0,1,1,2021-03-01,0,1.0,2,1,1,3,1.6666666666666667,Estándar
YZKJUJMRRS,2021-02-19 13:39:00,2021-02-19 13:55:00,Comercio detallista,Joyería,Bogotá  D.C.,1,2000,0,3,3.0,1,1,2021-02-01,0,1.0,3,1,1,2,1.3333333333333333,Baja actividad
Z00II9DC9C,2021-03-23 17:47:00,2021-03-23 18:03:00,Comercio detallista,Tecnología,Bogotá  D.C.,1,3532700,720000,2,2.0,44,3,2021-05-01,22,14.666666666666666,0,4,5,5,4.666666666666667,Alto valor
Z0F8HR2P4S,2021-03-12 12:12:00,2021-03-12 12:22:00,Comercio detallista,Tecnología,Bogotá  D.C.,1,1732650,775600,2,2.0,12,3,2021-05-01,1,4.0,0,3,3,5,3.6666666666666665,Estándar
Z129T93NCH,2021-02-03 15:56:00,2021-02-03 16:07:00,Reparación y limpieza,Reparaciones locativas,Soacha,1,3000,0,3,3.0,1,1,2021-02-01,0,1.0,3,1,1,2,1.3333333333333333,Baja actividad
Z1D228WYUZ,2021-02-24 10:51:00,2021-02-24 11:10:00,Comercio detallista,Ropa / Accesorios,Bogotá  D.C.,1,7052000,1380000,3,3.0,79,4,2021-05-01,39,19.75,0,5,5,5,5.0,Alto valor
Z1FK6324NE,2021-03-23 19:42:00,2021-03-23 19:55:00,Alimentos y bebidas,Restaurante / Café,Bogotá  D.C.,1,2177100,375500,2,2.0,75,3,2021-05-01,37,25.0,0,3,5,5,4.333333333333333,Estándar
Z2C6DLKBWI,2021-02-12 14:17:00,2021-02-12 14:28:00,Comercio detallista,Óptica,Bogotá  D.C.,1,1211000,355000,3,3.0,5,3,2021-05-01,1,1.6666666666666667,0,3,2,5,3.3333333333333335,Estándar
Z3O15P78Z5,2021-03-12 17:47:00,2021-03-12 18:05:00,Comercio detallista,Ropa / Accesorios,Bogotá  D.C.,1,1515000,55000,2,2.0,11,3,2021-05-01,5,3.6666666666666665,0,3,3,5,3.6666666666666665,Estándar
Z4ZCNNLXF8,2021-03-03 16:46:00,2021-03-03 17:05:00,Comercio detallista,Ropa / Accesorios,Bogotá  D.C.,1,872000,233000,2,2.0,14,3,2021-05-01,2,4.666666666666667,0,2,3,5,3.3333333333333335,Estándar
Z571L6N2W8,2021-02-16 09:55:00,2021-02-16 10:14:00,Alimentos y bebidas,Comida rápida,Bogotá  D.C.,1,48966,0,3,3.0,4,2,2021-03-01,0,2.0,2,1,2,3,2.0,Estándar
Z59D5W5TCY,2021-03-24 11:43:00,2021-03-24 11:50:00,Servicios,Otro,Bogotá  D.C.,1,1000,0,2,2.0,1,1,2021-03-01,0,1.0,2,1,1,3,1.6666666666666667,Estándar
Z5B4SX8UZ2,2021-03-20 15:39:00,2021-03-20 15:51:00,Educación,Otro,Palmira,1,260000,0,2,2.0,5,2,2021-05-01,4,2.5,0,2,2,5,3.0,Nuevos o bajo desarrollo
Z69GDH0RJE,2021-01-29 12:02:00,2021-01-29 12:12:00,Alimentos y bebidas,Restaurante / Café,Bogotá  D.C.,1,3824000,590000,4,4.0,122,5,2021-05-01,61,24.4,0,4,5,5,4.666666666666667,Alto valor
Z9D30GYQ9H,2021-03-31 11:40:00,2021-03-31 11:59:00,Comercio detallista,Electrodomésticos,Bogotá  D.C.,1,312000,125000,2,2.0,5,2,2021-04-01,0,2.5,1,2,2,4,2.6666666666666665,Nuevos o bajo desarrollo
Z9SU0UEELO,2021-03-04 19:00:00,2021-03-23 14:30:00,Servicios,Terapias,Barranquilla,1,1291725,120000,2,2.0,5,3,2021-05-01,3,1.6666666666666667,0,3,2,5,3.3333333333333335,Estándar
Z9X2BHJLNN,2021-03-23 11:04:00,2021-03-23 11:14:00,Belleza y cuidado personal,Spa,Bogotá  D.C.,1,1620939,250700,2,2.0,21,3,2021-05-01,12,7.0,0,3,4,5,4.0,Estándar
ZA49U1KODK,2021-02-19 20:31:00,2021-02-19 21:39:00,Alimentos y bebidas,Licores,Bogotá  D.C.,1,1297000,0,3,3.0,15,4,2021-05-01,4,3.75,0,3,4,5,4.0,Estándar
ZA4D6UBFVI,2021-01-30 19:37:00,2021-02-15 15:38:00,Comercio detallista,Tecnología,Bogotá  D.C.,1,1565300,0,4,3.0,13,4,2021-05-01,6,3.25,0,3,3,5,3.6666666666666665,Estándar
ZAHXY5PGFX,2021-03-11 10:28:00,2021-03-11 10:45:00,Comercio detallista,Tecnología,Sibaté,1,8107000,3110000,2,2.0,20,3,2021-05-01,10,6.666666666666667,0,5,4,5,4.666666666666667,Alto valor
ZAMJKVYZC7,2021-03-11 13:59:00,2021-03-11 14:14:00,Comercio detallista,Elementos del hogar,Bogotá  D.C.,1,1591000,0,2,2.0,7,3,2021-05-01,2,2.3333333333333335,0,3,2,5,3.3333333333333335,Estándar
ZAWXXY7B81,2021-02-02 14:54:00,2021-02-02 15:03:00,Comercio detallista,Óptica,Bogotá  D.C.,1,10966000,1670000,3,3.0,35,4,2021-05-01,9,8.75,0,5,5,5,5.0,Alto valor
ZBB5JOFDMW,2021-03-11 13:34:00,2021-03-11 13:46:00,Comercio detallista,Tecnología,Bogotá  D.C.,1,66773400,9345000,2,2.0,211,3,2021-05-01,72,70.33333333333333,0,5,5,5,5.0,Alto valor
ZBF22WG31Q,2021-02-18 12:14:00,2021-02-18 12:23:00,Comercio detallista,Otro,Bogotá  D.C.,1,6910250,42000,3,3.0,26,4,2021-05-01,9,6.5,0,5,4,5,4.666666666666667,Alto valor
ZBK5AGY1CD,2021-03-26 16:11:00,2021-03-26 16:34:00,Comercio detallista,Elementos de seguridad,Bogotá  D.C.,1,22561500,6018000,2,2.0,15,3,2021-05-01,9,5.0,0,5,4,5,4.666666666666667,Alto valor
ZBVYZY5XJQ,2021-02-08 15:30:00,2021-02-08 15:38:00,Comercio detallista,Óptica,Bogotá  D.C.,1,9842200,1490000,3,3.0,30,4,2021-05-01,5,7.5,0,5,5,5,5.0,Alto valor
ZC6JPHH49U,2021-03-15 20:11:00,2021-03-15 20:21:00,Comercio detallista,Ropa / Accesorios,Bogotá  D.C.,1,152000,0,2,2.0,3,2,2021-04-01,0,1.5,1,1,1,4,2.0,Nuevos o bajo desarrollo
ZCIJBF2CQL,2021-03-26 12:10:00,2021-03-26 12:20:00,Servicios,Tecnología y software,Bogotá  D.C.,1,5551200,1438000,2,2.0,5,3,2021-05-01,2,1.6666666666666667,0,4,2,5,3.6666666666666665,Estándar
ZCQD4UE8XE,2021-02-15 13:35:00,2021-02-15 13:49:00,Comercio detallista,Óptica,Bogotá  D.C.,1,22000,0,3,3.0,1,1,2021-02-01,0,1.0,3,1,1,2,1.3333333333333333,Baja actividad
ZDHH0NUPES,2021-03-29 14:26:00,2021-03-29 14:50:00,Comercio detallista,Óptica,Bogotá  D.C.,1,10404185,3408038,2,2.0,7,2,2021-04-01,0,3.5,1,5,2,4,3.6666666666666665,Estándar
ZDPI2WLHP6,2021-03-15 17:47:00,2021-03-15 18:04:00,Comercio detallista,Tecnología,Bogotá  D.C.,1,368000,0,2,2.0,4,2,2021-05-01,3,2.0,0,2,2,5,3.0,Nuevos o bajo desarrollo
ZDVKEEONBI,2021-03-24 14:46:00,2021-03-24 15:01:00,Comercio detallista,Ropa / Accesorios,Bogotá  D.C.,1,1546000,80000,2,2.0,9,3,2021-05-01,6,3.0,0,3,3,5,3.6666666666666665,Estándar
ZEAX8O77SE,2021-01-21 13:37:00,2021-01-21 13:48:00,Reparación y limpieza,Automotriz y autopartes,Bogotá  D.C.,1,2630500,383000,4,4.0,11,5,2021-05-01,2,2.2,0,4,3,5,4.0,Estándar
ZEF4EEUY2R,2021-03-10 12:37:00,2021-03-10 12:46:00,Comercio detallista,Óptica,Fusagasugá,1,4646200,180000,2,2.0,9,1,2021-03-01,0,9.0,2,4,3,3,3.3333333333333335,Estándar
ZEVHP2QE8A,2021-03-17 18:09:00,2021-03-17 18:19:00,Comercio detallista,Auto partes,Bogotá  D.C.,1,4000,0,2,2.0,1,1,2021-03-01,0,1.0,2,1,1,3,1.6666666666666667,Estándar
ZEXJY3AECY,2021-03-11 11:51:00,2021-03-11 12:00:00,Servicios,Contabilidad / Asesorías,Sibaté,1,788090,780000,2,2.0,4,1,2021-03-01,0,4.0,2,2,2,3,2.3333333333333335,Estándar
ZGEAKJUTQ1,2021-03-23 13:36:00,2021-03-23 13:55:00,Comercio detallista,Elementos del hogar,Bogotá  D.C.,1,694000,0,2,2.0,6,3,2021-05-01,1,2.0,0,2,2,5,3.0,Nuevos o bajo desarrollo
ZGKK4JFNWU,2021-01-28 16:17:00,2021-01-28 16:31:00,Comercio detallista,Tecnología,Soacha,1,32411000,2450000,4,4.0,79,5,2021-05-01,17,15.8,0,5,5,5,5.0,Alto valor
ZGSO7T5EII,2021-02-15 16:31:00,2021-02-27 19:59:00,Comercio detallista,Floristería,Bogotá  D.C.,1,371500,0,3,3.0,9,3,2021-04-01,0,3.0,1,2,3,4,3.0,Estándar
ZGZ2CSNUOQ,2021-02-02 11:13:00,2021-02-02 11:41:00,Comercio detallista,Joyería,Soacha,1,268000,0,3,3.0,4,3,2021-04-01,0,1.3333333333333333,1,2,2,4,2.6666666666666665,Nuevos o bajo desarrollo
ZHM67XIDFF,2021-03-13 13:46:00,2021-03-13 15:17:00,Servicios,Logística,Cali,1,11000,0,2,2.0,2,1,2021-03-01,0,2.0,2,1,1,3,1.6666666666666667,Estándar
ZHZKOSKU9C,2021-03-15 15:30:00,2021-03-15 15:41:00,Alimentos y bebidas,Repostería / Panadería,Bogotá  D.C.,1,2608750,1766750,2,2.0,12,3,2021-05-01,5,4.0,0,4,3,5,4.0,Estándar
ZI4YCV7JGR,2021-03-11 18:09:00,2021-03-11 18:18:00,Comercio detallista,Tienda de deportes,Bogotá  D.C.,1,790000,110000,2,2.0,5,3,2021-05-01,1,1.6666666666666667,0,2,2,5,3.0,Nuevos o bajo desarrollo
ZIOTHUFM75,2021-03-29 12:58:00,2021-03-29 13:09:00,Comercio detallista,Tecnología,Bogotá  D.C.,1,1469700,0,2,2.0,25,3,2021-05-01,16,8.333333333333334,0,3,4,5,4.0,Estándar
ZIUB7VMXWG,2021-03-27 10:56:00,2021-03-27 11:02:00,Servicios,Otro,Bogotá  D.C.,1,920000,560000,2,2.0,5,2,2021-05-01,3,2.5,0,2,2,5,3.0,Nuevos o bajo desarrollo
ZJAHTW1B02,2021-02-05 12:54:00,2021-02-05 13:08:00,Comercio detallista,Otro,Bogotá  D.C.,1,2000,0,3,3.0,1,1,2021-02-01,0,1.0,3,1,1,2,1.3333333333333333,Baja actividad
ZJQ92E9QVS,2021-03-09 10:32:00,2021-03-09 10:44:00,Comercio detallista,Muebles / Decoración,Soacha,1,10915000,1025000,2,2.0,15,3,2021-05-01,4,5.0,0,5,4,5,4.666666666666667,Alto valor
ZKY57OCSDO,2021-02-26 12:10:00,2021-02-26 12:38:00,Servicios,Otro,Bogotá  D.C.,1,4729676,496746,3,3.0,16,4,2021-05-01,4,4.0,0,4,4,5,4.333333333333333,Alto valor
ZLGUJBEMT2,2021-03-30 12:37:00,2021-03-30 12:52:00,Reparación y limpieza,Automotriz y autopartes,Bogotá  D.C.,1,958000,0,2,2.0,5,3,2021-05-01,3,1.6666666666666667,0,2,2,5,3.0,Nuevos o bajo desarrollo
ZLM9CNX7YP,2020-12-29 17:24:00,2020-12-29 17:38:00,Servicios,Tecnología y software,Bogotá  D.C.,1,4843800,430000,5,5.0,61,6,2021-05-01,8,10.166666666666666,0,4,5,5,4.666666666666667,Alto valor
ZMJ7BCK0TN,2021-02-23 16:41:00,2021-02-23 16:52:00,Comercio detallista,Elementos de seguridad,Bogotá  D.C.,2,2000,0,3,3.0,1,1,2021-02-01,0,1.0,3,1,1,2,1.3333333333333333,Baja actividad
ZMQY02XFF3,2021-03-09 14:39:00,2021-03-09 14:50:00,Comercio detallista,Tecnología,Bogotá  D.C.,1,3060000,168000,2,2.0,3,2,2021-04-01,0,1.5,1,4,1,4,3.0,Estándar
ZNIC0P4OFP,2021-03-13 13:47:00,2021-03-13 14:05:00,Transporte,Taxi,Cali,1,154000,0,2,2.0,4,2,2021-04-01,0,2.0,1,1,2,4,2.3333333333333335,Nuevos o bajo desarrollo
ZNJWIQ4U0G,2021-03-25 12:30:00,2021-03-25 12:39:00,Comercio detallista,Tienda de deportes,Bogotá  D.C.,1,5866350,530000,2,2.0,16,3,2021-05-01,10,5.333333333333333,0,4,4,5,4.333333333333333,Alto valor
ZNN47AMZMD,2021-02-22 12:51:00,2021-02-22 13:01:00,Comercio detallista,Óptica,Bogotá  D.C.,2,4000,0,3,3.0,2,1,2021-02-01,0,2.0,3,1,1,2,1.3333333333333333,Baja actividad
ZO9B0WTY8E,2021-03-08 17:02:00,2021-03-08 17:35:00,Comercio detallista,Ropa / Accesorios,Bogotá  D.C.,1,8884500,1026000,2,2.0,121,3,2021-05-01,49,40.333333333333336,0,5,5,5,5.0,Alto valor
ZOQ0I2MJK2,2021-03-29 19:01:00,2021-03-29 19:11:00,Comercio detallista,Ropa / Accesorios,Bogotá  D.C.,1,287000,80000,2,2.0,3,3,2021-05-01,1,1.0,0,2,1,5,2.6666666666666665,Nuevos o bajo desarrollo
ZPB17XYG2Z,2021-03-23 16:32:00,2021-05-05 19:13:00,Belleza y cuidado personal,Distribuidora,Cali,1,1291400,424200,2,0.0,10,2,2021-05-01,9,5.0,0,3,3,5,3.6666666666666665,Estándar
ZPC5CF859W,2021-03-15 12:31:00,2021-03-15 12:41:00,Comercio detallista,Muebles / Decoración,Bogotá  D.C.,1,9884000,0,2,2.0,12,3,2021-05-01,3,4.0,0,5,3,5,4.333333333333333,Estándar
ZPOT3JTLHN,2021-03-16 14:15:00,2021-03-16 15:01:00,Comercio detallista,Ropa / Accesorios,Bogotá  D.C.,1,5495000,1351000,2,2.0,53,3,2021-05-01,32,17.666666666666668,0,4,5,5,4.666666666666667,Alto valor
ZRB0I7JJ4E,2021-03-30 11:24:00,2021-03-30 11:42:00,Alimentos y bebidas,Comida rápida,Chaparral,1,261700,67000,2,2.0,8,3,2021-05-01,2,2.6666666666666665,0,2,3,5,3.3333333333333335,Estándar
ZRJM2QVL7X,2021-03-09 20:46:00,2021-03-09 21:01:00,Servicios,Medicina / Odontología,Bogotá  D.C.,1,4972000,4970000,2,2.0,1,1,2021-03-01,0,1.0,2,4,1,3,2.6666666666666665,Estándar
ZRJMIVF5GT,2021-03-23 18:51:00,2021-03-23 19:14:00,Alimentos y bebidas,Comida rápida,Sibaté,1,385600,24000,2,2.0,14,3,2021-05-01,9,4.666666666666667,0,2,3,5,3.3333333333333335,Estándar
ZSFL7XYBEZ,2021-03-11 11:30:00,2021-03-11 11:47:00,Servicios,Tecnología y software,Bogotá  D.C.,1,23417000,2778000,2,2.0,12,2,2021-04-01,0,6.0,1,5,3,4,4.0,Estándar
ZUSO0MAMMO,2021-03-04 13:50:00,2021-03-04 14:01:00,Comercio detallista,Otro,Bogotá  D.C.,1,5173550,2190850,2,2.0,7,3,2021-05-01,2,2.3333333333333335,0,4,2,5,3.6666666666666665,Estándar
ZUVYWC1NQK,2021-02-02 15:29:00,2021-02-02 15:50:00,Comercio detallista,Óptica,Bogotá  D.C.,1,724000,0,3,3.0,6,3,2021-05-01,1,2.0,0,2,2,5,3.0,Nuevos o bajo desarrollo
ZV20DQ8N4J,2021-03-04 15:00:00,2021-03-04 15:33:00,Transporte,Taxi,Cali,1,1000,0,2,2.0,1,1,2021-03-01,0,1.0,2,1,1,3,1.6666666666666667,Estándar
ZVRIRFKFLJ,2021-02-19 17:55:00,2021-02-19 18:26:00,Transporte,Servicio especial,Cali,1,1000,0,3,3.0,1,1,2021-02-01,0,1.0,3,1,1,2,1.3333333333333333,Baja actividad
ZWIHNBQTQC,2021-02-18 14:28:00,2021-02-18 14:40:00,Comercio detallista,Otro,Bogotá  D.C.,1,11100750,325000,3,3.0,30,4,2021-05-01,11,7.5,0,5,5,5,5.0,Alto valor
ZX8KS20YN5,2021-03-12 16:29:00,2021-03-12 16:44:00,Comercio detallista,Tecnología,Bogotá  D.C.,1,1167200,50000,2,2.0,17,3,2021-05-01,6,5.666666666666667,0,3,4,5,4.0,Estándar
ZYDPQ947UN,2021-03-30 17:15:00,2021-03-30 17:32:00,Comercio detallista,Ropa / Accesorios,Bogotá  D.C.,1,3054000,797000,2,2.0,21,3,2021-05-01,12,7.0,0,4,4,5,4.333333333333333,Alto valor
ZYEFCCJOEZ,2021-03-16 15:43:00,2021-03-16 15:55:00,Comercio detallista,Otro,Bogotá  D.C.,1,3158000,0,2,2.0,3,2,2021-05-01,1,1.5,0,4,1,5,3.3333333333333335,Estándar
ZYU8UUM32R,2021-03-11 11:14:00,2021-03-11 11:30:00,Comercio detallista,Tecnología,Bogotá  D.C.,1,26110920,4912000,2,2.0,18,3,2021-05-01,9,6.0,0,5,4,5,4.666666666666667,Alto valor
ZYV1ZCZ7IM,2021-03-25 14:36:00,2021-03-25 14:47:00,Servicios,Tecnología y software,Bogotá  D.C.,1,4400500,491000,2,2.0,11,3,2021-05-01,4,3.6666666666666665,0,4,3,5,4.0,Estándar
ZZJ3KWF9VC,2021-03-19 16:00:00,2021-03-19 16:12:00,Alimentos y bebidas,Restaurante / Café,Bogotá  D.C.,1,65100,20000,2,2.0,5,2,2021-05-01,3,2.5,0,1,2,5,2.6666666666666665,Nuevos o bajo desarrollo
ZZMG2NE0Q6,2021-03-12 10:49:00,2021-03-12 11:06:00,Comercio detallista,Elementos de seguridad,Bogotá  D.C.,1,300000,149000,2,2.0,4,3,2021-05-01,1,1.3333333333333333,0,2,2,5,3.0,Nuevos o bajo desarrollo
ZZWN25XK8J,2021-03-11 15:16:00,2021-03-13 17:27:00,Alimentos y bebidas,Restaurante / Café,Choachí,1,1275000,186500,2,2.0,50,3,2021-05-01,18,16.666666666666668,0,3,5,5,4.333333333333333,Estándar
